machine_id,day,vibration,temperature,pressure,load,failure
0,0,2.078,62.12,4.92,0.928,0
0,1,1.937,59.11,4.78,0.802,0
0,2,2.029,60.0,4.658,0.664,0
0,3,1.934,60.34,4.828,0.852,0
0,4,1.918,60.59,4.92,0.748,0
0,5,1.774,62.71,4.92,0.939,0
0,6,2.018,61.26,4.889,0.745,0
0,7,1.906,60.94,4.861,0.752,0
0,8,2.142,62.03,4.775,0.776,0
0,9,1.993,61.81,4.976,0.72,0
0,10,1.943,60.9,4.942,0.828,0
0,11,1.941,62.54,4.972,0.857,0
0,12,2.007,61.54,4.777,0.787,0
0,13,1.873,60.3,5.131,0.649,0
0,14,1.982,61.06,4.976,0.836,0
0,15,1.851,62.35,4.82,0.973,0
0,16,1.991,57.89,4.792,0.606,0
0,17,2.123,59.88,4.983,0.745,0
0,18,2.001,61.88,4.888,0.981,0
0,19,1.892,60.64,4.776,0.832,0
0,20,1.907,60.8,4.847,0.808,0
0,21,1.805,61.41,5.068,0.989,0
0,22,1.795,61.7,4.839,0.936,0
0,23,1.9,61.47,4.848,0.786,0
0,24,1.937,62.15,4.898,0.926,0
0,25,1.992,62.13,5.019,0.966,0
0,26,2.157,62.24,4.887,0.827,0
0,27,1.947,63.69,4.775,0.975,0
0,28,2.239,58.88,4.73,0.616,0
0,29,1.77,58.09,4.925,0.645,0
0,30,1.79,61.61,4.801,0.907,0
0,31,1.87,60.87,4.798,0.864,0
0,32,2.069,64.12,4.758,0.957,0
0,33,1.95,61.61,4.889,0.752,0
0,34,1.69,60.86,4.7,0.865,0
0,35,2.028,59.59,4.802,0.732,0
0,36,2.027,62.61,4.951,0.905,0
0,37,2.186,59.44,4.881,0.723,0
0,38,1.954,62.47,4.932,0.884,0
0,39,1.863,59.88,4.876,0.626,0
0,40,1.942,61.77,4.711,0.959,0
0,41,2.043,62.49,4.867,0.976,0
0,42,2.02,61.27,4.827,0.903,0
0,43,1.863,61.27,4.978,0.817,0
0,44,1.791,60.74,4.804,0.755,0
0,45,1.984,61.66,4.908,0.968,0
0,46,1.993,60.32,4.784,0.676,0
0,47,1.897,61.9,5.041,0.726,0
0,48,1.946,60.93,4.891,0.967,0
0,49,1.96,60.8,4.866,0.671,0
0,50,2.067,60.69,4.936,0.713,0
0,51,2.095,58.58,4.745,0.672,0
0,52,1.982,59.93,4.949,0.683,0
0,53,2.03,60.09,4.77,0.627,0
0,54,2.203,61.35,4.935,0.883,0
0,55,1.824,61.32,4.864,0.666,0
0,56,2.068,60.74,4.845,0.637,0
0,57,2.163,62.14,4.693,0.857,0
0,58,2.0,60.63,5.135,0.868,0
0,59,1.794,62.07,4.979,0.983,0
0,60,1.971,61.05,4.875,0.825,0
0,61,1.854,60.3,4.968,0.63,0
0,62,2.176,61.46,5.029,0.9,0
0,63,2.137,61.65,4.939,0.871,0
0,64,2.194,60.4,4.874,0.787,0
0,65,2.042,63.18,4.726,0.914,0
0,66,1.93,61.07,4.936,0.866,0
0,67,1.777,63.1,4.845,0.772,0
0,68,2.34,60.08,4.721,0.751,0
0,69,2.166,61.79,4.78,0.725,0
0,70,2.136,61.0,4.979,0.907,0
0,71,2.265,62.91,4.834,0.908,0
0,72,2.046,60.74,4.762,0.698,0
0,73,2.04,61.01,4.866,0.852,0
0,74,2.153,61.18,4.897,0.769,0
0,75,1.981,61.67,4.871,0.795,0
0,76,2.019,58.81,4.881,0.703,0
0,77,1.918,60.34,4.816,0.655,0
0,78,2.13,61.28,4.827,0.79,0
0,79,2.11,62.16,4.804,0.847,0
0,80,1.843,62.45,4.986,0.867,0
0,81,2.048,59.91,4.906,0.954,0
0,82,2.016,62.06,5.043,0.845,0
0,83,1.969,61.98,4.907,0.805,0
0,84,2.183,61.73,4.974,0.735,0
0,85,1.829,61.59,4.86,0.711,0
0,86,1.947,58.68,4.832,0.698,0
0,87,2.191,58.24,4.853,0.707,0
0,88,2.128,62.0,4.942,0.82,0
0,89,2.06,61.85,4.882,0.852,0
0,90,2.059,61.12,4.939,0.751,0
0,91,1.989,59.38,4.964,0.682,0
0,92,2.053,62.25,4.769,0.722,0
0,93,2.129,60.02,4.867,0.686,0
0,94,1.997,60.29,4.98,0.65,0
0,95,2.324,62.4,4.76,0.947,0
0,96,1.879,63.07,4.782,0.925,0
0,97,2.172,59.94,4.82,0.661,0
0,98,2.046,61.62,4.926,0.828,0
0,99,2.244,61.55,4.926,0.796,0
0,100,2.176,62.13,4.804,0.761,0
0,101,1.801,63.1,4.834,0.927,0
0,102,2.161,60.57,4.82,0.733,0
0,103,2.145,62.88,5.05,0.81,0
0,104,2.032,60.88,4.652,0.647,0
0,105,2.063,61.55,4.797,0.782,0
0,106,2.409,62.38,4.921,0.687,0
0,107,2.07,61.43,4.806,0.732,0
0,108,2.105,62.52,4.902,0.967,0
0,109,2.158,62.93,5.003,0.974,0
0,110,1.826,60.21,4.795,0.652,0
0,111,2.236,62.51,4.779,0.967,0
0,112,1.9,61.58,4.883,0.871,0
0,113,2.013,62.07,4.723,0.997,0
0,114,2.111,61.95,4.855,0.762,0
0,115,2.191,62.86,4.697,0.902,0
0,116,2.379,61.48,4.721,0.722,0
0,117,2.15,61.69,4.896,0.879,0
0,118,1.989,60.82,4.756,0.701,0
0,119,1.995,62.05,4.791,0.988,0
0,120,2.116,61.3,4.791,0.996,0
0,121,2.241,60.91,4.72,0.731,0
0,122,3.567,61.82,4.776,0.628,0
0,123,2.2,64.24,4.787,0.984,0
0,124,2.35,61.11,4.916,0.61,0
0,125,2.197,61.71,5.011,0.733,0
0,126,2.096,61.7,4.804,0.704,0
0,127,2.295,61.95,4.807,0.956,0
0,128,2.336,63.53,5.032,0.671,0
0,129,2.4,60.23,4.935,0.725,0
0,130,2.213,63.64,4.832,0.948,0
0,131,2.277,61.08,4.835,0.618,0
0,132,2.22,62.92,4.946,0.981,0
0,133,2.365,62.49,4.696,0.892,0
0,134,2.242,62.7,4.76,0.788,0
0,135,2.193,61.5,4.768,0.701,0
0,136,2.366,61.88,5.05,0.669,0
0,137,2.443,60.86,4.726,0.921,0
0,138,2.261,63.5,4.813,0.923,0
0,139,2.34,60.93,4.731,0.639,0
0,140,2.194,63.76,4.921,0.988,0
0,141,2.287,62.7,4.784,0.716,0
0,142,2.358,61.19,4.863,0.705,0
0,143,2.511,62.94,4.994,0.866,0
0,144,2.219,61.77,4.787,0.724,0
0,145,2.101,60.59,4.793,0.655,0
0,146,1.905,60.53,4.974,0.685,0
0,147,2.165,62.86,4.871,0.922,0
0,148,2.303,61.69,4.896,0.756,0
0,149,2.349,63.04,4.734,0.997,0
0,150,2.392,61.64,4.724,0.888,0
0,151,2.355,62.65,4.774,0.727,0
0,152,2.337,61.86,4.858,0.842,0
0,153,4.144,61.03,4.715,0.722,0
0,154,2.187,63.13,4.826,0.984,0
0,155,2.234,62.51,4.821,0.958,0
0,156,2.288,61.11,5.011,0.719,0
0,157,2.357,62.42,4.785,0.784,0
0,158,2.182,60.8,4.685,0.623,0
0,159,2.3,63.86,4.84,0.973,0
0,160,2.086,64.3,4.806,0.904,0
0,161,2.143,62.41,4.724,0.621,0
0,162,2.41,62.77,4.668,0.763,0
0,163,2.18,64.53,5.046,0.985,0
0,164,2.169,61.34,4.804,0.804,0
0,165,2.136,61.37,4.782,0.651,0
0,166,2.021,62.2,4.851,0.92,0
0,167,2.346,62.82,4.771,0.966,0
0,168,2.226,61.95,4.757,0.683,0
0,169,1.998,61.72,4.708,0.702,0
0,170,2.212,64.4,4.909,0.967,0
0,171,2.414,61.67,4.811,0.891,0
0,172,5.068,62.86,4.889,0.714,0
0,173,2.247,63.35,4.964,0.839,0
0,174,2.119,64.39,4.811,0.895,0
0,175,2.205,62.29,4.814,0.813,0
0,176,2.519,64.29,4.63,0.975,0
0,177,2.264,62.32,4.927,0.91,0
0,178,2.375,59.89,4.713,0.757,0
0,179,2.255,60.87,4.982,0.697,0
0,180,2.227,63.72,4.729,0.848,0
0,181,2.388,61.7,5.059,0.655,0
0,182,2.451,64.07,4.902,0.883,0
0,183,2.433,64.83,4.816,0.924,0
0,184,2.174,61.55,4.932,0.847,0
0,185,2.506,61.63,4.752,0.635,0
0,186,2.6,60.46,4.797,0.705,0
0,187,2.482,61.5,4.88,0.855,0
0,188,2.257,63.14,4.923,0.825,0
0,189,2.644,63.75,4.745,0.957,0
0,190,2.576,63.03,4.665,0.745,0
0,191,2.523,62.92,4.801,0.745,0
0,192,2.2,62.18,4.712,0.899,0
0,193,2.459,66.03,4.611,0.994,0
0,194,2.658,62.06,4.644,0.721,0
0,195,2.26,63.81,4.816,0.864,0
0,196,2.366,62.34,4.699,0.636,0
0,197,2.092,65.9,4.642,0.859,0
0,198,2.253,63.1,4.681,0.719,0
0,199,2.297,64.13,4.91,0.747,0
0,200,2.106,61.3,4.76,0.803,0
0,201,2.636,62.98,4.87,0.804,0
0,202,2.406,61.24,4.759,0.722,0
0,203,2.282,62.66,4.891,0.941,0
0,204,2.702,63.54,4.712,0.763,0
0,205,2.376,61.85,4.572,0.664,0
0,206,2.483,63.45,4.601,0.784,0
0,207,2.603,62.66,4.887,0.783,0
0,208,2.876,63.74,4.637,0.641,0
0,209,2.381,63.16,4.761,0.726,0
0,210,2.535,60.72,4.61,0.711,0
0,211,2.346,62.39,4.683,0.724,0
0,212,2.376,64.23,4.722,0.921,0
0,213,2.494,62.0,4.639,0.736,0
0,214,2.465,63.77,4.607,0.918,0
0,215,2.759,62.29,4.798,0.675,0
0,216,2.606,63.03,4.852,0.625,0
0,217,2.451,62.03,4.739,0.609,0
0,218,2.67,62.32,4.712,0.689,0
0,219,3.009,61.85,4.822,0.863,0
0,220,2.595,64.33,4.698,0.706,0
0,221,2.435,64.03,4.588,0.753,0
0,222,2.411,62.4,4.875,0.708,0
0,223,2.824,63.35,4.623,0.729,0
0,224,2.604,63.5,4.652,0.824,0
0,225,2.537,63.97,4.775,0.752,0
0,226,2.415,63.95,4.658,0.733,0
0,227,2.953,64.14,4.669,0.783,0
0,228,2.602,60.72,4.687,0.663,0
0,229,2.624,64.05,4.587,0.863,0
0,230,2.528,62.32,4.813,0.677,0
0,231,2.302,62.82,4.598,0.813,0
0,232,2.51,64.81,4.741,0.978,0
0,233,2.561,63.02,4.604,0.706,0
0,234,2.835,64.3,4.716,0.991,0
0,235,2.607,62.39,4.639,0.675,0
0,236,2.709,65.56,4.721,0.87,0
0,237,2.647,62.38,4.78,0.936,0
0,238,2.751,62.26,4.598,0.767,0
0,239,2.571,64.61,4.808,0.953,0
0,240,2.824,62.31,4.514,0.8,0
0,241,2.727,61.43,4.736,0.762,0
0,242,2.511,62.09,4.684,0.682,0
0,243,2.583,65.4,4.48,0.989,0
0,244,2.88,63.14,4.788,0.627,0
0,245,2.954,64.26,4.689,0.839,0
0,246,2.848,65.21,4.706,0.962,1
0,247,2.101,59.52,5.005,0.681,0
0,248,1.861,61.1,5.142,0.937,0
0,249,2.179,63.58,4.847,0.96,0
0,250,2.174,60.19,4.901,0.827,0
0,251,2.342,62.15,4.853,0.996,0
0,252,2.056,61.31,4.868,0.638,0
0,253,1.943,59.69,4.946,0.723,0
0,254,2.061,61.48,4.962,0.744,0
0,255,1.841,58.95,5.019,0.831,0
0,256,1.827,61.37,4.953,0.935,0
0,257,2.102,59.85,4.762,0.633,0
0,258,2.212,59.97,5.016,0.717,0
0,259,2.285,60.9,4.926,0.743,0
0,260,1.879,62.01,4.796,0.856,0
0,261,2.028,62.08,4.816,0.987,0
0,262,1.96,61.77,4.79,0.885,0
0,263,3.287,60.77,4.816,0.708,0
0,264,1.839,61.59,4.943,0.733,0
0,265,2.11,62.1,4.95,0.901,0
0,266,2.263,60.94,5.008,0.808,0
0,267,1.813,61.32,4.875,0.966,0
0,268,2.058,61.45,5.086,0.755,0
0,269,2.002,59.75,4.672,0.626,0
0,270,2.228,60.21,5.006,0.614,0
0,271,1.997,60.52,4.903,0.721,0
0,272,2.058,60.52,4.852,0.854,0
0,273,2.308,61.63,4.946,0.666,0
0,274,2.054,62.0,5.041,0.897,0
0,275,1.859,62.62,4.866,0.747,0
0,276,1.958,58.7,4.912,0.626,0
0,277,1.899,62.64,5.049,0.959,0
0,278,1.869,61.04,4.792,0.803,0
0,279,1.975,59.04,4.955,0.703,0
0,280,1.85,60.14,5.048,0.753,0
0,281,1.939,60.69,4.896,0.977,0
0,282,2.005,60.88,4.972,0.637,0
0,283,2.114,59.85,4.891,0.753,0
0,284,1.937,60.36,4.76,0.663,0
0,285,1.709,61.3,4.894,0.906,0
0,286,1.999,59.76,4.961,0.684,0
0,287,2.122,59.4,4.874,0.744,0
0,288,2.223,62.88,4.903,0.867,0
0,289,2.073,61.95,4.817,0.684,0
0,290,2.172,62.75,4.76,0.8,0
0,291,2.153,61.04,4.827,0.708,0
0,292,1.877,60.43,4.912,0.756,0
0,293,2.158,63.21,4.917,0.996,0
0,294,2.006,61.09,4.83,0.951,0
0,295,1.992,61.44,4.744,0.898,0
0,296,1.95,61.75,4.722,0.99,0
0,297,2.0,61.32,4.96,0.934,0
0,298,2.107,63.62,4.797,0.788,0
0,299,1.733,62.16,4.834,0.887,0
0,300,2.304,60.88,4.951,0.66,0
0,301,1.932,63.21,4.706,0.83,0
0,302,2.039,63.13,4.916,0.936,0
0,303,1.84,63.19,4.856,0.893,0
0,304,2.087,61.56,4.943,0.984,0
0,305,2.136,61.59,4.963,0.635,0
0,306,2.26,63.72,4.739,0.976,0
0,307,1.896,62.54,4.892,0.815,0
0,308,2.225,62.06,5.006,0.71,0
0,309,1.954,59.77,4.787,0.73,0
0,310,2.142,62.8,4.753,0.963,0
0,311,2.077,60.63,4.795,0.792,0
0,312,2.066,60.57,4.675,0.805,0
0,313,2.022,61.79,4.955,0.719,0
0,314,1.964,60.84,4.675,0.762,0
0,315,2.278,63.7,4.693,0.988,0
0,316,1.853,63.68,4.835,0.958,0
0,317,2.21,63.73,4.594,0.906,0
0,318,1.945,63.21,4.711,0.942,0
0,319,2.04,62.96,4.599,0.899,0
0,320,2.446,60.13,4.683,0.604,0
0,321,2.07,62.16,4.887,0.798,0
0,322,2.284,63.03,4.931,0.735,0
0,323,2.208,63.05,4.674,0.894,0
0,324,2.303,64.55,4.715,0.896,0
0,325,2.224,62.85,4.658,0.86,0
0,326,2.172,61.83,4.744,0.608,0
0,327,2.418,60.43,4.718,0.67,0
0,328,2.348,63.48,4.638,0.861,0
0,329,2.125,64.57,4.73,0.879,0
0,330,2.267,63.99,4.694,0.959,0
0,331,1.963,62.14,4.86,0.61,0
0,332,2.171,62.36,4.652,0.779,0
0,333,2.275,62.66,4.786,0.75,0
0,334,2.519,63.82,4.707,0.956,0
0,335,2.632,63.47,4.787,0.777,0
0,336,2.341,62.91,4.614,0.786,0
0,337,2.458,65.24,4.818,0.661,0
0,338,2.259,65.32,4.791,0.983,0
0,339,2.136,62.59,4.586,0.756,0
0,340,2.13,63.27,4.696,0.753,0
0,341,2.449,63.72,4.685,0.806,0
0,342,2.377,62.89,4.561,0.764,0
0,343,2.096,62.74,4.653,0.82,0
0,344,2.413,62.51,4.73,0.687,0
0,345,2.301,63.52,4.711,0.953,0
0,346,2.747,62.6,4.726,0.664,0
0,347,2.591,63.12,4.611,0.735,0
0,348,2.386,62.99,4.662,0.889,0
0,349,2.587,65.4,4.845,0.883,0
0,350,2.466,64.16,4.596,0.803,0
0,351,2.424,62.67,4.742,0.866,0
0,352,2.259,63.9,4.711,0.604,0
0,353,2.322,62.69,4.655,0.697,0
0,354,2.452,64.8,4.697,0.922,0
0,355,2.382,65.62,4.649,0.885,0
0,356,4.046,65.02,4.665,0.852,0
0,357,2.638,65.27,4.767,0.934,0
0,358,2.356,65.11,4.544,0.942,0
0,359,2.627,64.41,4.82,0.849,0
0,360,2.496,62.72,4.666,0.848,0
0,361,2.937,66.32,4.595,0.999,0
0,362,2.517,63.1,4.814,0.825,0
0,363,2.406,64.42,4.554,0.821,0
0,364,2.709,63.57,4.625,0.769,0
1,0,2.394,61.13,5.07,0.754,0
1,1,2.222,61.64,5.106,0.765,0
1,2,2.351,62.97,4.98,0.807,0
1,3,2.234,62.43,4.651,0.913,0
1,4,2.553,61.62,5.042,0.732,0
1,5,2.103,62.31,4.928,0.776,0
1,6,2.138,62.74,4.794,0.611,0
1,7,2.262,63.26,5.024,0.964,0
1,8,2.37,61.78,4.982,0.839,0
1,9,2.293,62.18,4.962,0.986,0
1,10,2.312,61.87,4.968,0.676,0
1,11,2.389,64.52,5.001,0.834,0
1,12,2.714,62.07,5.01,0.724,0
1,13,2.173,61.36,5.079,0.888,0
1,14,2.227,63.04,5.001,0.677,0
1,15,2.447,60.55,4.984,0.709,0
1,16,2.482,63.3,4.77,0.866,0
1,17,2.297,63.35,5.246,0.842,0
1,18,2.183,61.55,4.821,0.765,0
1,19,2.14,61.95,4.936,0.665,0
1,20,2.131,63.58,5.048,0.63,0
1,21,2.235,63.97,4.934,0.946,0
1,22,2.279,61.11,4.972,0.734,0
1,23,2.193,62.95,4.805,0.796,0
1,24,2.54,61.34,4.936,0.758,0
1,25,2.447,61.46,4.82,0.716,0
1,26,2.199,62.65,5.077,0.926,0
1,27,2.385,62.86,4.762,0.968,0
1,28,2.464,61.69,4.938,0.633,0
1,29,2.286,61.26,4.791,0.641,0
1,30,2.464,63.21,4.811,0.953,0
1,31,2.598,63.08,4.83,0.644,0
1,32,2.485,62.01,4.894,0.704,0
1,33,2.503,63.79,4.803,0.825,0
1,34,2.443,63.18,4.748,0.944,0
1,35,2.543,62.89,5.004,0.681,0
1,36,2.308,63.18,5.059,0.752,0
1,37,2.401,62.66,4.888,0.699,0
1,38,2.328,64.79,4.983,0.71,0
1,39,2.32,62.68,4.989,0.924,0
1,40,2.422,63.16,5.013,0.915,0
1,41,2.135,60.34,4.972,0.621,0
1,42,2.389,62.72,4.993,0.907,0
1,43,2.497,61.06,5.066,0.657,0
1,44,2.446,63.33,4.784,0.8,0
1,45,2.571,62.24,4.79,0.84,0
1,46,2.531,63.87,4.825,0.821,0
1,47,2.472,62.86,4.924,0.765,0
1,48,2.397,64.55,4.611,0.815,0
1,49,2.47,63.77,4.788,0.875,0
1,50,2.341,62.61,4.892,0.799,0
1,51,2.507,61.32,4.808,0.649,0
1,52,2.671,62.56,4.957,0.728,0
1,53,2.667,64.85,5.0,0.748,0
1,54,2.752,62.83,4.785,0.604,0
1,55,2.719,63.23,4.839,0.888,0
1,56,2.468,63.48,4.936,0.981,0
1,57,2.334,63.16,4.899,0.751,0
1,58,2.584,62.07,4.957,0.648,0
1,59,2.718,63.49,4.733,0.77,0
1,60,2.634,62.86,4.671,0.798,0
1,61,2.554,64.08,4.913,0.887,0
1,62,2.514,63.58,4.825,0.87,0
1,63,2.366,64.71,4.905,0.979,0
1,64,2.46,62.41,4.832,0.738,0
1,65,2.651,65.03,4.7,0.919,0
1,66,2.627,62.14,4.794,0.666,0
1,67,2.657,63.1,4.909,0.741,0
1,68,2.744,62.98,4.901,0.689,0
1,69,2.643,62.18,4.717,0.602,0
1,70,2.556,63.87,4.831,0.774,0
1,71,2.978,60.73,4.838,0.706,0
1,72,2.62,64.56,4.884,0.623,0
1,73,2.755,64.73,4.845,0.966,0
1,74,2.745,63.53,4.788,0.892,0
1,75,2.708,66.05,4.816,0.857,0
1,76,2.295,63.81,4.838,0.848,0
1,77,2.846,60.78,4.83,0.732,0
1,78,2.888,64.04,4.873,0.732,0
1,79,2.546,64.45,4.883,0.687,0
1,80,2.713,62.92,5.026,0.768,0
1,81,2.725,62.34,4.881,0.674,0
1,82,2.611,65.5,4.844,0.859,0
1,83,2.751,63.36,4.709,0.945,0
1,84,2.947,64.95,4.804,0.92,0
1,85,2.877,62.52,4.658,0.617,0
1,86,2.831,65.0,4.928,0.826,0
1,87,2.684,64.63,4.896,0.825,0
1,88,5.547,64.43,4.833,0.985,0
1,89,2.642,63.16,4.704,0.665,0
1,90,3.003,64.67,4.804,0.851,0
1,91,3.278,63.92,4.756,0.776,0
1,92,2.953,67.18,5.028,0.987,0
1,93,2.997,65.04,4.932,0.932,0
1,94,3.014,64.46,4.945,0.769,0
1,95,2.795,64.82,4.793,0.862,0
1,96,2.982,63.12,4.894,0.755,0
1,97,3.003,66.09,4.882,0.923,1
1,98,2.23,61.83,4.99,0.77,0
1,99,2.386,61.72,4.959,0.687,0
1,100,2.145,61.36,4.927,0.667,0
1,101,2.201,61.51,5.148,0.891,0
1,102,2.264,59.21,4.944,0.729,0
1,103,2.315,61.05,5.136,0.85,0
1,104,2.046,61.86,4.901,0.98,0
1,105,2.195,60.3,5.149,0.733,0
1,106,2.097,59.51,5.04,0.673,0
1,107,2.069,61.02,4.98,0.892,0
1,108,1.946,62.08,5.007,0.917,0
1,109,2.162,63.53,4.955,0.987,0
1,110,2.363,61.1,5.019,0.75,0
1,111,2.243,61.57,4.895,0.945,0
1,112,2.374,62.56,4.94,0.979,0
1,113,2.054,62.07,5.039,0.924,0
1,114,2.226,60.97,5.04,0.923,0
1,115,2.384,61.85,5.039,0.699,0
1,116,2.155,61.85,4.915,0.849,0
1,117,2.18,63.25,5.041,0.887,0
1,118,2.317,59.6,5.05,0.607,0
1,119,2.077,62.54,4.974,0.875,0
1,120,2.265,58.81,5.116,0.602,0
1,121,2.246,60.34,5.006,0.823,0
1,122,2.189,63.24,4.958,0.933,0
1,123,2.272,61.79,4.931,0.814,0
1,124,2.203,60.11,5.188,0.636,0
1,125,2.122,61.76,5.154,0.765,0
1,126,2.169,58.61,5.135,0.679,0
1,127,2.152,64.1,5.132,0.977,0
1,128,2.017,60.61,4.976,0.637,0
1,129,2.272,59.97,4.958,0.664,0
1,130,2.303,63.08,5.094,0.976,0
1,131,2.426,62.28,4.942,0.914,0
1,132,1.95,61.81,5.059,0.768,0
1,133,2.284,61.41,4.9,0.687,0
1,134,2.292,61.09,5.071,0.691,0
1,135,2.32,63.16,4.879,0.991,0
1,136,2.486,60.75,4.942,0.701,0
1,137,1.906,61.89,5.035,0.778,0
1,138,2.003,60.97,5.17,0.724,0
1,139,2.227,61.69,4.872,0.721,0
1,140,2.088,61.3,5.078,0.987,0
1,141,2.247,62.32,4.885,0.87,0
1,142,1.92,61.04,4.985,0.713,0
1,143,2.23,63.11,4.87,0.992,0
1,144,2.19,63.52,4.986,0.879,0
1,145,2.032,60.28,5.108,0.631,0
1,146,2.072,61.21,4.974,0.72,0
1,147,2.13,61.18,4.866,0.72,0
1,148,2.196,60.43,4.957,0.738,0
1,149,2.193,64.59,4.964,0.713,0
1,150,2.368,62.64,4.812,0.884,0
1,151,2.168,61.09,4.95,0.769,0
1,152,2.162,61.18,5.042,0.801,0
1,153,2.384,60.91,4.965,0.716,0
1,154,2.06,60.03,5.057,0.644,0
1,155,2.379,62.51,4.994,0.865,0
1,156,2.434,62.58,4.997,0.725,0
1,157,2.283,63.07,4.802,0.999,0
1,158,2.138,63.45,4.849,0.765,0
1,159,2.53,61.4,5.092,0.902,0
1,160,2.354,63.68,5.144,0.885,0
1,161,2.237,61.25,4.905,0.769,0
1,162,2.397,61.25,4.987,0.705,0
1,163,2.373,60.33,4.924,0.668,0
1,164,2.193,63.42,5.019,0.963,0
1,165,2.457,63.73,5.01,0.981,0
1,166,2.195,62.02,5.073,0.624,0
1,167,2.455,62.67,4.911,0.832,0
1,168,2.093,63.24,4.813,0.743,0
1,169,2.187,61.63,4.866,0.645,0
1,170,2.398,60.97,4.811,0.673,0
1,171,2.081,62.83,5.009,0.724,0
1,172,2.377,63.35,4.87,0.738,0
1,173,2.37,62.23,4.767,0.697,0
1,174,2.268,61.8,4.86,0.747,0
1,175,2.257,62.89,4.918,0.618,0
1,176,2.292,62.84,4.83,0.862,0
1,177,2.424,62.32,4.727,0.818,0
1,178,2.525,62.71,4.835,0.615,0
1,179,2.566,63.39,4.681,0.942,0
1,180,2.458,62.84,4.724,0.704,0
1,181,2.504,63.31,4.695,0.922,0
1,182,2.252,61.25,4.9,0.725,0
1,183,2.456,61.41,4.862,0.625,0
1,184,2.386,60.43,4.871,0.655,0
1,185,2.397,62.12,4.852,0.741,0
1,186,2.13,61.3,4.698,0.665,0
1,187,2.574,63.45,4.812,0.64,0
1,188,2.194,63.35,4.848,0.958,0
1,189,2.624,62.99,4.984,0.634,0
1,190,2.344,65.47,4.833,0.891,0
1,191,2.618,62.37,4.797,0.711,0
1,192,2.696,63.08,4.815,0.906,0
1,193,2.512,61.72,5.092,0.675,0
1,194,2.268,65.44,4.807,0.958,0
1,195,2.321,61.02,4.872,0.68,0
1,196,2.608,62.51,4.975,0.732,0
1,197,2.512,63.95,4.679,0.661,0
1,198,2.803,64.59,4.846,0.945,0
1,199,2.821,64.09,4.822,0.934,0
1,200,2.525,63.36,4.783,0.681,0
1,201,2.478,62.27,4.881,0.951,0
1,202,2.656,62.66,4.763,0.784,0
1,203,2.444,66.3,4.911,0.933,0
1,204,2.423,64.79,4.838,0.799,0
1,205,2.494,66.41,4.677,0.818,0
1,206,2.352,64.41,4.896,0.779,0
1,207,2.593,64.33,4.805,0.953,0
1,208,2.502,63.29,4.768,0.835,0
1,209,2.551,64.18,4.75,0.715,0
1,210,2.522,63.5,4.798,0.699,0
1,211,2.651,65.03,4.906,0.783,0
1,212,2.533,65.14,4.795,0.901,0
1,213,2.663,65.3,4.713,0.91,0
1,214,2.974,63.94,4.721,0.762,0
1,215,2.466,64.95,4.939,0.866,0
1,216,2.798,64.81,4.711,0.876,0
1,217,2.362,65.33,4.983,0.728,0
1,218,2.523,64.79,4.694,0.712,0
1,219,2.57,63.66,4.684,0.877,0
1,220,2.981,64.51,4.799,0.681,0
1,221,2.798,66.16,4.813,0.619,0
1,222,2.637,64.0,4.808,0.793,0
1,223,2.662,66.26,4.81,0.937,0
1,224,2.972,66.22,4.64,0.819,0
1,225,2.891,65.46,4.814,0.817,0
1,226,2.984,65.18,4.776,0.745,0
1,227,2.929,64.41,4.687,0.715,0
1,228,2.838,65.55,4.806,0.96,0
1,229,2.662,65.9,4.749,0.95,0
1,230,2.913,66.09,4.622,0.763,0
1,231,2.798,64.8,4.669,0.684,0
1,232,2.693,66.93,4.438,0.684,0
1,233,2.897,66.43,4.789,0.798,0
1,234,3.123,65.87,4.517,0.894,0
1,235,3.294,64.38,4.746,0.749,0
1,236,2.805,64.35,4.493,0.651,0
1,237,2.909,66.77,4.629,0.781,0
1,238,3.121,65.3,4.741,0.674,0
1,239,3.133,66.08,4.639,0.735,0
1,240,3.013,64.66,4.599,0.947,0
1,241,2.93,66.14,4.607,0.635,0
1,242,2.739,65.91,4.702,0.645,0
1,243,3.144,65.06,4.504,0.894,0
1,244,2.882,64.6,4.637,0.691,0
1,245,2.989,65.96,4.521,0.746,0
1,246,3.281,66.81,4.524,0.995,0
1,247,3.109,68.65,4.688,0.967,0
1,248,3.082,64.89,4.55,0.651,0
1,249,2.975,66.98,4.493,0.957,0
1,250,2.975,67.45,4.417,0.938,0
1,251,3.133,66.33,4.599,0.619,0
1,252,3.227,66.97,4.613,0.923,0
1,253,3.184,66.72,4.681,0.825,0
1,254,3.19,67.93,4.712,0.707,0
1,255,3.23,65.89,4.51,0.611,0
1,256,3.3,65.96,4.458,0.921,0
1,257,3.177,66.78,4.473,0.724,0
1,258,3.076,67.88,4.678,0.739,0
1,259,3.388,66.76,4.641,0.752,0
1,260,3.36,65.53,4.577,0.723,0
1,261,3.222,67.05,4.33,0.718,0
1,262,3.408,67.31,4.602,0.62,0
1,263,3.3,65.97,4.67,0.675,0
1,264,4.327,66.19,4.394,0.613,0
1,265,3.416,66.18,4.509,0.783,0
1,266,3.502,68.74,4.619,0.954,0
1,267,3.497,67.23,4.442,0.632,0
1,268,3.435,64.94,4.413,0.632,0
1,269,3.204,66.94,4.538,0.695,0
1,270,3.71,67.42,4.388,0.764,0
1,271,3.392,69.19,4.439,0.972,0
1,272,3.571,67.95,4.437,0.605,0
1,273,3.591,66.63,4.25,0.741,0
1,274,3.452,66.65,4.473,0.74,0
1,275,3.633,67.86,4.524,0.94,0
1,276,3.428,68.56,4.304,0.752,0
1,277,3.823,68.73,4.458,0.827,0
1,278,3.538,66.7,4.437,0.733,0
1,279,3.712,71.31,4.512,0.945,0
1,280,3.841,70.39,4.349,0.952,0
1,281,3.986,71.66,4.409,0.955,0
1,282,3.902,68.46,4.65,0.841,0
1,283,3.71,67.31,4.194,0.61,0
1,284,3.843,70.46,4.421,0.937,0
1,285,3.423,68.59,4.506,0.911,0
1,286,3.783,68.26,4.47,0.623,0
1,287,3.99,67.05,4.191,0.74,0
1,288,3.857,68.95,4.554,0.65,0
1,289,4.057,70.24,4.602,0.944,0
1,290,3.858,68.12,4.403,0.622,0
1,291,4.012,68.51,4.421,0.884,0
1,292,4.073,67.95,4.184,0.714,0
1,293,3.692,68.17,4.164,0.771,0
1,294,4.2,68.1,4.365,0.63,0
1,295,4.281,69.03,4.319,0.734,0
1,296,4.043,70.46,4.424,0.81,0
1,297,4.386,68.95,4.168,0.743,0
1,298,3.985,67.26,4.311,0.611,0
1,299,4.167,69.07,4.396,0.683,0
1,300,4.399,69.96,4.255,0.68,0
1,301,4.325,70.19,4.282,0.736,0
1,302,4.847,69.68,4.314,0.628,0
1,303,4.297,69.87,4.457,0.973,0
1,304,4.2,68.19,4.153,0.693,0
1,305,4.238,71.33,4.137,0.916,0
1,306,4.322,71.38,4.453,0.731,0
1,307,4.276,70.74,4.236,0.734,0
1,308,4.582,70.07,4.153,0.607,0
1,309,4.242,69.73,4.159,0.77,0
1,310,4.585,67.9,4.059,0.678,0
1,311,4.321,70.12,4.3,0.773,0
1,312,4.649,70.25,4.124,0.629,0
1,313,4.543,69.6,4.104,0.935,0
1,314,4.707,71.47,4.172,0.943,0
1,315,4.558,71.35,4.208,0.853,0
1,316,4.848,71.83,4.188,0.84,0
1,317,4.672,71.54,4.39,0.878,1
1,318,2.552,60.57,5.104,0.98,0
1,319,2.214,61.64,4.849,0.684,0
1,320,2.393,61.08,5.11,0.664,0
1,321,2.523,59.82,4.981,0.882,0
1,322,2.421,60.03,5.144,0.729,0
1,323,2.077,60.03,5.074,0.668,0
1,324,2.244,57.91,4.967,0.627,0
1,325,2.433,61.65,5.072,0.959,0
1,326,2.081,62.92,4.964,0.987,0
1,327,2.177,61.55,4.892,0.856,0
1,328,2.105,62.18,4.829,0.818,0
1,329,2.111,61.23,5.18,0.907,0
1,330,2.329,61.56,5.237,0.624,0
1,331,2.003,60.87,5.063,0.706,0
1,332,2.427,64.38,5.045,0.999,0
1,333,2.232,61.18,5.106,0.845,0
1,334,2.191,62.62,4.957,0.849,0
1,335,2.327,61.28,4.974,0.774,0
1,336,2.281,63.31,5.072,0.964,0
1,337,2.243,62.56,5.057,0.826,0
1,338,2.263,63.69,5.028,0.901,0
1,339,2.376,63.14,4.966,0.99,0
1,340,2.256,60.24,4.945,0.641,0
1,341,2.183,62.24,4.977,0.92,0
1,342,2.359,59.97,5.093,0.651,0
1,343,2.12,62.82,4.883,0.944,0
1,344,2.302,61.76,4.901,0.682,0
1,345,2.452,61.97,4.922,0.876,0
1,346,2.492,62.32,4.749,0.949,0
1,347,2.185,63.78,4.982,0.963,0
1,348,2.135,63.18,5.078,0.85,0
1,349,2.361,60.97,5.042,0.72,0
1,350,2.166,61.5,5.052,0.857,0
1,351,1.989,61.07,5.081,0.67,0
1,352,2.194,61.49,4.949,0.841,0
1,353,2.245,61.95,4.811,0.764,0
1,354,2.198,60.24,5.04,0.685,0
1,355,2.494,61.6,4.932,0.839,0
1,356,2.274,63.41,5.082,0.921,0
1,357,2.114,63.5,5.008,0.933,0
1,358,2.275,62.45,5.078,0.738,0
1,359,2.176,60.38,4.971,0.696,0
1,360,2.405,62.23,4.951,0.933,0
1,361,2.339,60.67,4.881,0.742,0
1,362,2.524,62.17,4.885,0.608,0
1,363,2.497,60.88,4.928,0.698,0
1,364,2.386,61.52,4.933,0.786,0
2,0,1.87,67.18,4.118,0.749,0
2,1,2.144,67.05,4.13,1.0,0
2,2,2.122,67.07,4.104,0.937,0
2,3,2.282,67.03,3.874,0.959,0
2,4,2.131,66.14,4.308,0.775,0
2,5,1.951,69.02,4.153,0.993,0
2,6,1.989,67.18,3.938,0.939,0
2,7,2.103,66.06,4.011,0.629,0
2,8,2.409,68.02,4.037,0.62,0
2,9,2.001,68.25,4.078,0.873,0
2,10,1.825,70.72,4.222,0.967,0
2,11,2.293,68.78,3.974,0.859,0
2,12,2.21,69.1,3.926,0.885,0
2,13,2.143,69.38,4.021,0.938,0
2,14,2.33,67.37,4.136,0.714,0
2,15,2.135,68.35,4.179,0.93,0
2,16,2.146,68.73,4.084,0.745,0
2,17,2.186,69.0,4.212,0.99,0
2,18,2.348,68.56,3.953,0.938,0
2,19,2.317,69.56,3.718,0.933,0
2,20,2.262,70.56,3.853,0.999,0
2,21,2.254,66.32,3.951,0.602,0
2,22,2.197,67.7,4.014,0.81,0
2,23,2.138,67.53,4.104,0.775,0
2,24,2.577,67.29,4.062,0.765,0
2,25,2.215,69.23,4.113,0.882,0
2,26,2.13,67.58,4.096,0.656,0
2,27,2.502,68.47,4.021,0.868,0
2,28,2.436,71.13,4.167,0.981,0
2,29,2.347,71.38,3.879,0.976,0
2,30,2.428,67.2,4.088,0.658,0
2,31,2.198,68.04,3.988,0.899,0
2,32,2.203,67.55,4.135,0.78,0
2,33,2.212,68.85,3.929,0.879,0
2,34,2.546,69.36,3.802,0.946,0
2,35,2.474,70.87,3.984,0.96,0
2,36,2.455,67.24,3.941,0.602,0
2,37,2.518,67.75,3.879,0.723,0
2,38,2.289,69.99,3.906,0.977,0
2,39,2.465,68.62,4.026,0.727,0
2,40,2.511,70.18,3.921,0.86,0
2,41,2.35,69.37,3.783,0.951,0
2,42,2.525,69.31,3.818,0.858,0
2,43,2.625,66.23,4.0,0.612,0
2,44,2.781,70.25,3.808,0.659,0
2,45,2.286,70.39,4.027,0.674,0
2,46,2.662,68.99,4.04,0.859,0
2,47,2.677,68.22,3.685,0.667,0
2,48,2.341,70.0,3.944,0.826,0
2,49,2.575,68.73,3.857,0.782,0
2,50,2.406,67.82,3.851,0.683,0
2,51,2.78,69.63,3.749,0.815,0
2,52,2.798,69.14,4.026,0.765,0
2,53,2.818,67.96,3.885,0.687,0
2,54,2.667,71.64,3.872,0.728,0
2,55,3.014,68.31,3.971,0.676,0
2,56,2.678,71.55,3.681,0.75,0
2,57,2.521,69.72,3.939,0.723,0
2,58,2.898,66.46,3.831,0.603,0
2,59,2.806,70.33,3.863,0.963,0
2,60,2.895,70.25,3.819,0.976,0
2,61,2.742,70.62,4.022,0.765,0
2,62,2.697,70.25,3.842,0.651,0
2,63,2.685,70.84,3.895,0.751,0
2,64,4.638,72.33,3.835,0.781,0
2,65,3.059,71.95,3.845,0.911,0
2,66,3.004,70.06,3.933,0.867,0
2,67,3.093,73.0,3.555,0.932,0
2,68,3.12,70.91,3.679,0.952,0
2,69,3.011,72.08,3.762,0.985,0
2,70,3.144,71.39,3.827,0.673,0
2,71,3.242,72.44,3.689,0.895,0
2,72,3.007,72.28,3.793,0.964,0
2,73,3.212,69.21,3.561,0.601,0
2,74,3.348,70.55,3.578,0.664,0
2,75,3.227,72.74,3.837,0.814,0
2,76,3.443,71.57,3.72,0.681,0
2,77,3.278,71.53,3.733,0.736,0
2,78,3.404,73.08,3.816,0.95,0
2,79,3.265,72.38,3.489,0.84,0
2,80,3.432,71.47,3.642,0.801,0
2,81,3.528,72.03,3.818,0.906,0
2,82,3.652,72.11,3.686,0.741,0
2,83,3.46,73.2,3.596,0.904,0
2,84,3.715,70.1,3.672,0.671,0
2,85,3.279,72.99,3.662,0.836,0
2,86,3.498,74.68,3.699,0.829,0
2,87,3.688,71.48,3.729,0.734,0
2,88,3.613,72.35,3.694,0.693,0
2,89,3.828,73.73,3.658,0.647,0
2,90,3.976,72.92,3.801,0.641,0
2,91,3.83,73.89,3.741,0.883,0
2,92,3.695,73.01,3.559,0.818,0
2,93,4.038,75.45,3.699,0.956,0
2,94,3.873,72.33,3.527,0.666,0
2,95,3.945,73.95,3.642,0.787,0
2,96,3.649,75.59,3.384,0.856,0
2,97,4.237,73.99,3.8,0.678,0
2,98,3.811,73.66,3.784,0.972,0
2,99,3.987,72.35,3.429,0.601,0
2,100,4.215,75.71,3.591,0.772,0
2,101,4.037,74.84,3.571,0.648,0
2,102,4.036,75.14,3.733,0.762,0
2,103,3.94,74.76,3.565,0.87,0
2,104,4.291,72.92,3.496,0.736,0
2,105,4.435,75.63,3.546,0.965,0
2,106,4.395,75.01,3.542,0.802,0
2,107,4.216,74.78,3.476,0.908,1
2,108,1.669,63.33,4.212,0.904,0
2,109,2.057,65.59,4.184,0.901,0
2,110,1.608,66.29,4.31,0.814,0
2,111,1.808,65.49,3.994,0.768,0
2,112,1.681,62.18,4.363,0.686,0
2,113,1.917,66.38,4.199,0.978,0
2,114,1.935,65.01,4.392,0.794,0
2,115,1.887,64.93,4.263,0.701,0
2,116,1.746,63.57,4.15,0.705,0
2,117,1.852,66.05,4.327,0.959,0
2,118,1.482,65.69,4.169,0.758,0
2,119,1.602,66.42,4.313,0.903,0
2,120,1.781,63.85,4.251,0.904,0
2,121,1.928,64.04,4.286,0.69,0
2,122,1.709,62.78,4.308,0.645,0
2,123,1.513,61.82,4.241,0.663,0
2,124,1.721,64.02,4.238,0.756,0
2,125,1.264,64.82,4.247,0.944,0
2,126,1.672,66.07,4.237,0.945,0
2,127,1.672,63.99,4.162,0.64,0
2,128,1.637,66.41,4.379,0.982,0
2,129,1.559,65.1,4.259,0.687,0
2,130,1.876,64.02,4.411,0.758,0
2,131,1.847,67.41,4.248,0.97,0
2,132,1.99,66.97,4.255,0.966,0
2,133,1.921,64.43,4.379,0.875,0
2,134,1.78,65.59,4.217,0.861,0
2,135,1.803,63.03,4.288,0.638,0
2,136,1.861,67.83,4.245,0.963,0
2,137,1.725,65.94,4.114,0.887,0
2,138,1.892,65.33,4.214,0.657,0
2,139,1.915,66.17,4.093,0.648,0
2,140,1.821,64.09,4.263,0.683,0
2,141,1.81,65.24,4.231,0.843,0
2,142,1.946,67.65,4.044,0.663,0
2,143,1.757,67.94,4.139,0.928,0
2,144,1.87,68.43,4.097,0.968,0
2,145,1.992,63.21,4.194,0.61,0
2,146,1.993,65.34,4.357,0.682,0
2,147,1.966,66.95,4.256,0.88,0
2,148,2.005,67.1,4.23,0.76,0
2,149,1.597,66.58,4.192,0.875,0
2,150,1.969,69.03,4.259,0.945,0
2,151,1.851,66.03,3.994,0.648,0
2,152,2.269,67.28,4.212,0.997,0
2,153,2.049,67.27,4.049,0.96,0
2,154,1.959,65.88,4.12,0.602,0
2,155,1.644,66.0,3.931,0.61,0
2,156,2.147,67.92,3.959,0.978,0
2,157,2.407,68.5,4.099,0.926,0
2,158,2.443,64.8,4.091,0.655,0
2,159,2.086,66.55,4.055,0.807,0
2,160,2.25,67.27,4.09,0.828,0
2,161,2.07,68.91,4.116,0.959,0
2,162,1.891,67.5,3.965,0.878,0
2,163,2.002,70.63,4.037,0.846,0
2,164,2.039,67.26,3.999,0.878,0
2,165,2.314,68.86,4.109,0.827,0
2,166,2.427,68.76,3.971,0.942,0
2,167,2.078,68.18,3.837,0.722,0
2,168,2.258,69.01,4.001,0.695,0
2,169,2.535,66.85,3.983,0.65,0
2,170,2.344,69.61,3.953,0.822,0
2,171,2.212,66.92,4.037,0.699,0
2,172,2.345,69.88,3.85,0.87,0
2,173,2.609,68.04,3.837,0.615,0
2,174,4.652,70.56,3.767,0.994,0
2,175,2.731,70.44,3.856,0.809,0
2,176,2.582,68.4,3.992,0.784,0
2,177,2.741,68.52,4.007,0.604,0
2,178,2.707,69.57,4.006,0.854,0
2,179,2.724,70.68,3.962,0.754,0
2,180,2.754,71.16,4.058,0.733,0
2,181,2.809,72.57,3.884,0.884,0
2,182,2.876,70.41,3.739,0.678,0
2,183,2.8,72.11,3.707,0.969,0
2,184,2.968,68.84,3.66,0.755,0
2,185,3.138,71.9,3.696,0.847,0
2,186,3.373,71.66,3.727,0.893,0
2,187,3.252,73.5,3.664,0.973,0
2,188,3.254,69.87,3.681,0.614,0
2,189,3.436,69.71,3.712,0.668,0
2,190,3.439,71.27,3.658,0.688,0
2,191,3.525,71.56,3.576,0.68,0
2,192,3.387,72.0,3.734,0.901,0
2,193,3.423,71.68,3.54,0.707,0
2,194,3.558,73.11,3.613,0.706,0
2,195,3.701,72.12,3.554,0.823,0
2,196,3.697,72.44,3.558,0.874,0
2,197,3.94,74.28,3.595,0.848,0
2,198,4.011,73.97,3.546,0.876,0
2,199,3.993,72.78,3.644,0.872,0
2,200,4.024,72.73,3.717,0.661,0
2,201,4.081,73.4,3.557,0.626,0
2,202,4.098,75.55,3.457,0.775,0
2,203,4.341,77.07,3.487,0.994,1
2,204,1.613,65.27,4.336,0.775,0
2,205,2.041,64.22,4.342,0.872,0
2,206,1.463,63.84,4.419,0.776,0
2,207,1.79,65.82,4.244,0.969,0
2,208,1.697,62.07,4.287,0.785,0
2,209,1.808,64.59,4.315,0.636,0
2,210,1.608,64.49,4.35,0.813,0
2,211,1.687,63.29,4.299,0.64,0
2,212,1.959,65.39,4.381,0.671,0
2,213,1.594,64.38,4.347,0.877,0
2,214,1.556,63.85,4.298,0.901,0
2,215,1.872,64.27,4.326,0.604,0
2,216,1.73,65.93,4.171,0.953,0
2,217,1.929,64.42,4.004,0.838,0
2,218,1.821,64.73,4.104,0.813,0
2,219,1.639,65.14,4.11,0.824,0
2,220,1.389,65.49,4.168,0.954,0
2,221,1.652,66.03,4.422,0.911,0
2,222,1.77,64.61,4.291,0.973,0
2,223,1.683,65.46,4.153,0.93,0
2,224,1.652,62.97,4.288,0.696,0
2,225,1.997,63.3,4.339,0.824,0
2,226,1.708,64.49,4.347,0.861,0
2,227,1.727,67.43,4.081,0.913,0
2,228,2.297,65.48,4.473,0.892,0
2,229,1.757,64.6,4.345,0.766,0
2,230,1.595,63.35,4.282,0.645,0
2,231,1.522,63.41,4.325,0.775,0
2,232,1.773,65.59,4.226,0.857,0
2,233,1.416,64.24,4.268,0.741,0
2,234,1.569,64.92,4.156,0.861,0
2,235,1.642,63.99,4.254,0.613,0
2,236,1.712,63.68,4.299,0.607,0
2,237,1.762,66.12,4.072,0.846,0
2,238,2.068,66.07,4.167,0.956,0
2,239,1.687,67.92,4.259,0.989,0
2,240,1.824,64.02,4.351,0.983,0
2,241,1.659,63.59,4.22,0.72,0
2,242,1.743,65.74,4.183,0.995,0
2,243,1.922,65.1,4.28,0.836,0
2,244,1.672,64.03,4.242,0.802,0
2,245,1.676,63.87,4.322,0.788,0
2,246,1.58,66.95,4.313,0.977,0
2,247,1.661,63.1,4.281,0.716,0
2,248,1.607,63.99,4.276,0.676,0
2,249,4.167,62.46,4.382,0.645,0
2,250,1.899,64.27,4.35,0.855,0
2,251,1.695,64.36,4.173,0.727,0
2,252,1.864,65.11,4.133,0.95,0
2,253,1.906,63.44,4.3,0.672,0
2,254,1.587,63.2,4.197,0.685,0
2,255,1.774,66.4,4.255,0.822,0
2,256,1.958,64.84,4.277,0.894,0
2,257,1.709,66.45,4.379,0.914,0
2,258,1.881,62.72,4.265,0.637,0
2,259,1.83,63.61,4.234,0.713,0
2,260,1.876,63.92,4.288,0.722,0
2,261,1.66,63.94,4.421,0.619,0
2,262,1.985,66.2,4.336,0.925,0
2,263,1.623,64.78,4.316,0.905,0
2,264,1.655,65.44,4.122,0.846,0
2,265,2.099,65.44,4.14,0.984,0
2,266,1.519,64.86,4.299,0.834,0
2,267,1.734,64.84,4.308,0.641,0
2,268,2.155,65.09,4.418,0.845,0
2,269,1.628,64.67,4.253,0.833,0
2,270,1.974,65.52,4.272,0.831,0
2,271,1.928,66.9,4.369,0.852,0
2,272,1.882,64.82,4.225,0.791,0
2,273,1.568,66.04,4.198,0.914,0
2,274,1.707,64.61,4.148,0.675,0
2,275,1.829,64.97,4.16,0.755,0
2,276,1.858,66.45,4.256,0.674,0
2,277,1.494,64.97,4.35,0.642,0
2,278,1.703,64.09,4.286,0.627,0
2,279,2.111,67.91,4.131,0.901,0
2,280,1.629,63.55,4.217,0.696,0
2,281,1.845,64.82,4.335,0.66,0
2,282,1.897,64.59,4.373,0.865,0
2,283,1.614,65.69,4.237,0.924,0
2,284,1.78,63.85,4.269,0.873,0
2,285,1.749,65.57,4.189,0.7,0
2,286,1.838,65.53,4.298,0.927,0
2,287,1.888,66.02,4.104,0.857,0
2,288,1.902,63.44,4.201,0.724,0
2,289,1.785,66.58,4.349,0.882,0
2,290,1.917,64.25,4.343,0.826,0
2,291,1.908,64.96,4.202,0.958,0
2,292,1.734,64.96,4.211,0.722,0
2,293,1.981,65.95,4.333,0.908,0
2,294,1.821,66.36,4.238,0.969,0
2,295,1.782,62.83,4.355,0.605,0
2,296,1.854,62.85,4.238,0.627,0
2,297,2.09,65.42,4.086,0.674,0
2,298,1.694,67.47,4.157,0.899,0
2,299,1.645,65.04,4.267,0.911,0
2,300,1.753,65.62,4.116,0.914,0
2,301,1.745,64.69,4.272,0.758,0
2,302,1.683,66.46,4.038,0.873,0
2,303,1.993,65.17,4.173,0.762,0
2,304,1.864,66.48,4.295,0.947,0
2,305,1.949,64.99,4.258,0.923,0
2,306,1.751,65.18,4.154,0.708,0
2,307,1.582,65.6,4.238,0.782,0
2,308,1.943,67.3,3.984,0.786,0
2,309,1.804,64.52,4.195,0.81,0
2,310,1.85,65.25,4.171,0.692,0
2,311,2.06,64.67,4.115,0.837,0
2,312,1.847,66.25,4.218,0.796,0
2,313,1.802,66.75,4.072,0.774,0
2,314,1.795,67.22,4.015,0.99,0
2,315,1.913,68.13,4.192,0.934,0
2,316,1.81,66.47,4.179,0.782,0
2,317,1.842,67.51,4.358,0.993,0
2,318,1.866,64.31,3.959,0.752,0
2,319,1.95,67.15,4.226,0.955,0
2,320,1.921,68.87,4.165,0.842,0
2,321,1.959,66.28,4.064,0.96,0
2,322,1.811,65.86,4.044,0.891,0
2,323,1.877,68.86,4.108,0.943,0
2,324,1.673,66.43,4.146,0.65,0
2,325,2.111,65.4,4.026,0.725,0
2,326,1.901,66.97,4.14,0.949,0
2,327,1.945,65.58,3.923,0.721,0
2,328,1.995,66.38,4.009,0.881,0
2,329,1.993,66.62,4.162,0.843,0
2,330,2.02,64.9,3.901,0.604,0
2,331,2.045,65.51,4.022,0.748,0
2,332,2.05,67.07,4.029,0.802,0
2,333,2.19,66.89,4.156,0.603,0
2,334,2.082,66.44,4.078,0.791,0
2,335,1.915,67.37,4.241,0.703,0
2,336,2.042,67.63,4.188,0.982,0
2,337,2.03,65.12,4.175,0.71,0
2,338,1.903,70.25,4.097,0.915,0
2,339,2.136,66.23,4.144,0.866,0
2,340,2.065,66.72,4.021,0.981,0
2,341,1.88,67.28,4.169,0.838,0
2,342,2.012,66.17,4.017,0.805,0
2,343,2.226,67.09,4.067,0.875,0
2,344,1.741,68.42,4.144,1.0,0
2,345,1.917,67.72,4.063,0.84,0
2,346,2.28,67.74,4.117,0.754,0
2,347,1.995,68.88,4.016,0.992,0
2,348,1.861,66.67,4.141,0.722,0
2,349,2.102,66.05,4.041,0.687,0
2,350,2.221,66.95,4.163,0.975,0
2,351,2.005,67.04,4.1,0.811,0
2,352,1.973,66.67,4.165,0.654,0
2,353,2.186,69.54,3.994,0.989,0
2,354,2.238,64.57,4.117,0.615,0
2,355,2.134,67.6,4.077,0.778,0
2,356,2.121,66.8,4.026,0.716,0
2,357,2.203,66.55,4.074,0.725,0
2,358,2.101,67.63,4.141,0.842,0
2,359,2.072,67.15,4.213,0.637,0
2,360,2.155,66.63,3.823,0.761,0
2,361,2.159,65.53,4.243,0.744,0
2,362,2.247,67.21,3.943,0.725,0
2,363,2.037,65.95,4.199,0.79,0
2,364,2.17,68.87,4.016,0.992,0
3,0,2.433,56.56,5.396,0.651,0
3,1,2.53,57.48,5.442,0.793,0
3,2,2.363,60.63,5.374,0.975,0
3,3,2.588,61.3,5.44,0.992,0
3,4,2.362,58.15,5.305,0.609,0
3,5,2.618,57.16,5.284,0.646,0
3,6,2.628,56.94,5.276,0.751,0
3,7,2.88,61.09,5.348,0.978,0
3,8,2.543,59.27,5.12,0.935,0
3,9,2.411,58.58,5.361,0.626,0
3,10,2.849,59.73,5.2,0.945,0
3,11,2.599,57.79,5.324,0.888,0
3,12,2.594,60.3,5.101,0.885,0
3,13,2.856,61.41,5.209,0.904,0
3,14,2.542,58.84,5.24,0.786,0
3,15,2.583,60.42,5.198,0.919,0
3,16,2.65,59.85,5.275,0.81,0
3,17,2.632,61.03,5.276,0.959,0
3,18,3.058,57.54,5.141,0.688,0
3,19,2.986,58.99,5.357,0.673,0
3,20,2.639,59.5,5.232,0.805,0
3,21,2.434,61.36,5.221,0.964,0
3,22,2.967,60.31,5.26,0.766,0
3,23,2.789,58.49,5.121,0.965,0
3,24,2.824,61.56,5.319,0.695,0
3,25,2.899,62.69,5.351,0.907,0
3,26,2.68,58.94,5.376,0.967,0
3,27,2.825,61.14,5.338,0.933,0
3,28,2.728,60.27,5.316,0.769,0
3,29,2.893,56.96,5.272,0.699,0
3,30,3.118,61.57,5.219,0.922,0
3,31,2.853,61.35,5.124,0.965,0
3,32,2.824,59.84,5.271,0.677,0
3,33,3.234,58.0,5.087,0.798,0
3,34,3.23,60.13,5.002,0.673,0
3,35,3.033,60.18,4.985,0.615,0
3,36,4.548,59.71,5.331,0.608,0
3,37,3.212,61.69,5.233,0.778,0
3,38,3.299,59.97,5.111,0.774,0
3,39,2.995,59.88,5.079,0.678,0
3,40,2.864,61.62,5.048,0.755,0
3,41,3.277,61.26,5.268,0.668,0
3,42,3.359,61.55,5.042,0.877,0
3,43,3.288,62.48,5.118,0.89,0
3,44,3.401,60.28,4.972,0.649,0
3,45,3.23,61.49,5.122,0.69,0
3,46,3.44,60.59,5.18,0.677,0
3,47,3.527,62.79,5.111,0.98,0
3,48,3.545,63.16,4.938,0.982,0
3,49,3.472,60.35,5.231,0.682,0
3,50,3.372,59.95,5.034,0.651,0
3,51,3.363,59.34,5.202,0.622,0
3,52,3.809,60.52,4.901,0.934,0
3,53,3.347,60.8,5.179,0.605,0
3,54,3.445,62.61,4.966,0.856,0
3,55,3.255,61.06,5.03,0.757,0
3,56,3.68,62.45,5.006,0.876,0
3,57,3.656,62.73,5.193,0.936,0
3,58,3.435,63.6,4.999,0.764,0
3,59,3.304,62.62,4.999,0.763,0
3,60,3.668,65.16,4.895,0.952,0
3,61,3.827,60.85,4.956,0.622,0
3,62,3.665,63.77,4.861,0.968,0
3,63,3.717,62.33,4.969,0.754,0
3,64,3.848,63.4,4.979,0.729,0
3,65,4.064,62.77,4.986,0.803,0
3,66,4.059,65.77,4.938,0.959,0
3,67,4.069,65.09,4.848,0.833,0
3,68,4.159,63.35,4.831,0.775,0
3,69,4.194,62.63,4.77,0.604,0
3,70,4.04,62.61,4.811,0.744,0
3,71,4.211,64.62,4.754,0.763,0
3,72,4.206,65.43,4.751,0.894,0
3,73,4.141,62.57,4.623,0.7,0
3,74,4.187,65.83,4.831,0.991,0
3,75,4.226,61.66,4.815,0.602,0
3,76,4.605,62.53,4.903,0.619,0
3,77,4.327,64.9,4.773,0.908,0
3,78,4.509,64.39,4.652,0.606,0
3,79,4.499,65.02,4.831,0.907,0
3,80,4.479,64.76,4.85,0.611,0
3,81,4.052,66.02,4.903,0.972,0
3,82,4.624,66.56,4.869,0.754,0
3,83,4.538,66.95,4.636,0.977,0
3,84,4.432,66.32,4.872,0.972,1
3,85,1.724,54.35,5.414,0.655,0
3,86,2.087,53.24,5.623,0.632,0
3,87,2.198,54.4,5.518,0.802,0
3,88,2.146,57.34,5.731,0.986,0
3,89,1.829,53.98,5.633,0.878,0
3,90,1.707,54.84,5.599,0.797,0
3,91,1.937,52.41,5.545,0.649,0
3,92,1.777,56.67,5.684,0.963,0
3,93,1.872,55.05,5.51,0.877,0
3,94,1.936,53.52,5.75,0.982,0
3,95,1.816,54.78,5.565,0.761,0
3,96,2.332,52.51,5.61,0.632,0
3,97,2.07,56.18,5.524,0.961,0
3,98,1.996,55.82,5.616,0.828,0
3,99,2.029,55.74,5.454,0.947,0
3,100,2.124,54.88,5.752,0.64,0
3,101,2.065,55.46,5.65,0.959,0
3,102,4.271,52.2,5.651,0.664,0
3,103,2.321,55.6,5.666,0.97,0
3,104,2.05,55.37,5.67,0.982,0
3,105,1.911,55.77,5.586,0.726,0
3,106,1.913,54.53,5.571,0.685,0
3,107,2.241,55.03,5.551,0.605,0
3,108,2.168,54.24,5.578,0.759,0
3,109,2.259,55.65,5.492,0.809,0
3,110,2.005,55.52,5.642,0.984,0
3,111,1.836,55.34,5.391,0.617,0
3,112,2.31,55.32,5.623,0.72,0
3,113,2.043,54.33,5.424,0.679,0
3,114,2.002,54.54,5.581,0.725,0
3,115,2.188,56.11,5.598,0.884,0
3,116,1.901,55.29,5.652,0.686,0
3,117,1.952,54.09,5.511,0.884,0
3,118,2.161,55.17,5.413,0.652,0
3,119,2.084,55.4,5.562,0.637,0
3,120,1.995,54.82,5.505,0.831,0
3,121,2.062,55.92,5.689,0.857,0
3,122,2.051,55.59,5.475,0.863,0
3,123,1.937,56.56,5.495,0.897,0
3,124,1.727,55.88,5.516,0.827,0
3,125,2.126,55.58,5.423,0.874,0
3,126,2.01,54.69,5.552,0.713,0
3,127,2.235,53.92,5.348,0.767,0
3,128,4.313,55.6,5.574,0.755,0
3,129,2.103,54.55,5.606,0.819,0
3,130,1.78,55.23,5.67,0.739,0
3,131,1.744,54.54,5.456,0.864,0
3,132,2.201,55.4,5.41,0.617,0
3,133,2.217,56.2,5.46,0.696,0
3,134,2.155,57.81,5.293,0.764,0
3,135,2.064,56.27,5.419,0.83,0
3,136,2.216,54.01,5.561,0.689,0
3,137,1.85,57.58,5.2,0.977,0
3,138,2.086,57.84,5.441,0.77,0
3,139,2.331,55.18,5.498,0.674,0
3,140,1.913,56.41,5.657,0.899,0
3,141,2.349,56.79,5.429,0.854,0
3,142,2.337,56.77,5.341,0.884,0
3,143,1.966,56.79,5.324,0.952,0
3,144,2.139,56.51,5.66,0.98,0
3,145,2.327,57.57,5.536,0.889,0
3,146,2.185,55.89,5.46,0.665,0
3,147,2.061,56.89,5.491,0.788,0
3,148,2.437,55.61,5.415,0.796,0
3,149,1.777,56.07,5.45,0.614,0
3,150,2.191,58.49,5.373,0.928,0
3,151,2.12,55.43,5.491,0.816,0
3,152,2.006,57.09,5.537,0.921,0
3,153,2.269,57.75,5.39,0.867,0
3,154,2.35,56.15,5.382,0.81,0
3,155,2.068,60.15,5.407,0.808,0
3,156,2.479,53.42,5.496,0.629,0
3,157,2.295,55.53,5.34,0.676,0
3,158,2.355,56.29,5.34,0.698,0
3,159,2.245,58.59,5.244,0.646,0
3,160,2.121,57.48,5.413,0.909,0
3,161,2.223,57.52,5.323,0.978,0
3,162,2.66,57.87,5.249,0.717,0
3,163,2.263,55.05,5.423,0.619,0
3,164,2.077,57.46,5.448,0.908,0
3,165,2.222,55.79,5.261,0.605,0
3,166,2.343,57.96,5.355,0.886,0
3,167,2.51,58.25,5.495,0.864,0
3,168,2.38,59.02,5.468,0.973,0
3,169,2.337,58.47,5.49,0.875,0
3,170,2.351,55.31,5.337,0.603,0
3,171,2.432,58.45,5.248,0.715,0
3,172,2.393,59.43,5.198,0.975,0
3,173,2.274,56.15,5.258,0.817,0
3,174,2.471,57.35,5.232,0.653,0
3,175,2.224,54.77,5.303,0.712,0
3,176,2.48,59.43,5.463,0.929,0
3,177,2.658,58.65,5.197,0.994,0
3,178,2.621,57.1,5.377,0.657,0
3,179,2.547,59.13,5.23,0.89,0
3,180,2.393,57.51,5.243,0.763,0
3,181,2.719,59.13,5.281,0.881,0
3,182,2.667,59.62,5.218,0.982,0
3,183,2.7,58.69,5.249,0.735,0
3,184,2.704,59.72,5.214,0.943,0
3,185,2.412,60.8,5.374,0.989,0
3,186,2.699,59.14,5.302,0.828,0
3,187,2.843,58.27,5.231,0.94,0
3,188,2.576,59.68,5.229,0.886,0
3,189,3.012,59.75,5.159,0.937,0
3,190,2.826,61.02,5.362,0.908,0
3,191,3.079,59.97,5.222,0.818,0
3,192,2.856,59.07,5.224,0.805,0
3,193,3.159,60.44,5.128,0.912,0
3,194,2.874,58.94,5.222,0.624,0
3,195,3.043,60.53,5.31,0.726,0
3,196,2.714,59.41,5.114,0.84,0
3,197,3.007,60.4,4.995,0.99,0
3,198,2.961,60.81,5.208,0.945,0
3,199,3.053,58.65,4.999,0.684,0
3,200,3.024,59.76,5.248,0.72,0
3,201,3.083,61.02,5.126,0.881,0
3,202,2.966,60.2,4.989,0.734,0
3,203,2.996,61.29,5.229,0.749,0
3,204,3.286,60.98,5.005,0.916,0
3,205,3.126,59.64,5.186,0.724,0
3,206,3.233,61.66,5.074,0.896,0
3,207,3.189,62.37,5.128,0.935,0
3,208,3.223,60.54,4.886,0.683,0
3,209,3.506,60.25,5.138,0.72,0
3,210,3.483,61.27,5.005,0.683,0
3,211,3.17,59.13,5.199,0.711,0
3,212,3.286,60.37,4.852,0.726,0
3,213,3.476,59.69,5.09,0.651,0
3,214,3.503,62.01,5.194,0.827,0
3,215,3.549,61.09,5.181,0.695,0
3,216,3.127,62.57,5.065,0.815,0
3,217,3.414,61.77,5.089,0.879,0
3,218,3.607,61.28,5.034,0.912,0
3,219,3.45,61.92,4.968,0.654,0
3,220,3.566,60.83,4.992,0.741,0
3,221,3.348,63.5,5.047,0.975,0
3,222,3.467,64.03,5.076,0.896,0
3,223,3.573,62.84,5.088,0.769,0
3,224,3.8,63.13,4.898,0.797,0
3,225,3.574,63.4,5.157,0.799,0
3,226,3.743,62.27,4.876,0.885,0
3,227,3.861,61.39,5.087,0.739,0
3,228,3.936,65.49,4.682,0.879,0
3,229,4.163,62.61,4.795,0.618,0
3,230,4.079,64.21,4.727,0.978,0
3,231,4.15,64.96,4.949,0.9,0
3,232,4.219,62.83,4.843,0.78,0
3,233,4.203,63.05,4.816,0.642,0
3,234,4.367,65.74,4.97,0.978,0
3,235,4.21,64.15,4.889,0.923,0
3,236,3.994,64.55,4.858,0.75,0
3,237,4.198,65.51,4.777,0.894,0
3,238,4.451,63.18,4.852,0.645,0
3,239,4.261,66.82,4.83,0.989,0
3,240,4.415,65.63,4.734,0.913,0
3,241,4.527,63.23,4.76,0.764,0
3,242,4.659,65.19,4.752,0.976,1
3,243,1.877,56.12,5.472,0.97,0
3,244,2.178,55.28,5.245,0.992,0
3,245,2.016,55.44,5.492,0.794,0
3,246,1.744,53.89,5.464,0.696,0
3,247,2.313,53.52,5.604,0.765,0
3,248,2.181,54.65,5.397,0.618,0
3,249,1.967,55.78,5.639,0.837,0
3,250,2.242,57.29,5.714,0.948,0
3,251,2.156,55.81,5.514,0.689,0
3,252,1.929,54.01,5.635,0.639,0
3,253,2.123,55.7,5.585,0.851,0
3,254,2.28,53.71,5.618,0.605,0
3,255,1.944,53.25,5.594,0.716,0
3,256,1.739,54.58,5.407,0.767,0
3,257,1.942,54.76,5.415,0.789,0
3,258,2.186,54.01,5.691,0.76,0
3,259,2.014,55.08,5.629,0.745,0
3,260,1.74,55.67,5.651,0.986,0
3,261,2.274,56.15,5.642,0.949,0
3,262,2.076,55.41,5.725,0.707,0
3,263,2.056,55.85,5.352,0.725,0
3,264,1.85,56.25,5.667,0.887,0
3,265,2.311,55.38,5.523,0.687,0
3,266,1.948,55.96,5.592,0.857,0
3,267,2.276,55.33,5.633,0.802,0
3,268,2.013,52.37,5.609,0.64,0
3,269,2.049,56.25,5.683,0.807,0
3,270,1.997,56.91,5.61,0.832,0
3,271,1.941,55.13,5.539,0.825,0
3,272,2.077,55.21,5.564,0.993,0
3,273,1.92,54.8,5.561,0.692,0
3,274,1.908,57.3,5.727,0.832,0
3,275,2.224,54.49,5.588,0.868,0
3,276,2.126,57.33,5.554,0.942,0
3,277,2.265,56.2,5.406,0.947,0
3,278,2.044,55.82,5.627,0.957,0
3,279,2.258,56.55,5.471,0.643,0
3,280,2.055,55.82,5.452,0.74,0
3,281,1.818,53.73,5.594,0.842,0
3,282,2.098,54.44,5.771,0.778,0
3,283,2.052,56.4,5.453,0.829,0
3,284,1.922,54.72,5.451,0.786,0
3,285,1.87,55.97,5.685,0.625,0
3,286,2.324,56.38,5.487,0.823,0
3,287,2.083,56.53,5.498,0.99,0
3,288,1.909,56.11,5.586,0.832,0
3,289,2.16,54.1,5.631,0.645,0
3,290,2.047,54.68,5.467,0.635,0
3,291,2.196,55.9,5.471,0.974,0
3,292,2.273,53.35,5.442,0.855,0
3,293,2.133,56.9,5.734,0.977,0
3,294,1.936,54.29,5.516,0.68,0
3,295,1.951,55.22,5.78,0.784,0
3,296,2.116,53.78,5.431,0.69,0
3,297,2.234,55.95,5.395,0.798,0
3,298,1.973,54.18,5.713,0.666,0
3,299,1.966,55.06,5.58,0.978,0
3,300,2.006,56.43,5.568,0.937,0
3,301,1.858,56.37,5.773,0.82,0
3,302,2.098,55.86,5.61,0.921,0
3,303,2.216,54.62,5.626,0.756,0
3,304,1.95,56.96,5.41,0.857,0
3,305,1.882,55.68,5.429,0.697,0
3,306,2.304,56.95,5.416,0.913,0
3,307,1.809,54.58,5.567,0.605,0
3,308,2.082,53.17,5.409,0.792,0
3,309,2.108,54.03,5.573,0.932,0
3,310,2.182,55.92,5.445,0.734,0
3,311,2.043,54.97,5.499,0.849,0
3,312,2.289,54.8,5.648,0.788,0
3,313,2.256,55.03,5.583,0.799,0
3,314,1.623,54.4,5.729,0.93,0
3,315,2.255,56.23,5.603,0.979,0
3,316,2.282,57.78,5.472,0.939,0
3,317,2.07,55.4,5.579,0.658,0
3,318,2.212,55.11,5.499,0.769,0
3,319,2.028,55.29,5.721,0.892,0
3,320,1.975,54.64,5.496,0.667,0
3,321,2.489,53.52,5.888,0.605,0
3,322,1.903,54.86,5.311,0.843,0
3,323,1.994,55.6,5.519,0.774,0
3,324,1.895,53.71,5.54,0.612,0
3,325,2.116,55.82,5.539,0.626,0
3,326,1.913,56.12,5.463,0.862,0
3,327,2.196,56.96,5.349,0.895,0
3,328,2.169,56.01,5.413,0.801,0
3,329,2.33,55.85,5.295,0.746,0
3,330,1.82,55.72,5.264,0.755,0
3,331,1.957,57.61,5.511,0.935,0
3,332,1.779,57.79,5.352,0.872,0
3,333,2.168,57.19,5.561,0.926,0
3,334,2.105,55.83,5.497,0.833,0
3,335,1.816,57.53,5.605,0.864,0
3,336,2.021,55.83,5.629,0.758,0
3,337,2.448,56.69,5.527,0.777,0
3,338,2.052,54.24,5.496,0.772,0
3,339,2.03,54.41,5.628,0.624,0
3,340,2.236,55.08,5.447,0.632,0
3,341,2.181,55.91,5.522,1.0,0
3,342,2.49,55.47,5.409,0.745,0
3,343,2.22,56.43,5.269,0.852,0
3,344,2.014,58.22,5.427,0.955,0
3,345,1.969,56.97,5.443,0.767,0
3,346,2.072,56.11,5.407,0.836,0
3,347,2.089,56.97,5.549,0.895,0
3,348,2.195,54.47,5.417,0.737,0
3,349,2.352,57.18,5.433,0.969,0
3,350,1.957,58.22,5.45,0.857,0
3,351,2.066,55.31,5.422,0.656,0
3,352,2.249,56.87,5.492,0.791,0
3,353,1.745,55.44,5.494,0.72,0
3,354,2.111,58.22,5.398,0.926,0
3,355,2.143,53.41,5.535,0.632,0
3,356,2.081,56.84,5.332,0.954,0
3,357,1.999,56.52,5.31,0.943,0
3,358,2.257,56.45,5.455,0.69,0
3,359,2.204,55.87,5.401,0.75,0
3,360,2.272,54.41,5.608,0.682,0
3,361,2.194,55.85,5.714,0.615,0
3,362,2.341,56.18,5.493,0.646,0
3,363,1.983,56.98,5.319,0.95,0
3,364,2.426,55.33,5.451,0.787,0
4,0,2.038,63.12,5.207,0.653,0
4,1,2.155,64.63,5.051,0.852,0
4,2,2.024,64.78,5.329,0.846,0
4,3,1.896,64.62,5.149,0.894,0
4,4,1.966,64.81,5.222,0.929,0
4,5,1.988,64.78,5.035,0.867,0
4,6,2.176,63.43,5.251,0.742,0
4,7,2.348,63.13,5.315,0.787,0
4,8,2.351,62.42,5.186,0.633,0
4,9,2.308,66.15,5.18,0.886,0
4,10,2.119,65.71,5.151,0.974,0
4,11,1.983,63.89,5.176,0.906,0
4,12,2.053,64.98,5.225,0.764,0
4,13,2.104,64.62,5.235,0.92,0
4,14,1.949,66.69,5.179,0.964,0
4,15,2.084,63.43,5.086,0.841,0
4,16,2.023,64.84,5.384,0.833,0
4,17,2.169,63.32,5.266,0.915,0
4,18,2.27,63.24,5.153,0.932,0
4,19,2.095,62.7,5.283,0.616,0
4,20,1.972,63.89,5.131,0.785,0
4,21,2.202,63.49,4.959,0.946,0
4,22,2.011,66.15,5.305,0.963,0
4,23,1.912,64.95,5.282,0.989,0
4,24,2.372,63.13,5.254,0.74,0
4,25,2.048,63.16,5.203,0.69,0
4,26,2.087,64.14,5.313,0.781,0
4,27,2.362,66.35,5.213,0.981,0
4,28,2.054,62.08,5.104,0.737,0
4,29,1.836,63.81,5.541,0.873,0
4,30,1.807,64.28,5.151,0.863,0
4,31,1.792,64.6,5.014,0.796,0
4,32,1.986,65.44,5.294,0.999,0
4,33,1.842,65.01,5.108,0.965,0
4,34,4.706,62.83,5.077,0.682,0
4,35,2.026,65.29,5.151,0.918,0
4,36,1.873,63.82,5.325,0.611,0
4,37,2.008,62.6,5.023,0.616,0
4,38,2.217,64.25,5.189,0.91,0
4,39,2.059,62.57,5.567,0.676,0
4,40,2.126,65.47,5.084,0.929,0
4,41,1.855,65.31,5.06,0.695,0
4,42,2.477,63.94,5.363,0.617,0
4,43,2.189,63.34,5.163,0.663,0
4,44,2.15,63.05,5.073,0.666,0
4,45,2.269,63.73,4.969,0.941,0
4,46,2.323,63.54,5.276,0.621,0
4,47,2.026,65.63,5.339,0.799,0
4,48,2.05,65.29,5.168,0.848,0
4,49,1.888,65.16,5.139,0.7,0
4,50,2.27,63.46,5.213,0.642,0
4,51,1.896,63.52,4.999,0.894,0
4,52,2.412,63.9,5.301,0.873,0
4,53,1.986,64.5,5.202,0.956,0
4,54,2.144,65.14,5.249,0.978,0
4,55,1.992,62.65,5.175,0.814,0
4,56,2.127,63.76,5.211,0.783,0
4,57,2.314,65.05,5.33,0.889,0
4,58,2.218,62.76,5.074,0.636,0
4,59,2.061,66.4,5.181,0.946,0
4,60,2.013,62.28,5.273,0.68,0
4,61,2.134,61.65,5.146,0.702,0
4,62,2.224,63.92,5.43,0.795,0
4,63,2.344,65.25,5.135,0.826,0
4,64,1.904,60.92,5.146,0.623,0
4,65,1.958,65.68,5.155,0.861,0
4,66,2.49,65.05,5.068,0.988,0
4,67,2.101,64.51,5.231,0.873,0
4,68,2.292,64.31,5.03,0.784,0
4,69,2.431,63.01,5.247,0.63,0
4,70,2.15,65.71,5.097,0.988,0
4,71,2.05,65.27,5.296,0.971,0
4,72,2.257,63.79,5.205,0.711,0
4,73,2.01,64.41,5.214,0.831,0
4,74,2.14,63.58,5.085,0.766,0
4,75,1.93,64.05,5.24,0.86,0
4,76,2.044,64.17,5.311,0.971,0
4,77,2.119,64.01,5.145,0.711,0
4,78,2.056,64.5,5.134,0.921,0
4,79,2.317,64.59,5.175,0.959,0
4,80,2.165,65.29,5.178,0.872,0
4,81,2.331,63.96,5.218,0.878,0
4,82,2.246,63.27,5.174,0.849,0
4,83,2.187,64.12,5.138,0.625,0
4,84,2.164,64.05,5.089,0.86,0
4,85,2.074,64.52,5.048,0.629,0
4,86,2.42,65.1,5.197,0.943,0
4,87,1.864,63.93,5.12,0.699,0
4,88,2.244,64.46,5.134,0.819,0
4,89,2.128,63.7,5.166,0.924,0
4,90,1.89,64.35,5.187,0.947,0
4,91,2.03,65.17,5.142,0.928,0
4,92,2.331,62.23,5.157,0.763,0
4,93,1.944,63.29,5.179,0.66,0
4,94,2.043,64.99,5.142,0.977,0
4,95,2.187,64.42,5.079,0.606,0
4,96,2.071,61.83,5.324,0.73,0
4,97,2.4,65.24,5.233,0.691,0
4,98,2.138,63.28,5.187,0.721,0
4,99,2.138,65.42,5.203,0.743,0
4,100,1.956,65.36,5.083,0.98,0
4,101,2.432,64.75,5.141,0.911,0
4,102,1.964,64.4,5.261,0.703,0
4,103,2.1,63.96,5.245,0.704,0
4,104,2.139,65.92,5.159,0.879,0
4,105,1.792,63.59,5.04,0.952,0
4,106,1.966,66.32,5.195,0.955,0
4,107,2.09,65.82,5.138,0.992,0
4,108,2.325,63.52,5.049,0.655,0
4,109,2.062,63.86,5.124,0.691,0
4,110,2.009,64.7,5.212,0.84,0
4,111,2.424,64.79,5.237,0.694,0
4,112,2.3,63.94,5.123,0.937,0
4,113,1.928,64.84,5.132,0.817,0
4,114,1.93,65.18,5.122,0.86,0
4,115,2.308,63.24,5.165,0.963,0
4,116,2.003,62.96,5.322,0.681,0
4,117,1.943,66.15,5.273,0.826,0
4,118,2.246,65.21,5.077,0.887,0
4,119,2.126,65.07,5.079,0.985,0
4,120,2.144,62.45,5.15,0.673,0
4,121,2.251,64.21,5.051,0.735,0
4,122,2.352,64.68,5.18,0.733,0
4,123,2.0,64.66,5.266,0.66,0
4,124,1.993,62.48,5.164,0.809,0
4,125,2.027,64.37,5.0,0.708,0
4,126,2.348,63.64,5.05,0.759,0
4,127,2.19,64.03,5.21,0.85,0
4,128,1.834,65.19,5.055,0.975,0
4,129,2.018,62.65,5.092,0.82,0
4,130,2.071,64.97,5.07,0.845,0
4,131,2.038,65.75,4.932,0.828,0
4,132,2.256,61.76,5.154,0.698,0
4,133,2.261,65.76,5.182,0.806,0
4,134,2.226,64.29,5.151,0.859,0
4,135,2.196,62.7,5.147,0.634,0
4,136,2.132,61.1,4.926,0.682,0
4,137,2.235,64.15,5.089,0.802,0
4,138,2.044,63.43,5.023,0.677,0
4,139,2.212,65.63,5.151,0.869,0
4,140,2.26,63.83,5.014,0.705,0
4,141,2.126,64.6,5.424,0.897,0
4,142,1.961,64.39,5.102,0.902,0
4,143,2.373,64.29,5.022,0.618,0
4,144,2.346,63.34,5.146,0.675,0
4,145,2.317,64.51,4.986,0.766,0
4,146,2.163,63.26,5.147,0.635,0
4,147,2.077,66.66,5.372,0.828,0
4,148,2.185,64.65,5.174,0.962,0
4,149,2.228,64.05,5.187,0.724,0
4,150,2.279,66.87,5.114,0.983,0
4,151,2.201,64.3,4.959,0.796,0
4,152,2.338,65.04,5.166,0.898,0
4,153,2.194,64.67,5.15,0.913,0
4,154,2.244,64.82,5.101,0.637,0
4,155,2.351,64.85,5.201,0.881,0
4,156,2.154,65.43,5.093,0.843,0
4,157,2.508,63.69,5.108,0.648,0
4,158,1.896,66.75,5.212,0.921,0
4,159,2.346,64.46,5.087,0.896,0
4,160,1.932,63.99,5.102,0.805,0
4,161,2.463,64.23,5.071,0.749,0
4,162,2.401,63.45,5.201,0.699,0
4,163,2.01,63.39,5.043,0.732,0
4,164,2.114,64.08,5.062,0.622,0
4,165,2.345,62.89,5.1,0.783,0
4,166,2.02,66.59,4.982,0.929,0
4,167,2.079,63.91,5.147,0.809,0
4,168,2.045,61.65,5.057,0.676,0
4,169,2.216,62.94,5.3,0.762,0
4,170,2.196,65.62,5.09,0.677,0
4,171,2.305,64.18,5.097,0.745,0
4,172,2.202,66.03,5.207,0.811,0
4,173,2.414,64.09,5.247,0.682,0
4,174,2.042,65.95,5.174,0.888,0
4,175,2.065,62.91,5.194,0.635,0
4,176,2.127,64.56,5.199,0.81,0
4,177,2.114,65.52,5.012,0.903,0
4,178,2.218,63.43,4.884,0.804,0
4,179,4.218,65.49,5.086,0.82,0
4,180,2.481,64.5,5.137,0.842,0
4,181,2.391,64.04,5.132,0.949,0
4,182,2.197,63.76,5.074,0.807,0
4,183,2.225,66.48,5.132,0.917,0
4,184,2.095,64.35,5.011,0.785,0
4,185,2.39,64.39,5.205,0.638,0
4,186,2.137,66.21,5.095,0.96,0
4,187,2.11,63.15,4.915,0.696,0
4,188,2.36,64.15,5.205,0.729,0
4,189,2.248,63.7,5.058,0.772,0
4,190,2.444,64.43,5.199,0.608,0
4,191,2.293,64.4,5.207,0.645,0
4,192,2.257,65.23,5.079,0.716,0
4,193,2.095,65.34,5.075,0.917,0
4,194,1.971,64.65,5.297,0.689,0
4,195,2.019,66.59,5.155,0.742,0
4,196,2.48,65.26,5.159,0.9,0
4,197,2.05,63.34,5.13,0.662,0
4,198,2.329,65.81,5.135,0.979,0
4,199,2.166,65.65,4.917,0.887,0
4,200,2.181,63.96,5.134,0.709,0
4,201,2.077,67.78,4.96,0.963,0
4,202,2.024,64.89,5.126,0.759,0
4,203,2.251,65.41,5.08,0.742,0
4,204,2.122,65.08,5.137,0.911,0
4,205,2.261,64.98,5.178,0.918,0
4,206,2.086,66.13,5.174,0.841,0
4,207,2.173,64.04,4.97,0.691,0
4,208,2.271,64.15,5.171,0.617,0
4,209,1.997,66.96,5.226,0.822,0
4,210,2.034,66.04,4.848,0.996,0
4,211,2.136,65.65,5.111,0.942,0
4,212,2.394,64.48,4.934,0.657,0
4,213,2.156,65.7,5.071,0.956,0
4,214,2.207,64.43,4.856,0.658,0
4,215,2.243,64.33,4.949,0.705,0
4,216,2.41,64.94,4.919,0.878,0
4,217,2.219,66.08,5.183,0.949,0
4,218,2.127,66.22,5.117,0.77,0
4,219,2.554,66.39,5.103,0.859,0
4,220,2.242,66.55,5.051,0.927,0
4,221,2.373,66.83,5.041,1.0,0
4,222,2.186,67.29,5.136,0.954,0
4,223,2.314,67.03,5.098,0.895,0
4,224,2.027,66.03,5.029,0.883,0
4,225,2.172,65.29,5.257,0.857,0
4,226,2.272,65.64,4.926,0.846,0
4,227,1.9,67.49,5.12,0.983,0
4,228,2.156,67.8,5.091,0.908,0
4,229,2.48,65.04,5.004,0.798,0
4,230,2.152,65.5,5.178,0.989,0
4,231,2.441,64.0,5.047,0.663,0
4,232,2.579,65.82,4.91,0.926,0
4,233,2.299,66.01,5.194,0.777,0
4,234,1.981,65.17,5.203,0.74,0
4,235,2.43,66.81,5.146,0.993,0
4,236,2.155,64.55,5.082,0.799,0
4,237,2.462,66.38,5.164,0.84,0
4,238,2.227,64.24,5.227,0.915,0
4,239,2.743,64.28,4.982,0.611,0
4,240,2.255,66.24,5.094,0.934,0
4,241,2.342,67.12,5.179,0.963,0
4,242,2.5,63.49,4.839,0.841,0
4,243,2.666,67.05,5.067,0.932,0
4,244,2.512,62.84,5.145,0.637,0
4,245,2.385,66.98,4.972,0.914,0
4,246,2.094,65.75,4.992,0.726,0
4,247,2.269,65.56,5.1,0.922,0
4,248,2.172,65.09,5.144,0.634,0
4,249,2.434,65.93,4.994,0.677,0
4,250,2.554,66.58,5.101,0.882,0
4,251,2.336,65.62,5.055,0.841,0
4,252,2.333,65.63,5.001,0.725,0
4,253,2.081,66.88,5.079,0.65,0
4,254,2.414,64.77,5.232,0.695,0
4,255,2.37,67.48,4.889,0.982,0
4,256,2.348,66.09,4.997,0.759,0
4,257,2.451,66.62,5.212,0.981,0
4,258,2.76,66.2,5.337,0.992,0
4,259,2.486,63.74,4.912,0.654,0
4,260,2.503,65.27,5.011,0.759,0
4,261,2.518,66.82,5.153,0.747,0
4,262,2.53,64.97,5.083,0.75,0
4,263,2.476,66.18,5.04,0.722,0
4,264,2.644,66.73,4.981,0.979,0
4,265,2.567,65.28,5.045,0.945,0
4,266,2.714,63.26,5.045,0.608,0
4,267,2.457,67.52,5.04,0.746,0
4,268,2.598,66.22,4.89,0.74,0
4,269,2.392,64.03,5.037,0.656,0
4,270,2.531,67.79,5.059,0.884,0
4,271,2.593,64.13,5.161,0.752,0
4,272,2.495,65.97,5.024,0.748,0
4,273,2.787,64.87,5.033,0.76,0
4,274,2.647,65.4,5.088,0.768,0
4,275,2.503,64.9,5.176,0.628,0
4,276,2.433,64.67,4.972,0.711,0
4,277,2.332,64.63,4.896,0.779,0
4,278,2.584,66.3,5.166,0.859,0
4,279,2.655,67.35,5.061,0.9,0
4,280,2.615,65.46,5.077,0.741,0
4,281,2.299,65.45,5.134,0.822,0
4,282,2.274,64.26,4.808,0.684,0
4,283,2.394,64.22,5.135,0.648,0
4,284,2.627,65.21,4.903,0.763,0
4,285,2.695,65.97,5.198,0.81,0
4,286,2.746,67.26,5.053,0.935,0
4,287,2.475,68.09,4.991,0.949,0
4,288,2.562,67.99,4.887,0.93,0
4,289,2.444,68.83,5.082,0.945,0
4,290,2.423,65.98,4.929,0.98,0
4,291,2.575,65.76,4.965,0.704,0
4,292,2.608,64.68,4.954,0.676,0
4,293,2.742,66.07,5.037,0.879,0
4,294,2.658,65.6,4.867,0.693,0
4,295,2.907,64.82,5.018,0.713,0
4,296,2.487,66.62,5.025,0.818,0
4,297,2.907,66.32,5.138,0.949,0
4,298,2.59,65.68,5.132,0.813,0
4,299,2.413,65.07,4.908,0.683,0
4,300,2.779,65.49,4.81,0.704,0
4,301,2.736,66.59,5.064,0.903,0
4,302,2.538,66.26,4.929,0.797,0
4,303,2.912,65.5,4.986,0.682,0
4,304,2.436,64.79,4.965,0.652,0
4,305,2.581,67.53,5.093,0.895,0
4,306,2.329,66.19,5.04,0.901,0
4,307,2.766,65.35,4.883,0.882,0
4,308,2.929,65.42,5.019,0.6,0
4,309,2.382,68.5,4.894,0.906,0
4,310,2.69,68.06,5.136,0.848,0
4,311,2.546,67.38,4.916,0.965,0
4,312,2.747,66.86,4.979,0.733,0
4,313,2.737,64.68,4.992,0.824,0
4,314,2.656,69.12,5.118,0.852,0
4,315,2.694,67.31,4.944,0.759,0
4,316,2.56,64.81,4.919,0.644,0
4,317,2.62,67.33,4.996,0.887,0
4,318,2.495,66.17,4.913,0.885,0
4,319,2.385,66.47,4.838,0.979,0
4,320,2.653,67.88,5.112,0.832,0
4,321,2.523,66.41,4.965,0.725,0
4,322,2.624,67.71,4.948,0.802,0
4,323,2.825,66.44,5.034,0.892,0
4,324,2.462,67.38,4.998,0.931,0
4,325,2.852,63.63,4.859,0.735,0
4,326,2.712,67.14,5.024,0.749,0
4,327,2.851,66.9,4.919,0.781,0
4,328,2.699,65.59,4.898,0.669,0
4,329,2.718,67.17,5.005,0.64,0
4,330,2.976,65.77,5.078,0.749,0
4,331,2.609,65.37,4.963,0.62,0
4,332,2.792,66.17,4.806,0.85,0
4,333,2.865,65.57,4.984,0.759,0
4,334,2.642,66.11,5.019,0.724,0
4,335,2.949,67.23,5.06,0.802,0
4,336,2.836,67.95,4.73,0.981,0
4,337,2.525,67.98,5.03,0.871,0
4,338,2.975,68.33,5.151,0.966,0
4,339,2.649,67.23,4.943,0.778,0
4,340,2.947,65.86,4.894,0.646,0
4,341,2.718,66.84,5.071,0.721,0
4,342,3.084,66.26,4.849,0.668,0
4,343,2.694,66.63,4.788,0.768,0
4,344,2.738,68.31,5.004,0.899,0
4,345,2.642,66.47,4.758,0.675,0
4,346,2.72,68.44,5.002,0.763,0
4,347,3.138,65.68,4.988,0.767,1
4,348,2.108,65.46,5.078,0.932,0
4,349,2.059,64.75,5.267,0.765,0
4,350,1.963,62.95,5.103,0.804,0
4,351,2.008,62.83,5.178,0.622,0
4,352,2.3,61.86,5.157,0.624,0
4,353,2.168,65.99,5.22,0.968,0
4,354,2.073,64.11,5.243,0.862,0
4,355,1.979,62.6,5.25,0.647,0
4,356,2.35,65.31,5.025,0.835,0
4,357,1.89,65.1,5.16,0.851,0
4,358,2.227,64.16,5.283,0.915,0
4,359,2.166,65.11,5.068,0.872,0
4,360,1.982,62.81,5.255,0.801,0
4,361,2.019,67.09,5.173,0.981,0
4,362,2.163,62.0,5.293,0.747,0
4,363,1.988,63.64,5.319,0.748,0
4,364,2.039,63.79,5.274,0.608,0
5,0,2.588,60.26,4.798,0.708,0
5,1,2.542,60.61,4.833,0.794,0
5,2,2.511,62.21,4.787,0.969,0
5,3,2.944,61.48,4.722,0.962,0
5,4,2.632,58.34,4.753,0.663,0
5,5,2.756,61.16,4.702,0.802,0
5,6,2.601,60.54,4.912,0.735,0
5,7,2.444,61.88,4.63,0.849,0
5,8,2.701,62.74,4.708,0.997,0
5,9,2.826,61.75,4.679,0.813,0
5,10,2.781,60.41,4.636,0.929,0
5,11,2.828,62.88,4.804,0.698,0
5,12,2.711,61.14,4.528,0.912,0
5,13,2.996,63.46,4.595,0.855,0
5,14,2.648,61.46,4.572,0.775,0
5,15,2.804,64.64,4.555,0.957,0
5,16,2.626,61.33,4.798,0.831,0
5,17,2.786,59.96,4.526,0.663,0
5,18,3.343,60.74,4.595,0.631,0
5,19,2.832,62.03,4.712,0.673,0
5,20,3.015,61.37,4.612,0.699,0
5,21,2.641,59.87,4.495,0.721,0
5,22,2.78,59.75,4.629,0.617,0
5,23,3.074,62.98,4.677,0.738,0
5,24,3.158,62.77,4.55,0.836,0
5,25,3.142,63.18,4.457,0.773,0
5,26,2.927,63.18,4.438,0.676,0
5,27,3.028,61.86,4.449,0.675,0
5,28,3.255,60.59,4.332,0.733,0
5,29,3.519,64.57,4.556,0.912,0
5,30,3.24,63.22,4.637,0.669,0
5,31,3.273,63.1,4.745,0.795,0
5,32,3.243,63.1,4.494,0.771,0
5,33,3.382,62.96,4.545,0.854,0
5,34,3.198,65.65,4.437,0.857,0
5,35,3.201,65.59,4.403,0.894,0
5,36,3.62,64.54,4.367,0.76,0
5,37,3.437,65.09,4.487,0.943,0
5,38,3.6,64.65,4.564,0.848,0
5,39,3.627,63.79,4.202,0.688,0
5,40,3.745,64.08,4.371,0.877,0
5,41,3.636,63.79,4.302,0.79,0
5,42,3.706,65.84,4.351,0.956,0
5,43,3.882,65.96,4.423,0.82,0
5,44,3.716,64.41,4.341,0.826,0
5,45,3.929,64.11,4.432,0.69,0
5,46,3.82,64.95,4.398,0.693,0
5,47,3.738,64.99,4.424,0.966,0
5,48,3.958,65.25,4.296,0.675,0
5,49,3.909,66.31,4.309,0.982,0
5,50,4.015,67.18,4.221,0.797,0
5,51,4.055,66.08,4.125,0.779,0
5,52,4.514,67.61,4.234,0.909,0
5,53,4.466,66.09,4.291,0.904,0
5,54,4.237,69.36,4.281,0.867,0
5,55,4.368,64.78,4.107,0.681,0
5,56,4.486,66.72,4.205,0.614,0
5,57,4.493,66.35,4.042,0.659,0
5,58,4.449,66.5,4.306,0.71,0
5,59,4.59,67.61,4.183,0.752,0
5,60,4.678,68.86,4.366,0.892,0
5,61,4.749,66.9,4.239,0.881,0
5,62,4.692,68.26,4.155,0.934,0
5,63,4.631,70.29,4.179,0.965,0
5,64,5.043,65.71,4.131,0.886,1
5,65,2.254,59.72,4.927,0.927,0
5,66,2.302,57.39,4.968,0.725,0
5,67,2.198,57.19,4.865,0.923,0
5,68,2.066,58.83,4.777,0.962,0
5,69,2.236,55.83,4.885,0.642,0
5,70,2.241,57.81,4.923,0.735,0
5,71,2.448,56.79,4.928,0.8,0
5,72,2.41,58.82,4.991,0.977,0
5,73,2.43,58.62,4.886,0.72,0
5,74,2.15,57.83,4.948,0.82,0
5,75,2.671,59.72,5.0,0.959,0
5,76,2.245,56.62,4.928,0.76,0
5,77,2.274,56.88,5.012,0.678,0
5,78,2.193,57.2,4.987,0.749,0
5,79,2.326,57.86,4.831,0.737,0
5,80,2.121,57.71,4.934,0.76,0
5,81,2.351,58.31,4.803,0.867,0
5,82,2.201,56.97,4.866,0.717,0
5,83,2.404,60.27,4.931,0.933,0
5,84,2.093,56.6,4.911,0.646,0
5,85,2.256,56.88,4.801,0.653,0
5,86,2.428,59.04,4.871,0.997,0
5,87,2.426,57.83,4.792,0.628,0
5,88,2.495,61.13,4.755,0.935,0
5,89,2.276,59.67,4.808,0.88,0
5,90,2.039,59.96,4.992,0.974,0
5,91,2.504,58.44,4.754,0.902,0
5,92,2.345,60.87,4.78,0.764,0
5,93,2.488,57.73,4.788,0.767,0
5,94,2.28,57.83,4.989,0.741,0
5,95,2.135,60.03,4.789,0.814,0
5,96,2.355,58.37,4.814,0.783,0
5,97,2.536,59.38,4.908,0.701,0
5,98,2.334,56.31,4.91,0.862,0
5,99,2.422,56.3,4.649,0.675,0
5,100,2.579,57.9,4.682,0.874,0
5,101,2.178,60.48,4.934,0.932,0
5,102,2.648,60.4,4.978,0.842,0
5,103,2.478,60.42,4.891,0.982,0
5,104,2.429,60.24,4.892,0.675,0
5,105,2.476,57.15,4.935,0.66,0
5,106,2.415,60.87,4.812,0.813,0
5,107,2.466,61.09,4.725,0.848,0
5,108,2.432,61.31,4.66,0.843,0
5,109,2.422,59.61,4.611,0.835,0
5,110,2.365,59.04,4.708,0.64,0
5,111,2.596,60.96,4.758,0.941,0
5,112,2.535,61.34,4.778,0.835,0
5,113,2.252,59.25,4.833,0.661,0
5,114,2.574,61.6,4.792,0.921,0
5,115,2.492,61.99,4.819,0.989,0
5,116,2.722,61.79,4.816,0.983,0
5,117,2.786,60.53,4.668,0.958,0
5,118,2.698,61.38,4.64,0.925,0
5,119,2.785,62.71,4.675,0.963,0
5,120,2.708,60.29,4.415,0.775,0
5,121,2.884,60.87,4.644,0.856,0
5,122,2.809,61.78,4.757,0.763,0
5,123,2.881,60.26,4.561,0.611,0
5,124,3.096,60.78,4.702,0.845,0
5,125,2.872,62.43,4.819,0.675,0
5,126,2.898,61.02,4.641,0.612,0
5,127,3.167,63.33,4.612,0.92,0
5,128,2.897,61.6,4.582,0.786,0
5,129,2.921,61.06,4.557,0.683,0
5,130,3.02,64.5,4.646,0.825,0
5,131,2.803,61.44,4.424,0.601,0
5,132,2.948,61.85,4.358,0.786,0
5,133,3.109,62.46,4.698,0.814,0
5,134,3.081,62.58,4.47,0.657,0
5,135,3.33,62.13,4.591,0.847,0
5,136,3.28,63.64,4.444,0.658,0
5,137,3.495,63.19,4.635,0.851,0
5,138,3.376,65.24,4.405,0.83,0
5,139,3.44,63.43,4.483,0.989,0
5,140,3.601,65.86,4.375,0.993,0
5,141,3.353,64.93,4.154,0.943,0
5,142,3.64,63.29,4.413,0.649,0
5,143,3.633,66.02,4.4,0.967,0
5,144,3.863,63.25,4.392,0.848,0
5,145,3.57,64.84,4.336,0.934,0
5,146,3.626,63.71,4.298,0.737,0
5,147,3.998,64.89,4.314,0.997,0
5,148,3.9,65.87,4.332,0.893,0
5,149,3.814,65.42,4.108,0.627,0
5,150,3.821,65.71,4.396,0.911,0
5,151,4.057,65.57,4.216,0.967,0
5,152,4.334,65.32,4.148,0.679,0
5,153,4.314,65.36,4.351,0.662,0
5,154,4.215,61.98,4.317,0.616,0
5,155,4.353,65.88,4.233,0.869,0
5,156,4.162,68.08,4.342,0.951,0
5,157,4.454,67.01,4.15,0.912,0
5,158,4.613,64.74,4.065,0.632,0
5,159,4.507,67.23,4.268,0.921,0
5,160,4.53,66.32,4.125,0.78,0
5,161,4.539,68.0,4.215,0.773,0
5,162,4.75,69.06,4.061,0.869,0
5,163,4.595,67.8,4.173,0.962,0
5,164,4.851,67.01,4.214,0.66,1
5,165,2.473,59.68,4.788,0.977,0
5,166,2.185,58.29,4.957,0.605,0
5,167,2.325,58.91,4.943,0.976,0
5,168,2.497,60.13,4.809,0.882,0
5,169,2.2,57.62,4.903,0.792,0
5,170,2.131,57.89,4.96,0.714,0
5,171,2.404,56.79,4.984,0.909,0
5,172,2.045,59.15,4.974,0.922,0
5,173,1.944,58.48,4.856,0.829,0
5,174,2.453,55.51,4.973,0.859,0
5,175,2.233,56.95,4.801,0.764,0
5,176,2.284,55.9,5.035,0.786,0
5,177,2.488,58.9,4.912,1.0,0
5,178,2.176,57.71,4.992,0.787,0
5,179,2.538,56.24,4.812,0.851,0
5,180,2.526,57.23,4.984,0.805,0
5,181,2.128,57.95,4.873,0.767,0
5,182,2.28,59.51,4.826,0.875,0
5,183,2.393,59.49,5.073,0.848,0
5,184,2.164,56.07,4.98,0.608,0
5,185,2.291,57.65,4.847,0.765,0
5,186,2.332,57.35,4.863,0.725,0
5,187,2.24,56.43,4.744,0.752,0
5,188,2.02,59.54,5.009,0.925,0
5,189,2.228,57.77,4.845,0.673,0
5,190,2.548,59.16,4.973,0.965,0
5,191,2.377,58.01,4.969,0.968,0
5,192,2.565,56.81,4.871,0.649,0
5,193,2.156,58.31,4.829,0.894,0
5,194,2.248,56.1,4.983,0.658,0
5,195,2.256,57.21,4.985,0.664,0
5,196,2.221,59.64,4.993,0.967,0
5,197,2.086,58.93,4.909,0.903,0
5,198,2.176,57.89,5.059,0.669,0
5,199,1.971,59.24,4.794,0.995,0
5,200,2.306,56.25,4.863,0.742,0
5,201,2.115,59.5,4.925,0.923,0
5,202,1.989,61.13,4.871,0.869,0
5,203,2.163,58.21,4.967,0.74,0
5,204,2.152,57.46,4.938,0.863,0
5,205,2.044,59.51,4.863,0.982,0
5,206,2.056,59.3,4.802,0.99,0
5,207,2.447,56.92,4.936,0.706,0
5,208,2.287,60.25,4.954,0.908,0
5,209,2.232,58.8,4.991,0.983,0
5,210,2.26,57.59,4.725,0.658,0
5,211,2.113,58.9,4.821,0.843,0
5,212,2.209,59.45,4.859,0.888,0
5,213,2.067,59.4,4.956,0.667,0
5,214,2.187,56.47,4.794,0.698,0
5,215,2.132,58.52,4.843,0.962,0
5,216,2.185,59.56,5.055,0.668,0
5,217,2.207,60.45,4.852,0.806,0
5,218,2.292,59.58,4.777,0.785,0
5,219,2.074,61.43,4.799,0.839,0
5,220,2.246,59.95,4.916,0.991,0
5,221,2.449,56.97,4.87,0.783,0
5,222,2.454,56.89,4.731,0.736,0
5,223,2.259,56.62,4.977,0.613,0
5,224,2.349,60.26,4.806,0.986,0
5,225,2.361,60.12,4.828,0.794,0
5,226,2.385,57.33,4.873,0.747,0
5,227,2.528,61.03,4.911,0.791,0
5,228,2.571,57.07,4.944,0.628,0
5,229,2.247,58.78,4.825,0.675,0
5,230,2.292,58.07,4.907,0.63,0
5,231,2.242,56.39,4.887,0.657,0
5,232,2.5,58.81,4.856,0.695,0
5,233,2.173,58.71,4.979,0.683,0
5,234,2.619,59.12,4.89,0.9,0
5,235,2.415,58.95,4.826,0.778,0
5,236,2.259,59.02,4.716,0.761,0
5,237,2.419,58.79,4.703,0.84,0
5,238,2.628,61.4,4.805,0.953,0
5,239,2.167,58.1,4.605,0.84,0
5,240,2.477,60.65,4.784,0.9,0
5,241,2.715,59.93,4.706,0.832,0
5,242,2.601,60.62,4.643,0.896,0
5,243,2.447,57.63,4.767,0.632,0
5,244,2.687,58.66,4.697,0.708,0
5,245,2.72,57.53,4.698,0.619,0
5,246,2.229,59.68,4.769,0.663,0
5,247,2.233,58.02,4.676,0.651,0
5,248,2.422,60.61,4.474,0.737,0
5,249,2.364,60.44,4.632,0.798,0
5,250,2.508,61.0,4.913,0.948,0
5,251,2.511,60.99,4.788,0.973,0
5,252,2.335,61.76,4.669,0.739,0
5,253,2.685,60.33,4.653,0.976,0
5,254,2.63,59.44,4.801,0.872,0
5,255,2.554,61.52,4.626,0.807,0
5,256,2.853,56.71,4.648,0.685,0
5,257,2.594,60.26,4.795,0.913,0
5,258,2.477,60.45,4.734,0.842,0
5,259,2.507,60.26,4.644,0.713,0
5,260,2.409,60.85,4.727,0.739,0
5,261,2.558,59.17,4.748,0.914,0
5,262,2.642,60.92,4.743,0.867,0
5,263,2.477,63.36,4.784,0.996,0
5,264,2.613,59.49,4.667,0.883,0
5,265,2.807,63.12,4.738,0.91,0
5,266,3.016,61.22,4.66,0.796,0
5,267,2.671,60.08,4.531,0.625,0
5,268,2.567,60.89,4.757,0.709,0
5,269,2.791,61.79,4.568,0.966,0
5,270,2.86,61.13,4.666,0.847,0
5,271,2.75,61.07,4.768,0.751,0
5,272,2.635,62.12,4.57,0.974,0
5,273,4.042,60.23,4.496,0.745,0
5,274,2.891,61.95,4.429,0.618,0
5,275,2.805,62.72,4.757,0.775,0
5,276,3.048,60.18,4.519,0.606,0
5,277,2.519,60.3,4.567,0.616,0
5,278,2.911,63.39,4.427,0.934,0
5,279,2.904,61.53,4.644,0.843,0
5,280,2.988,59.52,4.595,0.638,0
5,281,2.788,62.31,4.642,0.721,0
5,282,3.021,62.42,4.57,0.872,0
5,283,2.831,63.92,4.293,0.765,0
5,284,3.119,60.85,4.464,0.727,0
5,285,2.924,63.98,4.472,0.817,0
5,286,2.662,63.45,4.513,0.953,0
5,287,3.117,61.96,4.603,0.675,0
5,288,3.116,63.66,4.502,0.902,0
5,289,3.016,62.51,4.6,0.839,0
5,290,3.156,62.11,4.561,0.872,0
5,291,2.937,60.74,4.552,0.609,0
5,292,3.17,63.7,4.554,0.907,0
5,293,3.004,61.34,4.702,0.719,0
5,294,2.953,63.53,4.379,0.917,0
5,295,3.167,62.91,4.506,0.734,0
5,296,3.373,61.47,4.634,0.636,0
5,297,3.198,61.38,4.417,0.621,0
5,298,2.993,62.6,4.394,0.879,0
5,299,3.314,66.13,4.367,0.844,0
5,300,3.184,62.58,4.445,0.851,0
5,301,4.689,65.57,4.418,0.818,0
5,302,3.042,62.51,4.533,0.651,0
5,303,3.544,63.04,4.505,0.696,0
5,304,3.528,64.9,4.4,0.943,0
5,305,3.356,61.25,4.622,0.61,0
5,306,3.497,64.4,4.262,0.741,0
5,307,3.685,64.17,4.436,0.739,0
5,308,3.392,63.82,4.518,0.754,0
5,309,3.616,63.1,4.297,0.602,0
5,310,3.45,63.86,4.45,0.889,0
5,311,3.773,64.45,4.407,0.971,0
5,312,3.548,64.12,4.284,0.697,0
5,313,3.754,64.49,4.441,0.745,0
5,314,3.585,65.1,4.395,0.945,0
5,315,3.686,65.76,4.407,0.63,0
5,316,3.715,63.8,4.284,0.672,0
5,317,3.687,66.1,4.453,0.706,0
5,318,3.689,65.59,4.213,0.802,0
5,319,3.88,64.71,4.285,0.815,0
5,320,3.885,67.36,4.381,0.722,0
5,321,3.751,65.06,4.419,0.663,0
5,322,3.567,65.73,4.49,0.903,0
5,323,4.007,66.63,4.269,0.802,0
5,324,3.922,64.65,4.405,0.748,0
5,325,3.877,64.82,4.368,0.602,0
5,326,3.964,65.31,4.353,0.796,0
5,327,3.912,65.42,4.314,0.641,0
5,328,4.218,65.06,4.351,0.828,0
5,329,4.02,65.89,4.206,0.819,0
5,330,4.269,67.62,4.215,0.881,0
5,331,4.166,67.11,4.25,0.988,0
5,332,4.122,66.71,4.155,0.751,0
5,333,4.431,67.43,4.321,0.898,0
5,334,4.361,65.5,4.217,0.665,0
5,335,4.302,68.27,4.269,0.866,0
5,336,4.571,65.63,4.128,0.759,0
5,337,4.57,68.36,4.277,0.813,0
5,338,4.636,67.85,4.147,0.73,0
5,339,4.594,66.05,4.211,0.707,0
5,340,4.778,67.37,4.166,0.789,0
5,341,4.637,68.13,4.21,0.716,0
5,342,4.791,69.27,3.993,0.962,1
5,343,2.353,56.77,4.772,0.663,0
5,344,2.429,57.61,4.913,0.662,0
5,345,4.179,57.4,5.065,0.641,0
5,346,2.389,57.68,5.009,0.885,0
5,347,2.381,59.42,5.051,0.729,0
5,348,2.269,56.03,5.08,0.635,0
5,349,2.243,57.24,4.91,0.687,0
5,350,2.098,56.48,5.05,0.968,0
5,351,1.958,61.41,5.084,0.958,0
5,352,2.338,57.64,4.881,0.893,0
5,353,2.296,59.38,4.747,0.854,0
5,354,2.137,56.86,4.954,0.602,0
5,355,2.454,58.8,5.021,0.727,0
5,356,2.588,58.22,4.797,0.996,0
5,357,2.328,58.71,4.847,0.628,0
5,358,2.045,59.02,4.79,0.913,0
5,359,2.483,59.59,5.072,0.875,0
5,360,2.279,56.64,4.852,0.782,0
5,361,2.112,56.56,4.912,0.737,0
5,362,2.117,57.12,4.938,0.929,0
5,363,2.377,56.84,4.979,0.766,0
5,364,2.656,57.22,4.917,0.903,0
6,0,2.18,66.52,4.26,0.679,0
6,1,1.994,66.58,4.135,0.707,0
6,2,2.305,67.26,4.243,0.888,0
6,3,2.488,68.35,4.165,0.995,0
6,4,2.159,67.46,4.159,0.856,0
6,5,2.647,67.49,4.238,0.81,0
6,6,2.736,67.56,4.125,0.873,0
6,7,2.276,68.7,4.203,0.814,0
6,8,2.313,66.85,4.196,0.761,0
6,9,2.305,69.21,4.312,0.684,0
6,10,2.671,68.46,4.156,0.994,0
6,11,2.527,66.27,4.2,0.667,0
6,12,2.359,68.46,4.254,0.88,0
6,13,2.541,66.4,4.121,0.683,0
6,14,4.628,71.02,4.282,0.963,0
6,15,2.619,69.79,3.941,0.871,0
6,16,2.525,66.0,4.064,0.665,0
6,17,4.653,68.55,4.11,0.793,0
6,18,2.651,68.76,4.258,0.945,0
6,19,2.798,69.66,4.1,0.939,0
6,20,2.519,66.23,4.081,0.854,0
6,21,2.959,67.54,4.0,0.641,0
6,22,2.803,69.69,3.943,0.786,0
6,23,2.794,66.95,4.233,0.888,0
6,24,2.845,67.29,4.065,0.607,0
6,25,2.871,69.16,4.029,0.849,0
6,26,2.659,69.14,4.099,0.784,0
6,27,2.803,67.5,3.869,0.722,0
6,28,2.877,68.26,4.153,0.716,0
6,29,2.791,68.53,4.163,0.856,0
6,30,2.686,69.93,4.292,0.935,0
6,31,2.905,68.58,4.124,0.901,0
6,32,3.209,68.59,4.03,0.623,0
6,33,3.101,70.07,3.868,0.921,0
6,34,2.957,70.14,3.986,0.884,0
6,35,3.258,72.02,3.905,0.955,0
6,36,3.05,69.4,3.787,0.802,0
6,37,3.191,71.59,3.844,0.817,0
6,38,3.272,71.62,4.029,0.77,0
6,39,3.244,69.23,3.909,0.739,0
6,40,3.275,68.65,3.866,0.719,0
6,41,3.159,69.99,3.89,0.992,0
6,42,3.286,70.61,4.046,0.605,0
6,43,3.18,72.07,3.834,0.947,0
6,44,3.334,70.88,3.764,0.89,0
6,45,3.655,71.98,3.902,0.968,0
6,46,3.809,71.94,3.82,0.892,0
6,47,3.712,71.5,3.85,0.686,0
6,48,3.568,72.42,4.044,0.671,0
6,49,3.65,73.81,3.667,0.71,0
6,50,3.724,73.62,3.655,0.994,0
6,51,3.723,71.94,3.75,0.993,0
6,52,3.994,71.93,3.755,0.857,0
6,53,3.886,73.24,3.464,0.85,0
6,54,3.685,75.16,3.699,0.966,0
6,55,3.809,73.15,3.835,0.923,0
6,56,4.005,73.74,3.777,0.891,0
6,57,3.986,71.41,3.787,0.724,0
6,58,4.172,74.15,3.766,0.858,0
6,59,4.417,70.84,3.686,0.612,0
6,60,4.242,73.86,3.761,0.714,0
6,61,4.204,74.31,3.609,0.782,0
6,62,4.407,72.8,3.628,0.681,0
6,63,4.371,72.25,3.662,0.69,0
6,64,4.432,75.56,3.96,0.982,1
6,65,1.739,64.6,4.352,0.812,0
6,66,1.928,66.02,4.493,0.899,0
6,67,1.945,64.81,4.367,0.913,0
6,68,1.87,62.84,4.458,0.642,0
6,69,1.967,63.28,4.469,0.708,0
6,70,2.029,65.32,4.372,0.798,0
6,71,1.834,64.55,4.413,0.68,0
6,72,1.992,62.97,4.433,0.718,0
6,73,2.066,63.75,4.531,0.626,0
6,74,2.095,63.47,4.669,0.83,0
6,75,2.131,63.17,4.379,0.888,0
6,76,1.795,64.48,4.407,0.667,0
6,77,1.842,66.59,4.38,0.992,0
6,78,1.931,64.45,4.43,0.64,0
6,79,2.038,63.49,4.429,0.845,0
6,80,2.282,62.8,4.353,0.743,0
6,81,2.108,64.4,4.403,0.737,0
6,82,1.811,64.62,4.318,0.703,0
6,83,2.051,65.56,4.281,0.913,0
6,84,1.656,66.03,4.231,0.963,0
6,85,1.859,64.53,4.268,0.977,0
6,86,1.599,63.62,4.535,0.78,0
6,87,1.946,61.89,4.393,0.61,0
6,88,2.107,61.89,4.475,0.658,0
6,89,1.911,64.99,4.211,0.693,0
6,90,2.095,64.91,4.573,0.75,0
6,91,1.89,65.91,4.629,0.848,0
6,92,1.966,65.88,4.433,0.897,0
6,93,2.273,60.34,4.315,0.608,0
6,94,1.751,65.35,4.454,0.973,0
6,95,1.652,65.79,4.415,0.739,0
6,96,1.851,66.55,4.293,0.962,0
6,97,1.885,64.89,4.331,0.666,0
6,98,2.098,65.05,4.439,0.883,0
6,99,1.961,64.55,4.487,0.68,0
6,100,1.906,66.28,4.268,0.967,0
6,101,2.03,63.39,4.397,0.658,0
6,102,1.802,63.56,4.407,0.624,0
6,103,2.059,64.62,4.349,0.83,0
6,104,2.26,65.2,4.294,0.884,0
6,105,1.816,63.09,4.387,0.631,0
6,106,2.421,65.49,4.127,0.999,0
6,107,1.986,64.49,4.217,0.864,0
6,108,1.833,67.39,4.38,0.951,0
6,109,2.275,64.29,4.426,0.758,0
6,110,1.857,64.5,4.123,0.628,0
6,111,1.908,64.07,4.352,0.624,0
6,112,1.969,64.72,4.232,0.764,0
6,113,1.929,66.32,4.407,0.812,0
6,114,2.094,65.06,4.511,0.62,0
6,115,2.202,65.37,4.331,0.916,0
6,116,4.77,66.5,4.277,0.947,0
6,117,2.008,65.92,4.372,0.995,0
6,118,2.322,66.64,4.26,0.999,0
6,119,2.217,64.8,4.27,0.833,0
6,120,2.288,68.06,4.348,0.816,0
6,121,2.256,65.74,4.206,0.896,0
6,122,2.467,67.14,4.204,0.819,0
6,123,2.311,67.4,4.362,0.951,0
6,124,2.133,65.54,4.243,0.669,0
6,125,2.135,65.96,4.396,0.893,0
6,126,2.555,65.4,4.257,0.786,0
6,127,2.33,65.01,4.03,0.67,0
6,128,2.068,66.96,4.285,0.774,0
6,129,1.994,66.21,4.317,0.701,0
6,130,2.09,67.25,4.179,0.895,0
6,131,2.197,65.65,4.14,0.82,0
6,132,2.364,68.17,4.337,0.896,0
6,133,2.311,67.3,4.17,0.933,0
6,134,2.483,65.96,4.194,0.7,0
6,135,2.161,66.24,4.184,0.653,0
6,136,2.232,69.47,4.131,0.803,0
6,137,2.646,68.05,4.182,0.824,0
6,138,2.715,67.51,4.148,0.801,0
6,139,2.451,65.93,3.977,0.696,0
6,140,1.839,65.75,4.169,0.735,0
6,141,2.592,66.61,4.121,0.623,0
6,142,2.454,69.41,4.294,0.915,0
6,143,2.585,68.5,4.096,0.867,0
6,144,2.642,68.14,4.169,0.797,0
6,145,2.856,67.97,3.863,0.911,0
6,146,2.709,71.5,4.058,0.87,0
6,147,2.551,67.11,4.027,0.824,0
6,148,2.591,69.97,4.087,0.93,0
6,149,2.818,68.7,4.022,0.788,0
6,150,2.919,68.73,3.868,0.677,0
6,151,2.913,69.11,4.048,0.808,0
6,152,3.084,71.12,3.949,0.717,0
6,153,2.894,72.45,4.048,0.992,0
6,154,3.207,71.91,4.08,0.862,0
6,155,3.087,68.27,4.1,0.658,0
6,156,2.945,68.02,3.815,0.641,0
6,157,3.223,68.12,3.923,0.671,0
6,158,3.004,71.46,3.954,0.867,0
6,159,3.37,68.96,3.99,0.718,0
6,160,3.305,69.94,3.779,0.862,0
6,161,3.375,69.74,4.02,0.696,0
6,162,3.282,71.96,3.975,0.873,0
6,163,3.152,71.95,3.685,0.951,0
6,164,3.354,72.32,3.969,0.849,0
6,165,3.402,70.89,3.818,0.729,0
6,166,3.551,71.15,3.904,0.684,0
6,167,3.431,71.87,3.797,0.942,0
6,168,3.522,74.17,3.834,0.823,0
6,169,3.867,71.31,3.75,0.705,0
6,170,3.758,70.28,3.78,0.748,0
6,171,3.828,72.77,3.755,0.932,0
6,172,3.809,71.46,3.832,0.606,0
6,173,3.661,70.66,3.717,0.677,0
6,174,3.753,74.85,3.888,0.957,0
6,175,3.887,71.36,3.567,0.783,0
6,176,3.89,73.44,3.762,0.848,0
6,177,4.083,72.06,3.76,0.86,0
6,178,3.788,71.44,3.633,0.659,0
6,179,3.902,72.61,3.602,0.683,0
6,180,4.426,73.39,3.52,0.636,0
6,181,4.018,72.39,3.709,0.639,0
6,182,4.335,75.04,3.684,0.921,0
6,183,4.154,73.28,3.489,0.717,0
6,184,4.308,72.76,3.637,0.611,0
6,185,4.594,72.29,3.6,0.715,0
6,186,4.383,73.21,3.669,0.765,1
6,187,2.057,64.89,4.491,0.864,0
6,188,1.874,64.23,4.634,0.705,0
6,189,1.898,66.71,4.348,0.962,0
6,190,1.903,63.66,4.441,0.739,0
6,191,2.075,64.55,4.439,0.952,0
6,192,1.834,65.12,4.558,0.926,0
6,193,1.936,63.43,4.556,0.669,0
6,194,2.002,64.91,4.273,0.986,0
6,195,1.931,64.75,4.355,0.88,0
6,196,2.455,64.66,4.419,0.755,0
6,197,1.723,63.14,4.387,0.723,0
6,198,2.013,65.2,4.526,0.771,0
6,199,1.912,63.66,4.589,0.71,0
6,200,1.891,64.37,4.52,0.781,0
6,201,1.949,62.99,4.403,0.709,0
6,202,1.765,65.42,4.272,0.643,0
6,203,2.057,65.86,4.539,0.974,0
6,204,2.026,65.59,4.528,0.765,0
6,205,1.828,64.77,4.326,0.939,0
6,206,2.008,61.16,4.361,0.694,0
6,207,2.143,65.42,4.309,0.796,0
6,208,2.182,65.52,4.305,0.793,0
6,209,2.167,66.3,4.453,0.986,0
6,210,1.85,64.44,4.303,0.73,0
6,211,2.097,64.35,4.395,0.685,0
6,212,1.906,64.81,4.344,0.85,0
6,213,2.048,63.36,4.374,0.746,0
6,214,1.929,64.96,4.314,0.885,0
6,215,2.039,64.3,4.426,0.661,0
6,216,1.815,67.1,4.428,0.897,0
6,217,1.85,65.08,4.361,0.841,0
6,218,1.959,65.45,4.195,0.732,0
6,219,2.068,66.65,4.31,0.951,0
6,220,2.096,66.91,4.308,0.969,0
6,221,2.305,64.68,4.251,0.683,0
6,222,2.175,68.69,4.267,0.915,0
6,223,1.945,66.21,4.316,0.707,0
6,224,2.023,67.5,4.371,0.812,0
6,225,2.111,64.37,4.369,0.768,0
6,226,2.374,65.39,4.465,0.605,0
6,227,2.201,66.12,4.176,0.795,0
6,228,2.133,65.01,4.209,0.606,0
6,229,2.116,65.73,4.459,0.612,0
6,230,2.422,64.3,4.227,0.639,0
6,231,2.331,65.04,4.385,0.703,0
6,232,2.331,66.73,4.326,0.811,0
6,233,2.324,66.3,4.424,0.778,0
6,234,2.115,66.85,4.307,0.709,0
6,235,2.39,67.06,4.28,0.649,0
6,236,2.241,66.38,4.255,0.645,0
6,237,2.432,66.1,4.431,0.718,0
6,238,2.499,64.84,4.128,0.647,0
6,239,2.523,65.39,4.166,0.687,0
6,240,2.366,66.18,4.232,0.869,0
6,241,2.492,65.17,4.146,0.609,0
6,242,2.612,68.34,4.06,0.981,0
6,243,2.466,69.39,4.292,0.944,0
6,244,5.164,66.78,4.059,0.886,0
6,245,2.63,67.99,4.287,0.676,0
6,246,2.511,68.35,4.238,0.959,0
6,247,2.665,67.9,4.085,0.736,0
6,248,2.34,66.79,4.037,0.976,0
6,249,2.513,69.6,4.181,0.908,0
6,250,2.942,69.58,4.077,0.835,0
6,251,2.689,69.45,4.098,0.942,0
6,252,2.493,67.2,4.0,0.734,0
6,253,2.751,69.87,4.028,0.945,0
6,254,2.735,68.52,3.933,0.996,0
6,255,4.238,68.04,4.064,0.684,0
6,256,2.93,69.18,3.977,0.643,0
6,257,3.165,71.19,3.931,0.856,0
6,258,3.166,70.59,4.115,0.812,0
6,259,3.354,70.82,3.878,0.992,0
6,260,3.006,70.21,3.895,0.855,0
6,261,2.925,70.44,3.971,0.763,0
6,262,3.042,70.77,3.907,0.636,0
6,263,3.341,70.67,4.019,0.954,0
6,264,3.299,68.61,3.796,0.672,0
6,265,3.531,71.14,3.921,0.928,0
6,266,3.552,70.32,4.153,0.728,0
6,267,3.546,67.29,3.858,0.608,0
6,268,3.336,71.92,3.809,0.705,0
6,269,3.693,72.82,3.892,0.922,0
6,270,3.558,71.84,3.866,0.946,0
6,271,3.637,71.95,3.743,0.989,0
6,272,3.765,73.62,3.718,0.938,0
6,273,3.808,71.61,3.769,0.987,0
6,274,3.944,70.4,3.736,0.871,0
6,275,3.758,71.0,3.833,0.643,0
6,276,3.88,72.07,3.833,0.767,0
6,277,3.989,73.18,3.633,0.884,0
6,278,4.033,70.81,3.696,0.632,0
6,279,3.976,69.84,3.838,0.747,0
6,280,4.147,73.59,3.826,0.907,0
6,281,4.467,72.58,3.824,0.688,0
6,282,4.46,74.99,3.561,0.985,1
6,283,1.8,63.53,4.282,0.804,0
6,284,2.081,65.83,4.464,0.963,0
6,285,2.028,66.93,4.416,0.925,0
6,286,2.142,66.33,4.473,0.867,0
6,287,2.066,64.78,4.557,0.859,0
6,288,1.931,61.52,4.677,0.645,0
6,289,2.008,63.61,4.445,0.793,0
6,290,2.01,63.68,4.414,0.601,0
6,291,1.894,61.66,4.623,0.631,0
6,292,1.988,65.47,4.467,0.947,0
6,293,2.021,65.35,4.573,0.745,0
6,294,1.628,65.64,4.285,0.912,0
6,295,1.974,64.3,4.432,0.911,0
6,296,2.109,64.59,4.566,0.683,0
6,297,2.161,65.27,4.407,0.672,0
6,298,2.087,64.08,4.38,0.746,0
6,299,1.794,64.56,4.381,0.949,0
6,300,1.877,63.84,4.468,0.74,0
6,301,1.838,64.63,4.466,0.947,0
6,302,1.798,65.32,4.394,0.852,0
6,303,1.935,64.66,4.518,0.752,0
6,304,1.91,64.99,4.389,0.955,0
6,305,2.141,62.62,4.344,0.665,0
6,306,1.938,65.37,4.384,0.905,0
6,307,1.898,63.78,4.338,0.759,0
6,308,1.955,66.08,4.256,0.831,0
6,309,2.255,63.16,4.432,0.803,0
6,310,1.844,62.9,4.349,0.743,0
6,311,1.941,63.99,4.547,0.839,0
6,312,1.944,62.71,4.66,0.647,0
6,313,1.814,63.21,4.567,0.911,0
6,314,1.553,66.58,4.419,0.985,0
6,315,2.122,62.57,4.439,0.954,0
6,316,2.109,65.89,4.366,0.88,0
6,317,2.149,63.0,4.401,0.639,0
6,318,1.827,62.38,4.545,0.629,0
6,319,2.115,65.02,4.51,0.876,0
6,320,1.974,63.06,4.456,0.697,0
6,321,1.85,63.3,4.57,0.725,0
6,322,2.106,65.71,4.437,0.951,0
6,323,1.586,65.05,4.545,0.606,0
6,324,1.988,66.34,4.396,0.999,0
6,325,2.026,63.47,4.602,0.765,0
6,326,1.85,62.78,4.45,0.806,0
6,327,1.864,65.9,4.28,0.905,0
6,328,2.164,65.71,4.543,0.79,0
6,329,1.724,64.85,4.359,0.606,0
6,330,1.903,63.71,4.406,0.667,0
6,331,1.9,63.46,4.306,0.892,0
6,332,1.791,64.6,4.395,0.632,0
6,333,1.906,63.95,4.399,0.845,0
6,334,2.104,63.8,4.496,0.877,0
6,335,2.217,64.19,4.543,0.913,0
6,336,2.003,63.61,4.426,0.658,0
6,337,1.949,64.3,4.48,0.965,0
6,338,1.821,63.6,4.403,0.717,0
6,339,1.991,65.72,4.17,0.985,0
6,340,2.119,64.7,4.398,0.941,0
6,341,2.001,63.74,4.5,0.731,0
6,342,2.054,64.2,4.543,0.643,0
6,343,1.903,64.41,4.511,0.878,0
6,344,1.806,63.65,4.476,0.73,0
6,345,2.136,64.66,4.431,0.991,0
6,346,1.919,66.02,4.248,0.929,0
6,347,2.061,65.88,4.388,0.903,0
6,348,2.183,65.16,4.537,0.844,0
6,349,2.071,63.91,4.416,0.819,0
6,350,2.105,62.93,4.313,0.737,0
6,351,2.138,64.97,4.366,0.885,0
6,352,2.037,64.53,4.495,0.734,0
6,353,2.238,65.1,4.249,0.948,0
6,354,1.79,62.67,4.605,0.816,0
6,355,1.726,63.36,4.437,0.681,0
6,356,1.97,63.82,4.412,0.611,0
6,357,1.927,63.11,4.435,0.613,0
6,358,4.044,63.25,4.352,0.72,0
6,359,2.079,65.33,4.242,0.777,0
6,360,2.05,65.18,4.521,0.807,0
6,361,1.956,65.13,4.48,0.95,0
6,362,2.391,62.98,4.513,0.641,0
6,363,2.004,65.73,4.481,0.971,0
6,364,1.928,65.94,4.468,0.873,0
7,0,1.831,65.53,4.932,0.899,0
7,1,2.355,63.41,4.875,0.666,0
7,2,2.138,61.58,4.777,0.683,0
7,3,1.919,64.47,4.92,0.799,0
7,4,2.201,62.85,4.922,0.647,0
7,5,2.03,63.84,4.928,0.74,0
7,6,2.323,66.21,4.684,0.785,0
7,7,2.185,64.54,4.972,0.945,0
7,8,2.289,64.28,4.839,0.612,0
7,9,2.16,64.25,4.902,0.845,0
7,10,2.182,65.12,5.081,0.966,0
7,11,2.25,64.36,4.899,0.761,0
7,12,1.949,64.4,4.944,0.871,0
7,13,2.175,63.79,4.982,0.724,0
7,14,2.307,65.06,4.91,0.934,0
7,15,2.0,63.28,5.078,0.608,0
7,16,2.353,66.7,5.116,0.97,0
7,17,2.178,66.37,4.849,0.948,0
7,18,2.076,66.33,4.812,0.821,0
7,19,2.17,65.1,4.936,0.705,0
7,20,1.955,62.49,4.835,0.681,0
7,21,2.339,65.32,4.836,0.794,0
7,22,2.354,64.68,4.902,0.706,0
7,23,2.327,63.11,4.72,0.626,0
7,24,2.394,65.65,4.712,0.766,0
7,25,2.213,67.12,5.105,0.931,0
7,26,2.142,65.49,4.953,0.895,0
7,27,2.196,63.59,4.815,0.613,0
7,28,2.17,66.86,5.038,0.777,0
7,29,2.104,64.17,4.691,0.604,0
7,30,2.202,64.57,4.81,0.853,0
7,31,2.216,65.16,4.54,0.652,0
7,32,2.622,66.36,4.84,0.826,0
7,33,2.283,66.69,4.609,0.93,0
7,34,1.932,66.67,4.812,0.882,0
7,35,2.123,63.95,4.667,0.734,0
7,36,2.425,65.09,4.784,0.674,0
7,37,2.55,65.78,4.722,0.765,0
7,38,2.596,65.28,4.731,0.78,0
7,39,2.369,64.3,4.872,0.625,0
7,40,2.234,66.94,4.723,0.661,0
7,41,2.438,65.74,4.713,0.93,0
7,42,2.44,66.55,4.797,0.875,0
7,43,2.385,66.91,4.728,0.98,0
7,44,2.635,66.64,4.863,0.931,0
7,45,2.3,65.1,4.735,0.667,0
7,46,2.508,68.02,4.889,0.966,0
7,47,2.328,65.17,4.654,0.626,0
7,48,2.524,63.85,4.802,0.636,0
7,49,2.691,65.2,4.62,0.669,0
7,50,2.301,65.55,4.811,0.987,0
7,51,2.484,65.81,4.787,0.803,0
7,52,2.621,67.09,4.867,0.851,0
7,53,2.327,66.36,4.776,0.605,0
7,54,2.484,67.13,4.646,0.709,0
7,55,2.498,66.16,4.642,0.754,0
7,56,2.528,67.32,4.734,0.604,0
7,57,2.602,67.04,4.585,0.847,0
7,58,2.758,68.83,4.622,0.954,0
7,59,2.48,67.18,4.776,0.95,0
7,60,2.477,69.12,4.76,0.923,0
7,61,2.738,67.19,4.664,0.723,0
7,62,2.558,68.8,4.779,0.867,0
7,63,2.584,66.87,4.612,0.8,0
7,64,2.669,67.35,4.59,0.945,0
7,65,2.491,66.59,4.753,0.859,0
7,66,4.137,67.91,4.662,0.841,0
7,67,2.814,65.0,4.696,0.636,0
7,68,2.855,69.23,4.608,0.847,0
7,69,2.646,69.29,4.448,0.928,0
7,70,2.519,67.34,4.689,0.732,0
7,71,2.839,66.71,4.7,0.681,0
7,72,2.758,69.76,4.656,0.973,0
7,73,3.023,66.72,4.571,0.773,0
7,74,2.495,70.53,4.605,0.999,0
7,75,2.824,68.23,4.549,0.728,0
7,76,2.913,65.93,4.705,0.728,0
7,77,2.914,65.68,4.477,0.645,0
7,78,2.947,69.11,4.538,0.898,0
7,79,2.986,69.44,4.469,1.0,0
7,80,3.18,66.03,4.477,0.711,0
7,81,2.976,69.93,4.703,0.917,0
7,82,3.031,69.18,4.516,0.715,0
7,83,2.821,68.86,4.32,0.883,0
7,84,2.84,68.97,4.635,0.762,0
7,85,2.901,68.48,4.742,0.728,0
7,86,2.997,69.5,4.483,0.857,0
7,87,3.182,68.31,4.389,0.737,0
7,88,3.24,69.13,4.477,0.619,0
7,89,3.204,68.48,4.669,0.685,0
7,90,2.964,70.76,4.439,0.901,0
7,91,3.122,71.34,4.413,0.972,0
7,92,3.264,69.39,4.308,0.744,0
7,93,3.073,69.7,4.418,0.993,0
7,94,3.149,71.16,4.304,0.88,0
7,95,3.211,68.42,4.473,0.708,0
7,96,3.196,70.63,4.381,0.808,0
7,97,3.379,69.44,4.531,0.744,0
7,98,3.314,71.06,4.598,0.724,0
7,99,3.43,69.82,4.569,0.801,0
7,100,3.404,68.66,4.707,0.62,0
7,101,3.431,70.81,4.357,0.934,0
7,102,3.305,72.28,4.454,0.847,0
7,103,3.469,72.61,4.503,0.704,0
7,104,3.356,69.78,4.367,0.705,0
7,105,3.559,70.27,4.441,0.799,0
7,106,3.621,72.23,4.39,0.916,0
7,107,3.452,72.76,4.333,0.98,0
7,108,3.607,69.93,4.327,0.703,0
7,109,3.76,71.29,4.262,0.912,0
7,110,3.345,71.58,4.334,0.967,0
7,111,3.625,71.89,4.265,0.781,0
7,112,3.723,73.28,4.303,0.915,0
7,113,3.771,68.39,4.453,0.72,0
7,114,3.857,73.24,4.349,0.927,0
7,115,3.749,71.36,4.328,0.657,0
7,116,3.872,72.71,4.272,0.686,0
7,117,3.651,72.44,4.375,0.844,0
7,118,3.912,72.16,4.377,0.785,0
7,119,3.958,72.82,4.448,0.91,0
7,120,4.074,71.05,4.451,0.613,0
7,121,3.961,72.9,4.373,0.862,0
7,122,4.071,72.58,4.141,0.868,0
7,123,3.953,72.92,4.406,0.617,0
7,124,4.322,71.59,4.203,0.711,0
7,125,4.035,74.34,4.215,0.803,0
7,126,4.355,73.0,4.297,0.862,0
7,127,4.051,73.17,4.182,0.688,0
7,128,4.15,74.78,4.145,0.966,0
7,129,4.097,74.04,4.169,0.686,0
7,130,4.529,75.25,4.347,0.904,0
7,131,4.518,74.19,4.211,0.803,0
7,132,4.345,72.53,4.139,0.719,0
7,133,4.768,74.49,4.191,0.882,0
7,134,4.292,73.66,3.967,0.807,0
7,135,4.667,75.51,4.149,0.881,0
7,136,4.531,73.99,4.274,0.942,0
7,137,4.566,73.95,4.165,0.826,1
7,138,2.046,62.49,5.017,0.694,0
7,139,2.151,65.52,4.977,0.985,0
7,140,1.986,64.62,5.06,0.867,0
7,141,1.85,64.02,4.896,0.767,0
7,142,2.162,61.93,5.11,0.609,0
7,143,1.846,62.71,4.943,0.767,0
7,144,2.13,63.46,4.947,0.914,0
7,145,2.112,65.35,4.853,0.686,0
7,146,2.095,63.39,4.968,0.713,0
7,147,2.276,63.24,5.072,0.712,0
7,148,2.053,65.07,4.987,0.754,0
7,149,2.145,65.56,4.845,0.951,0
7,150,2.035,63.6,4.836,0.644,0
7,151,2.268,66.13,4.827,0.924,0
7,152,1.903,63.58,4.913,0.637,0
7,153,2.095,63.57,4.906,0.839,0
7,154,1.97,62.49,4.928,0.67,0
7,155,1.908,62.97,4.891,0.766,0
7,156,2.253,65.5,4.869,0.903,0
7,157,2.371,64.25,5.07,0.94,0
7,158,2.24,63.4,5.015,0.829,0
7,159,2.118,64.13,4.771,0.757,0
7,160,1.989,64.21,4.852,0.963,0
7,161,1.96,63.09,4.779,0.729,0
7,162,2.029,66.25,4.839,0.883,0
7,163,2.046,65.3,4.756,0.965,0
7,164,1.959,62.69,4.717,0.976,0
7,165,2.072,64.63,4.901,0.719,0
7,166,2.068,63.46,4.909,0.699,0
7,167,2.118,66.03,4.782,0.905,0
7,168,1.647,64.54,4.836,0.691,0
7,169,2.079,63.46,4.892,0.641,0
7,170,2.168,65.91,4.861,0.966,0
7,171,2.348,61.8,4.676,0.631,0
7,172,2.105,65.15,4.963,0.774,0
7,173,2.019,64.29,5.033,0.917,0
7,174,2.292,65.36,5.004,0.999,0
7,175,2.375,64.76,5.051,0.903,0
7,176,2.335,64.13,4.854,0.935,0
7,177,2.049,64.35,4.896,0.936,0
7,178,1.715,65.44,5.049,0.896,0
7,179,2.104,63.43,4.712,0.794,0
7,180,2.175,64.38,4.681,0.734,0
7,181,2.253,63.72,4.814,0.776,0
7,182,2.27,63.56,4.768,0.623,0
7,183,2.372,64.73,4.922,0.863,0
7,184,2.268,64.51,4.862,0.803,0
7,185,2.296,66.52,4.706,0.955,0
7,186,2.155,64.5,4.889,0.783,0
7,187,2.03,64.9,5.046,0.657,0
7,188,2.444,65.61,4.907,0.72,0
7,189,2.328,66.33,4.642,0.993,0
7,190,2.203,62.69,4.904,0.722,0
7,191,2.178,64.92,4.719,0.748,0
7,192,2.169,66.19,4.796,0.83,0
7,193,1.974,64.46,4.862,0.787,0
7,194,2.35,64.94,4.848,0.811,0
7,195,2.024,65.23,4.719,0.666,0
7,196,2.386,64.22,4.715,0.954,0
7,197,2.152,63.37,4.768,0.68,0
7,198,2.281,65.85,4.885,0.87,0
7,199,2.284,64.74,4.735,0.664,0
7,200,1.978,65.06,4.857,0.851,0
7,201,2.318,64.17,4.92,0.617,0
7,202,2.098,65.63,5.124,0.732,0
7,203,2.0,65.45,4.94,0.951,0
7,204,2.432,64.49,4.728,0.799,0
7,205,2.387,65.96,4.757,0.875,0
7,206,2.215,65.99,4.66,0.929,0
7,207,2.401,67.71,4.595,0.901,0
7,208,2.426,66.81,4.828,0.81,0
7,209,2.026,65.08,4.814,0.641,0
7,210,1.934,68.13,4.87,0.995,0
7,211,2.416,67.02,4.673,0.879,0
7,212,2.76,66.46,4.818,0.97,0
7,213,2.345,65.1,4.533,0.816,0
7,214,2.333,66.26,4.922,0.748,0
7,215,2.49,64.55,4.813,0.696,0
7,216,2.276,66.31,4.753,0.861,0
7,217,2.643,64.86,4.613,0.648,0
7,218,2.421,65.57,4.805,0.739,0
7,219,2.262,65.95,4.682,0.746,0
7,220,2.505,65.65,4.8,0.65,0
7,221,2.36,67.32,4.709,0.698,0
7,222,2.341,66.35,4.755,0.656,0
7,223,2.612,69.34,4.646,0.848,0
7,224,2.463,67.86,4.795,0.708,0
7,225,2.304,65.39,4.617,0.691,0
7,226,2.707,67.52,4.766,0.855,0
7,227,2.419,69.2,4.849,0.843,0
7,228,2.645,66.57,4.523,0.811,0
7,229,2.449,65.09,4.73,0.79,0
7,230,2.628,67.15,4.581,0.847,0
7,231,2.706,67.48,4.619,0.945,0
7,232,2.443,67.41,4.703,0.762,0
7,233,2.753,68.49,4.641,0.931,0
7,234,2.683,69.75,4.624,0.916,0
7,235,2.875,68.11,4.622,0.805,0
7,236,2.836,68.29,4.712,0.877,0
7,237,2.974,68.08,4.679,0.914,0
7,238,2.91,69.54,4.699,0.771,0
7,239,2.461,68.76,4.721,0.935,0
7,240,2.681,69.36,4.477,0.982,0
7,241,2.731,69.15,4.644,0.847,0
7,242,2.658,68.86,4.711,0.694,0
7,243,2.945,68.94,4.442,0.733,0
7,244,2.61,67.48,4.578,0.61,0
7,245,2.735,67.14,4.404,0.628,0
7,246,2.871,68.34,4.538,0.967,0
7,247,2.867,68.81,4.649,0.701,0
7,248,2.85,69.07,4.569,0.635,0
7,249,2.818,68.17,4.78,0.608,0
7,250,2.898,67.77,4.737,0.947,0
7,251,3.008,69.85,4.48,0.921,0
7,252,3.046,67.03,4.583,0.935,0
7,253,3.083,71.5,4.485,0.939,0
7,254,2.607,67.38,4.481,0.764,0
7,255,3.425,70.92,4.439,0.98,0
7,256,3.124,68.11,4.415,0.853,0
7,257,3.023,69.96,4.437,0.985,0
7,258,2.983,70.55,4.473,0.99,0
7,259,2.738,70.76,4.502,0.965,0
7,260,3.017,70.88,4.52,0.907,0
7,261,3.197,68.37,4.41,0.767,0
7,262,3.168,69.67,4.356,0.864,0
7,263,3.325,70.83,4.39,0.827,0
7,264,3.186,68.64,4.585,0.858,0
7,265,3.421,69.94,4.486,0.737,0
7,266,3.262,69.36,4.336,0.885,0
7,267,3.253,71.24,4.509,0.752,0
7,268,3.09,72.28,4.468,0.986,0
7,269,3.307,69.93,4.489,0.609,0
7,270,3.313,70.74,4.46,0.636,0
7,271,3.351,71.45,4.329,0.801,0
7,272,3.374,71.3,4.552,0.965,0
7,273,3.516,69.58,4.435,0.737,0
7,274,3.537,72.15,4.421,0.968,0
7,275,3.582,70.59,4.524,0.722,0
7,276,3.745,71.13,4.463,0.982,0
7,277,3.586,70.15,4.344,0.946,0
7,278,3.753,70.59,4.316,0.614,0
7,279,3.745,73.56,4.449,0.847,0
7,280,3.599,70.87,4.276,0.785,0
7,281,3.803,73.48,4.288,0.832,0
7,282,3.848,70.94,4.214,0.718,0
7,283,3.71,71.19,4.249,0.764,0
7,284,3.983,71.53,4.159,0.767,0
7,285,3.933,72.78,4.149,0.811,0
7,286,3.917,70.65,4.276,0.66,0
7,287,4.334,74.33,4.387,0.994,0
7,288,4.173,71.14,4.048,0.799,0
7,289,4.036,72.54,4.284,0.837,0
7,290,4.045,72.4,4.213,0.924,0
7,291,4.118,73.88,4.2,0.953,0
7,292,4.139,72.68,4.364,0.842,0
7,293,4.212,73.47,4.15,0.743,0
7,294,4.391,74.58,4.196,0.772,0
7,295,4.156,71.85,3.918,0.933,0
7,296,3.915,72.22,4.321,0.666,0
7,297,4.365,73.91,4.18,0.8,0
7,298,4.515,73.86,4.263,0.977,0
7,299,4.484,74.28,4.014,0.789,0
7,300,4.64,74.17,4.338,0.853,0
7,301,4.723,73.51,4.116,0.647,0
7,302,4.719,73.44,3.907,0.951,0
7,303,4.759,74.36,3.964,0.755,1
7,304,2.119,63.27,4.885,0.811,0
7,305,2.125,64.37,4.941,0.948,0
7,306,1.96,63.35,4.878,0.747,0
7,307,2.272,63.64,4.901,0.92,0
7,308,2.012,65.37,4.881,0.874,0
7,309,2.185,64.52,5.018,0.703,0
7,310,2.186,65.73,4.815,0.998,0
7,311,1.964,64.34,4.957,0.975,0
7,312,2.045,64.46,4.864,0.939,0
7,313,2.263,64.96,4.846,0.954,0
7,314,1.831,62.57,4.939,0.676,0
7,315,2.31,63.05,4.956,0.617,0
7,316,2.13,63.72,4.945,0.666,0
7,317,2.245,65.64,4.913,0.924,0
7,318,1.939,64.56,4.911,0.751,0
7,319,2.104,64.73,5.11,0.947,0
7,320,2.054,62.37,5.108,0.677,0
7,321,2.029,64.82,4.853,0.983,0
7,322,2.027,63.7,4.8,0.989,0
7,323,2.109,64.42,4.838,0.837,0
7,324,2.16,64.03,4.813,0.859,0
7,325,2.136,65.09,4.88,0.878,0
7,326,2.036,65.88,4.923,0.919,0
7,327,2.357,61.81,4.919,0.686,0
7,328,2.103,65.32,4.975,0.879,0
7,329,1.925,63.79,4.921,0.79,0
7,330,2.153,64.11,4.827,0.782,0
7,331,2.08,65.6,4.896,0.988,0
7,332,2.037,62.67,4.894,0.697,0
7,333,2.147,63.45,4.986,0.618,0
7,334,2.134,63.98,4.953,0.672,0
7,335,1.814,61.59,4.768,0.603,0
7,336,2.277,63.53,4.855,0.82,0
7,337,1.955,63.12,4.939,0.869,0
7,338,2.379,65.48,4.836,0.789,0
7,339,2.216,65.04,4.781,0.997,0
7,340,1.811,63.44,4.943,0.779,0
7,341,2.004,63.68,4.992,0.998,0
7,342,2.212,64.15,4.814,0.633,0
7,343,1.889,65.78,5.055,0.974,0
7,344,2.277,64.27,4.819,0.61,0
7,345,2.138,65.4,4.825,0.987,0
7,346,2.153,63.77,5.04,0.765,0
7,347,2.361,63.08,4.981,0.696,0
7,348,1.933,64.66,5.018,0.818,0
7,349,2.372,64.63,4.941,0.866,0
7,350,2.107,63.58,4.975,0.629,0
7,351,2.037,63.39,4.887,0.847,0
7,352,2.368,65.6,4.83,0.972,0
7,353,1.901,62.96,4.971,0.614,0
7,354,2.275,63.21,4.995,0.926,0
7,355,1.98,65.03,4.88,0.899,0
7,356,2.015,62.79,4.984,0.754,0
7,357,2.082,62.81,4.723,0.686,0
7,358,2.371,64.12,4.913,0.869,0
7,359,2.049,63.41,4.925,0.623,0
7,360,2.12,62.19,4.816,0.767,0
7,361,2.127,64.84,4.886,0.812,0
7,362,2.135,64.8,5.137,0.664,0
7,363,2.236,62.05,4.994,0.604,0
7,364,1.984,64.53,4.974,0.736,0
8,0,2.094,57.19,4.506,0.831,0
8,1,2.415,55.35,4.6,0.726,0
8,2,2.176,54.93,4.634,0.782,0
8,3,1.747,57.53,4.521,0.871,0
8,4,2.011,59.52,4.766,0.796,0
8,5,2.126,55.99,4.615,0.78,0
8,6,2.067,57.4,4.723,0.688,0
8,7,1.978,56.85,4.709,0.67,0
8,8,2.529,58.88,4.668,0.675,0
8,9,2.262,60.51,4.566,0.824,0
8,10,1.852,58.72,4.686,0.828,0
8,11,2.194,59.44,4.589,0.991,0
8,12,2.144,56.86,4.627,0.767,0
8,13,1.958,58.25,4.632,0.933,0
8,14,1.98,58.76,4.632,0.629,0
8,15,1.989,58.64,4.604,0.721,0
8,16,2.073,56.21,4.604,0.665,0
8,17,2.134,60.02,4.542,0.988,0
8,18,2.125,58.46,4.564,0.79,0
8,19,1.943,58.26,4.788,0.811,0
8,20,1.984,57.41,4.493,0.666,0
8,21,1.983,56.75,4.501,0.826,0
8,22,2.239,60.69,4.669,0.999,0
8,23,2.178,57.73,4.456,0.617,0
8,24,2.19,58.89,4.803,0.737,0
8,25,1.964,58.15,4.419,0.653,0
8,26,1.92,59.42,4.514,0.995,0
8,27,1.975,58.71,4.626,0.769,0
8,28,2.299,56.16,4.637,0.662,0
8,29,1.902,58.46,4.666,0.668,0
8,30,1.862,58.68,4.583,0.864,0
8,31,2.27,58.83,4.884,0.88,0
8,32,2.191,56.65,4.542,0.629,0
8,33,1.986,57.67,4.721,0.658,0
8,34,2.2,58.95,4.601,0.825,0
8,35,2.309,56.64,4.616,0.952,0
8,36,2.123,59.57,4.628,0.799,0
8,37,2.206,55.66,4.507,0.78,0
8,38,2.351,60.3,4.597,0.996,0
8,39,2.218,59.8,4.56,0.81,0
8,40,2.108,58.05,4.601,0.643,0
8,41,2.034,60.96,4.752,0.837,0
8,42,1.999,59.12,4.408,0.934,0
8,43,2.172,60.58,4.556,0.767,0
8,44,1.934,57.97,4.539,0.795,0
8,45,2.31,58.02,4.41,0.72,0
8,46,2.596,59.28,4.648,0.905,0
8,47,2.284,56.95,4.691,0.985,0
8,48,2.271,61.43,4.476,0.982,0
8,49,2.086,57.66,4.566,0.728,0
8,50,2.238,60.07,4.45,0.842,0
8,51,2.127,61.14,4.557,0.836,0
8,52,2.093,59.79,4.432,0.865,0
8,53,2.287,60.81,4.709,0.869,0
8,54,2.254,58.65,4.497,0.701,0
8,55,2.231,60.76,4.624,0.988,0
8,56,2.174,57.78,4.479,0.654,0
8,57,2.203,58.13,4.474,0.628,0
8,58,2.252,59.85,4.577,0.878,0
8,59,2.322,59.28,4.412,0.879,0
8,60,2.466,59.03,4.441,0.718,0
8,61,2.23,59.27,4.388,0.638,0
8,62,2.339,59.68,4.652,0.713,0
8,63,2.371,60.21,4.61,0.898,0
8,64,2.117,59.52,4.537,0.751,0
8,65,2.302,59.92,4.497,0.945,0
8,66,2.477,59.72,4.518,0.958,0
8,67,2.348,60.99,4.514,0.908,0
8,68,2.527,60.62,4.492,0.835,0
8,69,2.5,58.36,4.491,0.795,0
8,70,2.137,58.53,4.574,0.612,0
8,71,2.253,60.7,4.454,0.838,0
8,72,2.535,59.36,4.525,0.777,0
8,73,2.492,60.52,4.49,0.979,0
8,74,2.422,59.67,4.521,0.791,0
8,75,2.407,61.47,4.53,0.911,0
8,76,2.36,61.03,4.346,0.707,0
8,77,2.351,60.88,4.38,0.705,0
8,78,2.455,61.0,4.462,0.9,0
8,79,2.27,61.49,4.315,0.992,0
8,80,2.576,59.83,4.446,0.851,0
8,81,2.401,60.28,4.502,0.646,0
8,82,2.493,61.32,4.498,0.895,0
8,83,2.392,58.81,4.37,0.663,0
8,84,2.623,59.56,4.378,0.651,0
8,85,2.466,60.31,4.415,0.706,0
8,86,2.619,61.16,4.51,0.937,0
8,87,2.177,61.97,4.186,0.796,0
8,88,2.435,58.86,4.457,0.751,0
8,89,2.517,61.33,4.385,0.911,0
8,90,2.658,60.02,4.503,0.987,0
8,91,2.578,60.1,4.372,0.794,0
8,92,2.661,60.74,4.453,0.874,0
8,93,2.587,59.7,4.525,0.731,0
8,94,2.527,62.66,4.415,0.902,0
8,95,2.559,61.36,4.346,0.925,0
8,96,2.659,62.42,4.342,0.819,0
8,97,2.456,62.34,4.324,0.799,0
8,98,2.603,61.62,4.372,0.883,0
8,99,2.609,62.22,4.462,0.761,0
8,100,2.958,59.79,4.404,0.731,0
8,101,2.474,60.42,4.406,0.747,0
8,102,2.844,62.67,4.262,0.916,0
8,103,2.746,61.16,4.202,0.676,0
8,104,2.834,63.07,4.332,0.623,0
8,105,2.471,61.93,4.335,0.697,0
8,106,2.569,62.6,4.343,0.887,0
8,107,2.926,62.79,4.33,0.866,0
8,108,2.908,62.77,4.242,0.905,0
8,109,3.132,61.38,4.296,0.607,0
8,110,2.743,63.63,4.215,1.0,0
8,111,2.552,63.18,4.32,0.857,0
8,112,2.818,64.89,4.385,0.903,0
8,113,2.911,62.91,4.235,0.793,0
8,114,3.054,63.63,4.37,0.902,0
8,115,2.91,61.68,4.401,0.754,0
8,116,3.194,64.6,4.136,0.815,0
8,117,3.052,63.2,4.339,0.891,0
8,118,3.147,62.07,4.217,0.72,0
8,119,3.067,63.95,4.174,0.89,0
8,120,3.155,64.17,3.988,0.95,0
8,121,3.024,62.9,4.202,0.775,0
8,122,3.014,63.76,4.313,0.677,0
8,123,3.228,63.94,4.283,0.945,0
8,124,3.007,63.29,4.127,0.814,0
8,125,3.097,65.09,4.176,0.994,0
8,126,3.037,65.55,4.173,0.916,0
8,127,3.45,61.94,4.158,0.625,0
8,128,3.037,64.81,4.226,0.906,0
8,129,3.245,64.04,4.244,0.965,0
8,130,3.402,63.5,4.05,0.903,0
8,131,3.172,64.85,4.2,0.846,0
8,132,3.374,64.22,4.183,0.705,0
8,133,3.351,65.23,4.179,0.912,0
8,134,3.633,64.56,4.062,0.789,0
8,135,5.138,64.19,4.102,0.902,0
8,136,3.651,63.38,4.059,0.755,0
8,137,3.591,65.28,4.166,0.641,0
8,138,3.442,65.69,4.114,0.793,0
8,139,3.59,66.98,4.162,0.895,0
8,140,3.588,64.62,3.946,0.967,0
8,141,3.485,63.26,3.992,0.742,0
8,142,3.538,65.18,4.086,0.828,0
8,143,3.647,64.59,3.91,0.627,0
8,144,3.511,65.65,3.952,0.976,0
8,145,3.696,64.65,4.305,0.789,0
8,146,3.551,65.43,4.092,0.889,0
8,147,3.894,67.5,4.004,0.922,0
8,148,3.562,66.78,3.772,0.968,0
8,149,4.008,63.19,4.037,0.615,0
8,150,4.03,66.27,4.054,0.925,0
8,151,3.673,67.09,3.848,0.947,0
8,152,3.698,64.66,4.09,0.666,0
8,153,3.435,65.17,4.124,0.612,0
8,154,4.097,65.11,3.941,0.733,0
8,155,3.886,66.39,4.008,0.963,0
8,156,4.008,67.6,4.003,0.95,0
8,157,3.785,64.61,3.998,0.628,0
8,158,3.777,65.13,3.917,0.651,0
8,159,3.974,66.87,3.817,0.875,0
8,160,5.293,67.53,3.788,0.782,0
8,161,4.161,67.39,3.882,0.812,0
8,162,4.083,67.29,3.943,0.945,0
8,163,4.223,67.53,4.012,0.877,0
8,164,4.15,66.77,3.874,0.862,0
8,165,4.429,68.04,4.046,0.929,0
8,166,4.271,66.84,3.885,0.927,0
8,167,4.426,66.04,3.876,0.613,0
8,168,4.503,66.5,3.895,0.804,0
8,169,4.557,67.74,3.837,0.828,0
8,170,4.455,72.09,3.945,0.975,0
8,171,4.794,68.17,3.853,0.855,0
8,172,4.596,65.85,3.855,0.753,0
8,173,4.82,67.59,3.863,0.999,1
8,174,2.193,56.13,4.776,0.604,0
8,175,1.829,58.19,4.466,0.815,0
8,176,1.876,58.04,4.645,0.862,0
8,177,2.231,57.69,4.681,0.82,0
8,178,2.025,59.04,4.519,0.93,0
8,179,2.195,56.64,4.75,0.656,0
8,180,1.865,57.98,4.621,0.945,0
8,181,2.051,57.53,4.67,0.665,0
8,182,2.153,60.53,4.441,0.939,0
8,183,2.086,55.86,4.622,0.694,0
8,184,2.011,59.08,4.63,0.967,0
8,185,2.221,58.82,4.813,0.641,0
8,186,1.938,55.15,4.692,0.655,0
8,187,1.925,58.21,4.77,0.746,0
8,188,1.959,58.95,4.69,0.903,0
8,189,2.082,59.35,4.747,0.945,0
8,190,1.676,57.36,4.633,0.925,0
8,191,2.183,57.56,4.609,0.768,0
8,192,2.149,57.87,4.642,0.657,0
8,193,1.928,59.94,4.789,0.844,0
8,194,2.248,58.15,4.525,0.839,0
8,195,2.027,56.95,4.664,0.784,0
8,196,2.17,58.38,4.607,0.916,0
8,197,2.065,59.9,4.625,0.84,0
8,198,2.439,57.51,4.616,0.819,0
8,199,1.797,56.94,4.649,0.65,0
8,200,2.195,58.46,4.644,0.878,0
8,201,2.063,60.01,4.775,0.89,0
8,202,2.237,58.73,4.61,0.957,0
8,203,2.081,57.87,4.818,0.662,0
8,204,2.227,58.88,4.658,0.801,0
8,205,2.133,58.08,4.518,0.912,0
8,206,2.225,58.83,4.636,0.929,0
8,207,2.327,58.3,4.462,0.609,0
8,208,2.266,60.45,4.787,0.961,0
8,209,1.881,57.1,4.56,0.61,0
8,210,2.26,57.27,4.704,0.639,0
8,211,1.859,58.12,4.488,0.905,0
8,212,2.14,58.41,4.684,0.601,0
8,213,2.209,59.47,4.532,0.705,0
8,214,2.092,59.56,4.433,0.611,0
8,215,2.176,59.14,4.492,0.83,0
8,216,2.405,58.37,4.605,0.972,0
8,217,2.243,58.72,4.705,0.75,0
8,218,2.063,59.3,4.531,0.601,0
8,219,2.031,60.33,4.572,0.986,0
8,220,2.205,56.75,4.426,0.621,0
8,221,2.504,59.9,4.613,0.827,0
8,222,2.447,59.57,4.53,0.725,0
8,223,2.201,60.03,4.417,0.688,0
8,224,2.428,60.43,4.559,0.635,0
8,225,2.132,59.44,4.388,0.706,0
8,226,2.382,61.18,4.463,0.706,0
8,227,2.336,59.09,4.488,0.775,0
8,228,2.239,59.09,4.535,0.779,0
8,229,2.07,60.93,4.654,0.912,0
8,230,2.374,60.64,4.405,0.813,0
8,231,2.488,61.26,4.668,0.769,0
8,232,2.254,60.84,4.364,0.977,0
8,233,2.375,60.84,4.556,0.753,0
8,234,2.39,60.58,4.459,0.805,0
8,235,2.567,59.88,4.368,0.699,0
8,236,2.331,59.82,4.316,0.616,0
8,237,2.339,60.36,4.384,0.916,0
8,238,2.709,61.64,4.343,0.782,0
8,239,2.603,60.27,4.539,0.667,0
8,240,2.667,61.61,4.311,0.664,0
8,241,2.769,63.23,4.448,0.825,0
8,242,2.678,60.25,4.554,0.711,0
8,243,2.916,62.1,4.427,0.911,0
8,244,2.74,61.77,4.254,0.75,0
8,245,2.574,61.31,4.42,0.682,0
8,246,2.755,64.32,4.303,0.96,0
8,247,2.871,61.3,4.205,0.923,0
8,248,2.837,60.23,4.259,0.62,0
8,249,2.961,62.23,4.294,0.688,0
8,250,2.799,64.23,4.143,0.966,0
8,251,2.954,63.86,4.208,0.969,0
8,252,3.126,64.38,4.185,0.985,0
8,253,2.906,61.97,4.376,0.643,0
8,254,3.032,62.44,4.071,0.872,0
8,255,3.099,62.37,4.164,0.795,0
8,256,3.113,63.54,4.317,0.92,0
8,257,2.928,62.02,4.213,0.635,0
8,258,3.374,62.79,4.229,0.804,0
8,259,3.339,64.76,4.337,0.786,0
8,260,3.467,63.24,4.2,0.751,0
8,261,3.204,64.75,4.026,0.775,0
8,262,3.237,65.17,4.114,0.761,0
8,263,3.633,63.05,4.083,0.772,0
8,264,3.237,63.04,4.17,0.63,0
8,265,3.417,65.06,4.258,0.927,0
8,266,3.42,64.22,4.031,0.681,0
8,267,3.608,63.93,4.099,0.852,0
8,268,3.673,65.25,4.236,0.977,0
8,269,3.973,65.49,4.059,0.716,0
8,270,3.923,66.29,4.053,0.938,0
8,271,3.955,64.31,4.213,0.672,0
8,272,3.785,64.57,4.042,0.627,0
8,273,3.981,67.89,3.871,0.852,0
8,274,3.886,65.35,3.745,0.918,0
8,275,4.114,68.74,4.037,0.973,0
8,276,4.251,66.06,3.914,0.91,0
8,277,3.915,68.64,3.814,0.992,0
8,278,4.044,67.98,4.019,0.833,0
8,279,4.323,65.98,3.883,0.812,0
8,280,4.028,65.47,3.811,0.774,0
8,281,4.558,68.12,3.92,0.953,0
8,282,4.558,68.33,3.966,0.94,0
8,283,4.626,69.37,3.792,0.942,1
8,284,1.877,56.03,5.008,0.8,0
8,285,2.152,55.63,4.662,0.627,0
8,286,5.037,57.83,4.63,0.914,0
8,287,1.721,58.92,4.753,0.777,0
8,288,2.278,59.28,4.887,0.965,0
8,289,2.092,57.71,4.805,0.681,0
8,290,1.93,59.09,4.741,0.87,0
8,291,1.885,57.46,4.763,0.9,0
8,292,2.31,59.68,4.885,0.99,0
8,293,2.124,59.08,4.709,0.958,0
8,294,1.907,58.23,4.808,0.751,0
8,295,2.021,56.76,4.563,0.681,0
8,296,2.059,56.11,4.695,0.765,0
8,297,2.303,57.11,4.73,0.618,0
8,298,2.064,58.35,4.636,0.838,0
8,299,4.321,58.21,4.704,0.727,0
8,300,2.064,58.79,4.767,0.947,0
8,301,2.238,58.74,4.776,0.916,0
8,302,1.896,57.2,4.674,0.619,0
8,303,1.981,56.24,4.787,0.655,0
8,304,2.015,55.87,4.734,0.637,0
8,305,2.07,58.74,4.864,0.762,0
8,306,2.073,57.28,4.739,0.701,0
8,307,1.907,58.44,4.383,0.928,0
8,308,1.806,58.12,4.596,0.952,0
8,309,2.118,57.72,4.755,0.922,0
8,310,2.241,60.24,4.517,0.979,0
8,311,2.147,57.91,4.565,0.844,0
8,312,2.159,57.03,4.647,0.626,0
8,313,2.034,58.59,4.599,0.883,0
8,314,2.08,57.61,4.688,0.827,0
8,315,2.22,56.04,4.627,0.657,0
8,316,2.195,59.51,4.531,0.795,0
8,317,2.178,56.97,4.452,0.741,0
8,318,2.211,59.99,4.674,0.953,0
8,319,1.735,56.72,4.645,0.749,0
8,320,1.886,57.89,4.565,0.952,0
8,321,1.981,56.97,4.561,0.692,0
8,322,2.182,57.7,4.662,0.697,0
8,323,1.891,55.68,4.726,0.745,0
8,324,1.867,59.68,4.355,0.857,0
8,325,2.081,57.09,4.644,0.87,0
8,326,1.947,57.3,4.553,0.615,0
8,327,2.222,58.73,4.419,0.987,0
8,328,2.17,57.6,4.525,0.773,0
8,329,2.176,56.55,4.568,0.788,0
8,330,2.069,57.67,4.613,0.736,0
8,331,2.006,58.58,4.771,0.888,0
8,332,2.211,59.7,4.828,0.934,0
8,333,2.073,59.12,4.628,0.835,0
8,334,2.245,58.8,4.561,0.803,0
8,335,2.085,58.8,4.682,0.681,0
8,336,2.002,58.7,4.776,0.748,0
8,337,2.288,60.16,4.371,0.957,0
8,338,2.243,58.83,4.526,0.835,0
8,339,2.31,59.73,4.502,0.671,0
8,340,2.14,61.8,4.562,0.985,0
8,341,1.986,58.91,4.565,0.607,0
8,342,2.108,60.92,4.58,0.858,0
8,343,2.062,58.96,4.514,0.709,0
8,344,1.977,58.96,4.415,0.727,0
8,345,2.267,58.62,4.575,0.668,0
8,346,2.114,59.11,4.666,0.862,0
8,347,2.231,60.34,4.585,0.996,0
8,348,2.546,60.62,4.636,0.806,0
8,349,2.161,60.75,4.459,0.847,0
8,350,2.197,59.92,4.348,0.794,0
8,351,2.101,58.62,4.613,0.705,0
8,352,2.306,58.34,4.436,0.861,0
8,353,2.391,58.69,4.407,0.624,0
8,354,2.743,59.33,4.547,0.703,0
8,355,2.361,60.84,4.474,0.749,0
8,356,2.314,59.71,4.487,0.786,0
8,357,2.409,58.15,4.602,0.652,0
8,358,2.417,60.68,4.374,0.683,0
8,359,2.363,60.29,4.632,0.869,0
8,360,2.472,59.57,4.4,0.627,0
8,361,2.182,59.06,4.476,0.656,0
8,362,2.455,61.69,4.299,0.809,0
8,363,2.362,61.27,4.468,0.769,0
8,364,2.581,59.41,4.383,0.692,0
9,0,1.81,60.57,4.711,0.938,0
9,1,1.812,58.36,4.795,0.677,0
9,2,1.737,59.28,4.856,0.685,0
9,3,1.948,61.0,4.79,0.676,0
9,4,1.816,60.49,4.841,0.854,0
9,5,2.063,60.46,4.797,0.978,0
9,6,1.809,61.37,4.564,0.75,0
9,7,1.891,60.21,4.856,0.877,0
9,8,1.837,58.68,4.644,0.722,0
9,9,1.8,60.58,4.687,0.939,0
9,10,1.414,60.75,4.666,0.83,0
9,11,2.126,57.76,4.631,0.758,0
9,12,1.9,62.28,4.754,0.955,0
9,13,1.831,58.67,4.783,0.748,0
9,14,1.842,58.44,4.832,0.646,0
9,15,1.761,61.95,4.766,0.873,0
9,16,2.05,61.66,5.014,0.815,0
9,17,1.906,61.29,4.763,0.739,0
9,18,1.476,60.55,4.77,0.734,0
9,19,1.628,61.42,4.756,0.944,0
9,20,2.191,59.36,4.914,0.77,0
9,21,1.983,60.21,4.762,0.943,0
9,22,2.04,60.28,4.681,0.699,0
9,23,1.803,60.54,4.718,0.656,0
9,24,1.863,62.83,4.921,0.953,0
9,25,1.946,61.44,4.788,0.975,0
9,26,2.108,60.94,4.739,0.846,0
9,27,2.037,60.01,4.849,0.668,0
9,28,1.85,60.72,4.79,0.631,0
9,29,2.207,61.64,4.805,0.879,0
9,30,1.892,59.95,4.732,0.636,0
9,31,1.944,62.45,4.688,0.996,0
9,32,1.893,61.95,4.801,0.943,0
9,33,1.794,61.48,4.737,0.806,0
9,34,1.923,60.49,4.641,0.86,0
9,35,2.141,60.81,4.82,0.907,0
9,36,1.712,60.54,4.623,0.621,0
9,37,1.964,62.0,4.738,0.984,0
9,38,2.041,60.48,4.866,0.712,0
9,39,2.12,61.65,4.848,0.943,0
9,40,1.751,61.98,4.746,0.681,0
9,41,1.789,61.53,4.901,0.873,0
9,42,2.163,60.71,4.774,0.922,0
9,43,2.132,59.62,4.748,0.804,0
9,44,2.066,62.35,4.709,0.723,0
9,45,1.895,61.55,4.718,0.812,0
9,46,2.193,59.62,4.6,0.601,0
9,47,1.888,59.82,4.699,0.738,0
9,48,1.813,60.72,4.882,0.659,0
9,49,1.899,62.04,4.719,0.96,0
9,50,1.938,60.43,4.712,0.883,0
9,51,1.638,61.59,4.716,0.778,0
9,52,1.989,61.73,4.79,0.707,0
9,53,1.798,62.84,4.75,0.811,0
9,54,2.142,62.13,4.693,0.733,0
9,55,2.146,62.11,4.826,0.949,0
9,56,2.099,62.29,4.663,0.9,0
9,57,1.927,61.49,4.764,0.822,0
9,58,1.804,59.99,4.713,0.77,0
9,59,2.085,61.94,4.826,0.791,0
9,60,1.95,62.39,4.958,0.791,0
9,61,2.021,61.89,4.837,0.899,0
9,62,2.054,62.54,4.813,0.944,0
9,63,1.948,60.63,4.494,0.92,0
9,64,1.954,61.09,4.834,0.865,0
9,65,1.887,62.44,4.74,0.944,0
9,66,2.055,61.57,4.726,0.99,0
9,67,2.04,60.86,4.874,0.7,0
9,68,2.045,63.07,4.661,0.989,0
9,69,2.149,61.26,4.683,0.849,0
9,70,1.925,60.79,4.769,0.692,0
9,71,1.894,62.96,4.715,0.93,0
9,72,1.735,61.69,4.826,0.67,0
9,73,1.894,58.32,4.687,0.612,0
9,74,1.907,60.29,4.584,0.686,0
9,75,1.902,60.19,4.828,0.915,0
9,76,2.045,62.07,4.616,0.921,0
9,77,1.83,62.78,4.74,0.93,0
9,78,2.276,62.09,4.808,0.746,0
9,79,2.268,61.97,4.637,0.714,0
9,80,2.064,60.59,4.682,0.64,0
9,81,2.148,60.41,4.859,0.605,0
9,82,1.984,60.35,4.801,0.74,0
9,83,2.213,62.88,4.802,0.824,0
9,84,1.61,61.97,4.596,0.984,0
9,85,2.064,62.73,4.602,0.766,0
9,86,2.049,62.89,4.666,0.987,0
9,87,1.991,61.51,4.584,0.714,0
9,88,2.103,62.7,4.503,0.967,0
9,89,2.168,61.72,4.591,0.958,0
9,90,2.427,61.49,4.715,0.801,0
9,91,2.444,60.73,4.711,0.761,0
9,92,1.962,61.99,4.948,0.963,0
9,93,2.194,63.48,4.432,0.859,0
9,94,2.153,64.18,4.73,0.921,0
9,95,1.989,61.59,4.579,0.691,0
9,96,2.237,60.63,4.539,0.798,0
9,97,2.25,59.6,4.814,0.716,0
9,98,2.204,61.06,4.799,0.631,0
9,99,1.939,62.37,4.699,0.886,0
9,100,2.083,58.95,4.785,0.649,0
9,101,2.081,61.93,4.824,0.609,0
9,102,2.219,61.91,4.661,0.901,0
9,103,2.254,63.03,4.595,0.854,0
9,104,2.1,61.04,4.695,0.751,0
9,105,2.191,61.89,4.6,0.942,0
9,106,1.994,63.11,4.789,0.799,0
9,107,2.165,63.57,4.679,0.968,0
9,108,2.3,62.29,4.459,0.691,0
9,109,2.058,63.11,4.853,0.947,0
9,110,2.461,62.72,4.779,0.982,0
9,111,2.065,61.27,4.705,0.982,0
9,112,2.45,63.98,4.679,0.982,0
9,113,1.855,60.77,4.382,0.762,0
9,114,2.254,63.56,4.696,0.88,0
9,115,2.597,62.48,4.821,0.881,0
9,116,2.331,60.97,4.712,0.667,0
9,117,2.406,62.04,4.758,0.67,0
9,118,2.213,59.97,4.629,0.624,0
9,119,2.435,61.93,4.662,0.669,0
9,120,2.22,61.03,4.576,0.607,0
9,121,2.374,64.28,4.639,0.684,0
9,122,2.614,62.14,4.517,0.705,0
9,123,2.194,61.75,4.606,0.695,0
9,124,2.461,60.8,4.686,0.607,0
9,125,2.447,64.48,4.414,0.818,0
9,126,2.202,61.53,4.444,0.749,0
9,127,2.476,64.04,4.626,0.773,0
9,128,2.444,62.38,4.499,0.669,0
9,129,2.647,63.72,4.503,0.828,0
9,130,2.353,60.96,4.692,0.831,0
9,131,2.311,63.07,4.501,0.74,0
9,132,2.447,62.77,4.766,0.939,0
9,133,2.44,62.29,4.74,0.684,0
9,134,2.472,63.55,4.668,0.939,0
9,135,2.417,63.34,4.653,0.958,0
9,136,2.503,63.44,4.678,0.8,0
9,137,2.493,64.48,4.367,0.84,0
9,138,2.565,63.07,4.642,0.796,0
9,139,2.456,62.02,4.55,0.787,0
9,140,2.696,62.56,4.51,0.998,0
9,141,2.473,62.26,4.547,0.764,0
9,142,2.482,62.37,4.542,0.672,0
9,143,2.336,62.44,4.48,0.796,0
9,144,2.194,61.38,4.727,0.883,0
9,145,2.58,61.56,4.618,0.705,0
9,146,2.304,61.92,4.688,0.69,0
9,147,2.478,61.98,4.499,0.639,0
9,148,2.73,65.37,4.678,0.827,0
9,149,2.519,61.42,4.449,0.761,0
9,150,2.488,61.24,4.469,0.775,0
9,151,2.497,61.79,4.589,0.721,0
9,152,2.656,61.18,4.68,0.675,0
9,153,2.721,62.33,4.476,0.619,0
9,154,2.647,62.89,4.394,0.883,0
9,155,2.529,63.18,4.555,0.717,0
9,156,2.577,63.53,4.463,0.657,1
9,157,1.757,58.81,4.812,0.762,0
9,158,2.044,59.64,4.717,0.904,0
9,159,1.848,57.83,4.805,0.651,0
9,160,2.21,59.06,4.971,0.706,0
9,161,1.899,59.04,4.82,0.719,0
9,162,1.975,58.07,4.708,0.695,0
9,163,1.783,59.36,4.852,0.985,0
9,164,2.059,60.63,4.83,0.688,0
9,165,1.823,61.03,4.904,0.938,0
9,166,1.837,60.53,4.71,0.87,0
9,167,2.228,60.73,4.879,0.917,0
9,168,1.902,60.77,5.095,0.81,0
9,169,1.778,60.36,4.785,0.906,0
9,170,1.845,60.02,4.873,0.652,0
9,171,2.031,61.01,4.932,0.968,0
9,172,2.152,58.31,4.865,0.666,0
9,173,2.065,60.66,4.914,0.892,0
9,174,1.747,59.27,4.738,0.735,0
9,175,1.743,61.99,4.888,0.995,0
9,176,1.778,61.28,4.659,0.823,0
9,177,1.88,59.98,4.886,0.618,0
9,178,1.927,59.8,4.641,0.783,0
9,179,1.826,60.8,4.82,0.719,0
9,180,1.832,60.77,4.782,0.902,0
9,181,1.902,59.14,4.845,0.91,0
9,182,1.565,59.74,4.902,0.64,0
9,183,2.008,60.35,4.812,0.836,0
9,184,1.78,59.56,4.604,0.936,0
9,185,2.209,61.46,4.745,0.857,0
9,186,1.842,61.17,4.745,0.732,0
9,187,2.004,60.31,4.862,0.884,0
9,188,2.182,59.87,4.781,0.678,0
9,189,1.898,60.14,4.602,0.817,0
9,190,1.944,59.25,4.623,0.725,0
9,191,1.922,60.51,4.728,0.958,0
9,192,1.83,59.7,4.91,0.796,0
9,193,2.002,61.15,4.838,0.959,0
9,194,1.693,59.43,4.883,0.729,0
9,195,1.901,60.55,4.731,0.852,0
9,196,2.003,59.44,4.818,0.637,0
9,197,2.212,60.23,4.768,0.715,0
9,198,1.823,62.14,4.662,0.926,0
9,199,1.968,61.68,4.856,0.825,0
9,200,3.966,60.05,4.715,0.813,0
9,201,2.035,61.48,5.037,0.876,0
9,202,1.963,59.46,4.696,0.67,0
9,203,2.006,59.97,4.792,0.712,0
9,204,1.603,59.9,4.917,0.618,0
9,205,1.771,60.57,4.853,0.649,0
9,206,1.952,62.03,4.867,0.844,0
9,207,1.996,61.36,4.663,0.749,0
9,208,1.87,58.5,4.809,0.67,0
9,209,1.917,61.34,4.935,0.836,0
9,210,1.792,59.56,4.729,0.795,0
9,211,1.856,59.08,4.754,0.893,0
9,212,2.183,60.28,4.857,0.865,0
9,213,1.633,62.4,5.06,0.953,0
9,214,1.835,61.15,4.896,0.95,0
9,215,2.238,59.3,4.764,0.84,0
9,216,1.796,60.14,4.718,0.753,0
9,217,1.669,60.82,4.891,0.912,0
9,218,2.117,59.64,4.722,0.602,0
9,219,2.166,62.85,4.802,0.862,0
9,220,2.199,58.67,4.783,0.607,0
9,221,1.971,61.85,4.827,0.995,0
9,222,2.07,61.09,4.95,0.937,0
9,223,1.834,59.62,4.869,0.891,0
9,224,1.841,62.3,4.912,0.911,0
9,225,2.216,58.98,4.81,0.7,0
9,226,1.943,62.48,4.81,0.874,0
9,227,2.275,60.9,4.769,0.803,0
9,228,2.037,60.17,4.87,0.662,0
9,229,2.265,58.5,4.876,0.679,0
9,230,1.775,61.86,4.821,0.935,0
9,231,1.862,59.98,4.587,0.905,0
9,232,1.978,59.84,4.688,0.65,0
9,233,2.089,62.68,4.645,0.974,0
9,234,1.901,62.47,4.69,0.927,0
9,235,2.151,60.79,4.528,0.75,0
9,236,2.045,60.98,4.751,0.991,0
9,237,1.751,61.7,4.753,0.994,0
9,238,2.114,61.03,4.783,0.945,0
9,239,2.128,63.35,4.853,0.923,0
9,240,1.925,61.85,4.776,0.918,0
9,241,1.913,61.48,4.654,0.787,0
9,242,2.126,60.3,4.718,0.677,0
9,243,2.292,61.07,4.849,0.738,0
9,244,1.993,62.49,4.542,0.861,0
9,245,1.938,59.97,4.863,0.665,0
9,246,2.109,61.95,4.763,0.863,0
9,247,2.151,61.33,4.875,0.886,0
9,248,2.12,63.12,4.67,0.967,0
9,249,2.016,62.62,4.724,0.912,0
9,250,2.187,61.38,4.651,0.875,0
9,251,1.935,59.3,4.702,0.61,0
9,252,1.894,60.39,4.681,0.688,0
9,253,2.261,60.81,4.767,0.745,0
9,254,2.323,60.82,4.871,0.649,0
9,255,2.145,60.5,4.812,0.75,0
9,256,2.174,62.92,4.748,0.797,0
9,257,2.388,62.13,4.744,0.981,0
9,258,2.062,60.8,4.763,0.619,0
9,259,1.912,62.97,4.575,0.936,0
9,260,2.082,60.59,4.786,0.834,0
9,261,2.199,63.86,4.685,0.968,0
9,262,2.358,61.34,4.529,0.64,0
9,263,2.239,60.96,4.721,0.667,0
9,264,2.356,59.98,4.534,0.684,0
9,265,2.116,62.16,4.59,0.949,0
9,266,2.154,63.7,4.649,0.921,0
9,267,2.115,63.47,4.563,0.683,0
9,268,2.264,61.42,4.621,0.79,0
9,269,2.33,61.25,4.717,0.803,0
9,270,2.26,61.32,4.533,0.844,0
9,271,2.248,60.56,4.731,0.615,0
9,272,2.256,61.77,4.585,0.633,0
9,273,2.143,62.75,4.515,0.981,0
9,274,2.106,61.7,4.943,0.759,0
9,275,2.05,62.12,4.691,0.635,0
9,276,2.239,61.47,4.79,0.825,0
9,277,2.249,60.0,4.677,0.633,0
9,278,2.382,60.8,4.747,0.841,0
9,279,2.142,63.52,4.649,0.821,0
9,280,2.111,61.44,4.663,0.711,0
9,281,2.241,62.99,4.617,0.918,0
9,282,2.119,63.14,4.675,0.818,0
9,283,2.299,61.19,4.661,0.785,0
9,284,2.264,59.27,4.764,0.835,0
9,285,2.383,63.04,4.427,0.941,0
9,286,2.161,60.44,4.605,0.924,0
9,287,2.214,61.38,4.847,0.75,0
9,288,2.193,62.96,4.574,0.963,0
9,289,2.22,60.88,4.724,0.692,0
9,290,2.28,60.52,4.644,0.68,0
9,291,2.088,60.52,4.668,0.616,0
9,292,2.306,63.04,4.562,0.818,0
9,293,2.583,64.81,4.841,0.998,0
9,294,2.541,61.54,4.687,0.791,0
9,295,2.311,62.48,4.614,0.682,0
9,296,2.562,61.25,4.657,0.947,0
9,297,2.36,62.41,4.595,0.849,0
9,298,2.383,62.81,4.419,0.694,0
9,299,2.312,61.5,4.552,0.977,0
9,300,2.57,65.05,4.672,0.87,0
9,301,2.474,64.41,4.636,0.938,0
9,302,2.387,61.03,4.743,0.663,0
9,303,2.588,63.02,4.629,0.613,0
9,304,2.366,61.78,4.497,0.678,0
9,305,2.771,62.22,4.388,0.712,0
9,306,2.643,64.18,4.607,0.956,0
9,307,2.308,63.23,4.678,0.841,0
9,308,2.704,62.1,4.549,0.966,0
9,309,2.698,61.38,4.602,0.625,0
9,310,2.5,64.12,4.533,0.801,0
9,311,2.546,63.57,4.542,0.923,0
9,312,2.589,64.24,4.494,0.818,0
9,313,2.526,61.99,4.548,0.72,0
9,314,2.379,62.87,4.504,0.993,0
9,315,2.578,62.22,4.453,0.814,0
9,316,2.839,62.54,4.639,0.655,0
9,317,2.667,61.2,4.491,0.73,0
9,318,2.68,62.88,4.44,0.805,1
9,319,1.891,58.89,5.045,0.681,0
9,320,1.882,57.09,4.769,0.703,0
9,321,1.789,61.05,4.888,0.882,0
9,322,1.811,61.16,4.81,0.979,0
9,323,1.884,60.46,4.684,0.685,0
9,324,1.9,61.22,4.709,0.864,0
9,325,2.008,60.7,4.899,0.774,0
9,326,2.014,60.12,4.817,0.866,0
9,327,1.979,59.52,5.003,0.668,0
9,328,1.766,62.93,4.944,0.899,0
9,329,1.901,60.57,4.672,0.876,0
9,330,1.903,60.99,4.762,0.85,0
9,331,1.79,62.06,4.792,0.912,0
9,332,2.061,61.56,4.802,0.848,0
9,333,1.892,59.95,4.777,0.807,0
9,334,2.01,60.34,4.767,0.862,0
9,335,1.849,61.8,4.763,0.753,0
9,336,2.003,60.53,4.867,0.733,0
9,337,1.873,58.08,4.815,0.649,0
9,338,1.807,60.33,4.725,0.653,0
9,339,1.756,60.79,4.834,0.711,0
9,340,2.236,58.69,4.911,0.662,0
9,341,1.957,59.21,4.663,0.763,0
9,342,1.792,57.74,4.92,0.76,0
9,343,1.959,61.33,4.7,0.888,0
9,344,1.938,59.95,4.779,0.817,0
9,345,2.073,58.09,4.643,0.742,0
9,346,1.934,61.3,4.822,0.82,0
9,347,2.116,58.82,4.719,0.864,0
9,348,1.78,60.04,4.963,0.641,0
9,349,1.925,61.66,4.891,0.944,0
9,350,2.092,62.21,4.757,0.99,0
9,351,1.877,62.13,4.742,0.995,0
9,352,1.876,60.41,4.853,0.812,0
9,353,1.943,60.41,4.606,0.832,0
9,354,2.016,63.84,4.881,0.837,0
9,355,1.876,62.01,4.476,0.832,0
9,356,1.897,60.84,4.826,0.868,0
9,357,2.09,61.76,4.8,0.892,0
9,358,1.929,61.59,4.689,0.885,0
9,359,1.984,60.06,4.781,0.807,0
9,360,2.014,61.75,4.77,0.927,0
9,361,2.088,63.31,4.761,0.946,0
9,362,2.175,62.95,4.552,0.968,0
9,363,2.057,61.88,4.785,0.734,0
9,364,1.921,61.22,4.967,0.736,0
10,0,2.013,54.53,4.846,0.712,0
10,1,1.918,56.75,4.869,0.996,0
10,2,1.809,58.27,4.922,0.941,0
10,3,2.041,57.32,4.915,0.737,0
10,4,1.93,56.25,4.884,0.902,0
10,5,2.199,55.99,4.993,0.646,0
10,6,2.193,55.4,4.95,0.781,0
10,7,1.969,55.19,5.178,0.642,0
10,8,1.973,55.78,5.056,0.825,0
10,9,1.79,56.87,4.964,0.845,0
10,10,2.215,58.12,4.624,0.714,0
10,11,2.245,56.7,4.751,0.685,0
10,12,2.117,57.04,4.814,0.857,0
10,13,2.119,57.15,4.852,0.94,0
10,14,2.056,57.04,5.01,0.793,0
10,15,1.773,56.87,4.931,0.605,0
10,16,1.968,56.19,4.94,0.983,0
10,17,2.152,51.85,4.912,0.701,0
10,18,2.375,57.0,5.118,0.787,0
10,19,1.863,56.45,4.853,0.854,0
10,20,2.316,55.96,4.894,0.654,0
10,21,2.191,55.91,4.983,0.66,0
10,22,1.949,59.38,4.87,0.966,0
10,23,4.068,55.52,4.843,0.631,0
10,24,2.333,57.56,5.051,0.862,0
10,25,2.105,58.45,4.806,0.792,0
10,26,2.056,56.6,4.984,0.661,0
10,27,1.95,55.38,4.803,0.666,0
10,28,3.884,59.75,4.789,0.975,0
10,29,2.228,57.54,4.956,0.883,0
10,30,1.908,57.39,4.887,0.849,0
10,31,2.195,56.73,4.825,0.683,0
10,32,2.011,56.47,4.876,0.813,0
10,33,2.352,59.05,4.854,0.931,0
10,34,1.854,56.5,4.888,0.68,0
10,35,2.063,58.7,4.771,0.784,0
10,36,2.197,57.8,5.011,0.961,0
10,37,1.909,57.04,4.965,0.76,0
10,38,2.063,57.23,4.954,0.703,0
10,39,2.208,59.12,4.669,0.95,0
10,40,1.972,56.07,4.791,0.624,0
10,41,1.991,56.73,4.798,0.67,0
10,42,1.983,58.35,4.998,0.795,0
10,43,2.393,58.3,5.039,0.877,0
10,44,1.897,55.87,4.946,0.608,0
10,45,2.129,55.47,4.879,0.69,0
10,46,1.91,57.43,4.865,0.944,0
10,47,2.135,54.81,4.935,0.609,0
10,48,2.059,56.7,4.843,0.641,0
10,49,2.273,58.58,4.808,0.959,0
10,50,2.025,59.09,4.848,0.827,0
10,51,2.049,59.12,4.78,0.798,0
10,52,2.229,60.01,4.605,0.956,0
10,53,2.249,60.61,4.818,0.988,0
10,54,2.248,58.36,4.798,0.816,0
10,55,2.268,58.31,4.745,0.984,0
10,56,2.262,58.38,4.712,0.977,0
10,57,2.43,57.68,4.783,0.843,0
10,58,2.186,57.5,4.703,0.64,0
10,59,2.361,59.71,4.704,0.907,0
10,60,4.389,59.87,4.797,0.952,0
10,61,2.013,58.44,4.746,0.808,0
10,62,2.118,58.77,4.633,0.891,0
10,63,2.089,57.99,4.816,0.759,0
10,64,2.182,59.96,4.736,0.968,0
10,65,2.439,59.54,4.777,0.951,0
10,66,1.982,58.54,4.703,0.975,0
10,67,2.415,59.37,4.857,0.916,0
10,68,2.2,57.99,4.717,0.84,0
10,69,2.264,57.1,4.77,0.623,0
10,70,2.542,59.24,4.812,0.814,0
10,71,2.011,57.35,4.711,0.866,0
10,72,2.402,61.39,4.744,0.827,0
10,73,2.541,58.46,4.839,0.879,0
10,74,2.275,57.5,4.777,0.601,0
10,75,2.457,58.07,4.768,0.849,0
10,76,2.126,58.7,4.827,0.606,0
10,77,2.221,58.7,4.884,0.798,0
10,78,2.351,58.07,4.493,0.712,0
10,79,2.56,58.15,4.791,0.904,0
10,80,2.684,59.16,4.633,0.802,0
10,81,2.608,58.36,4.742,0.735,0
10,82,2.512,60.03,4.706,0.949,0
10,83,2.638,59.57,4.583,0.946,0
10,84,2.292,60.12,4.914,0.878,0
10,85,2.662,58.97,4.692,0.866,0
10,86,2.446,59.73,4.715,0.634,0
10,87,2.628,58.27,4.68,0.694,0
10,88,2.385,58.84,4.766,0.731,0
10,89,2.754,58.74,4.563,0.827,0
10,90,2.672,57.27,4.655,0.602,0
10,91,2.304,59.93,4.609,0.643,0
10,92,2.633,60.51,4.755,0.833,0
10,93,2.597,61.55,4.722,0.938,0
10,94,2.291,60.89,4.671,0.906,0
10,95,2.595,58.67,4.748,0.767,0
10,96,2.738,60.33,4.646,0.9,0
10,97,2.404,60.0,4.522,0.786,0
10,98,2.475,61.08,4.724,0.753,0
10,99,2.725,59.66,4.677,0.865,0
10,100,2.783,58.95,4.712,0.652,0
10,101,2.908,58.64,4.723,0.603,0
10,102,3.096,60.9,4.8,0.785,0
10,103,2.819,59.21,4.547,0.833,0
10,104,3.073,58.0,4.386,0.727,0
10,105,2.523,60.44,4.57,0.716,0
10,106,3.127,59.93,4.674,0.804,0
10,107,2.639,59.8,4.512,0.813,0
10,108,2.74,58.97,4.696,0.706,0
10,109,2.863,60.33,4.473,0.82,0
10,110,2.884,63.04,4.547,0.942,0
10,111,2.902,60.03,4.581,0.657,0
10,112,3.099,59.53,4.7,0.618,0
10,113,2.699,59.07,4.634,0.739,0
10,114,2.752,59.79,4.667,0.647,0
10,115,2.934,61.78,4.62,0.752,0
10,116,3.26,62.41,4.585,0.857,0
10,117,2.986,62.85,4.484,0.941,0
10,118,2.904,61.59,4.524,0.954,0
10,119,3.017,61.63,4.684,0.8,0
10,120,3.011,59.39,4.493,0.863,0
10,121,2.923,60.56,4.561,0.781,0
10,122,2.717,58.92,4.576,0.674,0
10,123,3.116,60.09,4.568,0.643,0
10,124,3.011,61.38,4.559,0.975,0
10,125,2.783,60.75,4.532,0.664,0
10,126,3.23,61.42,4.49,0.972,0
10,127,3.104,62.66,4.379,0.947,0
10,128,3.128,61.81,4.5,0.932,0
10,129,3.395,60.98,4.306,0.766,0
10,130,2.92,59.41,4.423,0.797,0
10,131,3.117,62.44,4.593,0.892,0
10,132,3.439,61.74,4.6,0.886,0
10,133,3.097,62.44,4.52,0.897,0
10,134,3.31,60.3,4.468,0.602,0
10,135,3.119,60.87,4.77,0.956,0
10,136,4.859,60.07,4.58,0.66,0
10,137,3.301,61.34,4.496,0.652,0
10,138,3.071,59.91,4.541,0.72,0
10,139,3.459,62.41,4.435,0.9,0
10,140,3.39,60.24,4.669,0.613,0
10,141,3.671,62.37,4.558,0.868,0
10,142,3.299,61.68,4.49,0.856,0
10,143,3.88,61.66,4.381,0.911,0
10,144,3.378,64.02,4.572,0.794,0
10,145,3.524,59.08,4.591,0.684,0
10,146,3.245,62.46,4.35,0.887,0
10,147,3.121,64.28,4.191,0.877,0
10,148,3.571,61.97,4.299,0.63,0
10,149,3.442,62.87,4.329,0.991,0
10,150,3.44,62.96,4.392,0.622,0
10,151,3.377,62.07,4.435,0.683,0
10,152,3.656,62.2,4.415,0.661,0
10,153,3.601,61.84,4.194,0.834,0
10,154,3.668,64.48,4.379,0.978,0
10,155,3.739,64.15,4.474,0.877,0
10,156,3.57,64.97,4.248,0.984,0
10,157,3.718,64.32,4.296,0.773,0
10,158,3.802,63.6,4.281,0.955,0
10,159,4.006,63.11,4.235,0.745,0
10,160,3.831,62.57,4.192,0.713,0
10,161,3.826,62.68,4.455,0.707,0
10,162,3.888,63.61,4.364,0.92,0
10,163,3.866,63.59,4.278,0.649,0
10,164,3.858,62.33,4.242,0.638,0
10,165,3.635,64.02,4.147,0.865,0
10,166,3.966,66.9,4.286,0.779,0
10,167,3.913,64.67,4.286,0.82,0
10,168,4.045,65.63,4.356,0.902,0
10,169,4.05,63.95,4.24,0.626,0
10,170,4.162,65.56,4.141,0.867,0
10,171,4.178,63.09,4.178,0.611,0
10,172,4.231,64.17,4.119,0.694,0
10,173,4.348,66.01,3.969,0.813,0
10,174,4.342,66.38,4.256,0.92,0
10,175,4.461,64.82,4.183,0.814,0
10,176,4.195,64.46,4.206,0.789,0
10,177,4.56,66.0,4.294,0.737,0
10,178,4.286,65.51,4.146,0.709,0
10,179,4.637,64.63,4.201,0.934,0
10,180,4.343,66.89,4.399,0.801,0
10,181,4.438,65.53,4.098,0.973,1
10,182,1.96,58.37,5.03,0.933,0
10,183,2.087,55.66,5.081,0.656,0
10,184,1.989,56.02,4.957,0.665,0
10,185,1.95,55.51,4.914,0.664,0
10,186,1.86,54.37,5.09,0.605,0
10,187,1.915,54.68,4.824,0.683,0
10,188,1.922,56.23,4.919,0.878,0
10,189,2.042,54.85,5.052,0.811,0
10,190,2.056,55.52,4.741,0.889,0
10,191,1.94,54.61,4.855,0.736,0
10,192,1.647,58.09,4.855,0.83,0
10,193,1.623,55.28,4.902,0.872,0
10,194,2.136,57.68,4.933,0.974,0
10,195,1.854,55.29,4.938,0.716,0
10,196,1.974,55.7,4.949,0.803,0
10,197,2.058,55.83,4.921,0.636,0
10,198,1.737,54.21,4.988,0.788,0
10,199,2.238,58.34,4.884,0.957,0
10,200,2.094,56.07,4.853,0.778,0
10,201,1.763,56.83,4.937,0.62,0
10,202,2.228,56.73,4.874,0.791,0
10,203,1.878,54.29,4.96,0.728,0
10,204,2.096,55.26,4.75,0.656,0
10,205,1.954,55.31,4.892,0.864,0
10,206,1.808,56.44,4.944,0.693,0
10,207,2.129,57.3,4.952,0.709,0
10,208,1.942,54.92,5.049,0.605,0
10,209,2.289,57.14,5.007,0.86,0
10,210,2.13,55.89,4.835,0.74,0
10,211,2.017,53.45,4.944,0.779,0
10,212,1.68,55.72,4.952,0.793,0
10,213,2.052,53.86,4.882,0.734,0
10,214,1.852,55.82,4.954,0.64,0
10,215,2.165,53.93,5.119,0.671,0
10,216,1.953,59.14,4.972,0.937,0
10,217,4.554,57.0,4.919,0.706,0
10,218,2.153,55.09,5.009,0.634,0
10,219,2.122,55.79,4.938,0.615,0
10,220,2.04,58.5,4.987,0.916,0
10,221,2.187,57.44,4.923,0.953,0
10,222,2.13,53.88,4.912,0.623,0
10,223,1.933,59.37,4.89,0.965,0
10,224,2.236,55.59,4.944,0.635,0
10,225,2.066,58.01,4.715,0.985,0
10,226,2.003,57.27,5.096,0.831,0
10,227,1.973,56.56,4.957,0.783,0
10,228,1.871,58.03,4.957,0.975,0
10,229,2.149,57.25,4.92,0.947,0
10,230,2.551,55.81,4.942,0.689,0
10,231,1.875,58.2,5.133,0.968,0
10,232,1.759,55.85,4.897,0.869,0
10,233,2.109,59.43,5.021,0.959,0
10,234,2.124,59.36,4.743,0.977,0
10,235,2.3,55.98,4.724,0.843,0
10,236,2.143,57.88,4.911,0.911,0
10,237,2.103,56.39,4.673,0.924,0
10,238,1.995,56.41,4.775,0.971,0
10,239,2.26,58.64,4.976,0.745,0
10,240,2.259,57.36,4.844,0.881,0
10,241,2.184,57.27,4.771,0.754,0
10,242,2.242,57.37,4.749,0.914,0
10,243,2.27,56.54,4.81,0.64,0
10,244,2.324,57.1,4.892,0.707,0
10,245,2.578,59.49,4.744,0.869,0
10,246,2.394,58.78,4.509,0.975,0
10,247,2.255,57.76,4.856,0.869,0
10,248,2.234,57.67,4.816,0.683,0
10,249,2.534,59.33,4.692,0.674,0
10,250,2.345,58.37,4.616,0.659,0
10,251,2.28,57.66,4.818,0.776,0
10,252,2.201,59.55,4.755,0.713,0
10,253,2.275,58.3,4.727,0.837,0
10,254,2.417,58.66,4.78,0.622,0
10,255,2.149,56.51,4.616,0.653,0
10,256,2.258,58.0,4.678,0.603,0
10,257,2.47,57.9,4.751,0.664,0
10,258,2.428,59.38,4.899,0.875,0
10,259,2.4,60.09,4.784,0.99,0
10,260,2.586,59.48,4.518,0.854,0
10,261,2.858,60.78,4.721,0.934,0
10,262,2.59,58.2,4.59,0.927,0
10,263,2.527,59.85,4.74,0.967,0
10,264,2.906,60.33,4.74,0.917,0
10,265,2.699,61.35,4.631,0.977,0
10,266,2.615,59.32,4.669,0.912,0
10,267,2.767,59.82,4.723,0.97,0
10,268,2.466,59.08,4.729,0.75,0
10,269,2.456,60.86,4.643,0.739,0
10,270,2.78,60.72,4.5,0.637,0
10,271,2.631,60.63,4.52,0.601,0
10,272,2.776,58.27,4.593,0.664,0
10,273,2.764,60.98,4.762,0.964,0
10,274,3.093,62.68,4.392,0.951,0
10,275,2.782,61.19,4.457,0.643,0
10,276,3.171,61.92,4.487,0.865,0
10,277,3.024,60.28,4.598,0.644,0
10,278,3.009,62.28,4.465,0.956,0
10,279,2.846,61.55,4.621,0.918,0
10,280,3.099,59.44,4.429,0.666,0
10,281,3.081,60.72,4.432,0.935,0
10,282,2.965,59.68,4.362,0.65,0
10,283,3.222,62.04,4.431,0.627,0
10,284,3.291,62.43,4.402,0.928,0
10,285,3.253,64.12,4.37,0.926,0
10,286,3.158,61.06,4.617,0.633,0
10,287,3.442,60.2,4.441,0.718,0
10,288,3.073,62.77,4.357,0.982,0
10,289,3.201,63.76,4.384,0.976,0
10,290,3.061,63.03,4.337,0.716,0
10,291,3.379,61.43,4.331,0.631,0
10,292,3.432,60.94,4.261,0.64,0
10,293,4.906,62.25,4.29,0.921,0
10,294,3.132,62.05,4.632,0.701,0
10,295,3.236,62.97,4.39,0.788,0
10,296,3.544,65.51,4.42,0.935,0
10,297,3.402,62.33,4.455,0.7,0
10,298,3.563,64.53,4.308,0.97,0
10,299,3.51,62.72,4.422,0.741,0
10,300,3.78,63.65,4.423,0.963,0
10,301,3.689,65.11,4.129,0.925,0
10,302,3.915,64.06,4.411,0.673,0
10,303,3.687,63.17,4.319,0.903,0
10,304,3.763,62.54,4.544,0.617,0
10,305,3.829,64.53,4.367,0.778,0
10,306,3.791,64.71,4.4,0.781,0
10,307,3.79,63.64,4.205,0.641,0
10,308,3.782,67.21,4.145,0.931,0
10,309,3.857,65.29,4.355,0.746,0
10,310,3.994,64.81,4.104,0.677,0
10,311,4.238,62.86,4.422,0.786,0
10,312,4.165,63.38,4.401,0.699,0
10,313,4.218,64.67,4.144,0.747,0
10,314,4.15,64.86,4.218,0.686,0
10,315,4.213,66.23,4.211,0.74,0
10,316,4.142,65.7,4.251,0.715,0
10,317,4.511,66.52,4.111,0.783,0
10,318,4.341,64.61,4.315,0.767,0
10,319,4.608,65.43,4.2,0.895,0
10,320,4.426,65.65,4.095,0.705,0
10,321,4.317,63.81,4.056,0.666,1
10,322,1.649,58.29,5.132,0.989,0
10,323,1.764,55.09,4.813,0.883,0
10,324,1.992,53.79,5.031,0.635,0
10,325,1.97,56.38,5.158,0.869,0
10,326,1.89,52.99,4.88,0.674,0
10,327,1.968,55.3,5.081,0.606,0
10,328,2.033,54.74,5.06,0.721,0
10,329,1.832,58.03,4.853,0.856,0
10,330,2.116,56.43,4.81,0.729,0
10,331,2.088,56.63,5.048,0.937,0
10,332,2.274,53.63,4.914,0.666,0
10,333,1.965,55.93,5.038,0.742,0
10,334,1.935,56.97,4.974,0.978,0
10,335,1.914,57.29,4.871,0.977,0
10,336,2.023,57.07,4.937,0.855,0
10,337,2.031,56.03,4.972,0.665,0
10,338,1.752,57.66,4.809,0.936,0
10,339,1.999,54.26,4.796,0.62,0
10,340,2.209,54.78,5.07,0.896,0
10,341,1.813,56.54,5.025,0.895,0
10,342,2.051,55.78,4.964,0.813,0
10,343,1.657,56.0,5.043,0.669,0
10,344,1.91,56.96,5.148,0.779,0
10,345,2.074,54.49,4.994,0.818,0
10,346,2.039,55.88,4.934,0.806,0
10,347,1.837,55.4,4.874,0.75,0
10,348,1.796,56.56,4.859,0.829,0
10,349,2.092,56.15,4.975,0.759,0
10,350,2.037,53.28,4.92,0.825,0
10,351,1.716,55.77,5.144,0.663,0
10,352,2.065,55.51,5.031,0.784,0
10,353,3.526,57.19,5.099,0.994,0
10,354,2.013,56.8,4.864,0.901,0
10,355,2.132,54.74,5.195,0.785,0
10,356,1.849,55.16,4.835,0.726,0
10,357,2.076,55.69,4.873,0.633,0
10,358,1.935,56.43,4.841,0.846,0
10,359,2.111,54.25,4.783,0.617,0
10,360,2.113,55.03,4.869,0.66,0
10,361,1.747,55.68,4.973,0.856,0
10,362,2.202,56.51,4.934,0.935,0
10,363,2.045,56.79,5.088,0.999,0
10,364,2.186,58.1,5.04,0.927,0
11,0,2.159,59.32,4.757,0.975,0
11,1,2.07,57.41,4.701,0.611,0
11,2,2.269,58.22,4.656,0.704,0
11,3,2.041,58.56,4.816,0.812,0
11,4,2.4,59.08,4.705,0.794,0
11,5,2.345,58.74,4.773,0.927,0
11,6,2.333,58.43,4.815,0.791,0
11,7,2.459,59.49,4.956,0.907,0
11,8,2.296,59.39,4.865,0.653,0
11,9,2.145,59.29,4.894,0.745,0
11,10,5.086,57.5,4.789,0.847,0
11,11,2.371,60.5,4.886,0.97,0
11,12,2.085,59.34,4.751,0.872,0
11,13,2.118,58.52,4.88,0.705,0
11,14,2.292,58.88,4.839,0.635,0
11,15,2.303,58.69,4.827,0.767,0
11,16,2.189,57.87,4.793,0.825,0
11,17,2.319,60.25,4.766,0.991,0
11,18,2.373,59.8,4.77,0.877,0
11,19,2.335,59.23,4.691,0.726,0
11,20,2.452,60.53,4.728,0.902,0
11,21,2.21,60.31,4.79,0.86,0
11,22,2.513,59.01,4.811,0.804,0
11,23,2.313,59.0,4.667,0.868,0
11,24,2.438,59.39,4.899,0.679,0
11,25,2.434,60.36,4.751,0.891,0
11,26,2.478,60.67,4.706,0.715,0
11,27,2.361,60.54,4.625,0.903,0
11,28,2.394,58.44,4.7,0.654,0
11,29,2.353,62.17,4.685,0.875,0
11,30,2.529,58.42,4.67,0.607,0
11,31,2.738,59.96,4.665,0.674,0
11,32,2.223,60.54,4.566,0.795,0
11,33,2.532,57.6,4.67,0.676,0
11,34,2.626,59.76,4.587,0.778,0
11,35,2.39,59.95,4.683,0.657,0
11,36,2.588,60.68,4.747,0.877,0
11,37,2.696,61.06,4.732,0.958,0
11,38,2.816,60.53,4.549,0.966,0
11,39,2.588,59.68,4.575,0.709,0
11,40,2.494,58.31,4.694,0.652,0
11,41,2.464,59.99,4.74,0.851,0
11,42,2.504,62.62,4.626,0.956,0
11,43,2.742,62.89,4.554,0.915,0
11,44,2.872,59.66,4.746,0.782,0
11,45,2.861,60.11,4.436,0.631,0
11,46,2.71,61.14,4.361,0.914,0
11,47,2.612,62.08,4.497,0.885,0
11,48,2.752,60.89,4.661,0.779,0
11,49,2.824,62.6,4.608,0.762,0
11,50,2.682,59.44,4.733,0.784,0
11,51,2.899,60.93,4.339,0.704,0
11,52,2.914,62.33,4.528,0.918,0
11,53,3.219,59.93,4.621,0.628,0
11,54,3.188,63.52,4.331,0.844,0
11,55,3.155,61.88,4.623,0.643,0
11,56,3.176,61.6,4.318,0.799,0
11,57,3.206,61.75,4.492,0.715,0
11,58,3.287,62.64,4.443,0.741,0
11,59,3.06,61.51,4.499,0.616,0
11,60,3.116,62.42,4.441,0.859,0
11,61,3.172,63.53,4.428,0.927,0
11,62,3.432,62.99,4.398,0.929,0
11,63,3.272,64.02,4.336,0.622,0
11,64,3.462,62.89,4.387,0.969,0
11,65,3.665,62.7,4.553,0.829,0
11,66,3.176,62.91,4.295,0.758,0
11,67,3.25,62.36,4.502,0.699,0
11,68,3.39,63.11,4.438,0.639,0
11,69,3.483,62.8,4.297,0.79,0
11,70,3.394,64.63,4.368,0.982,0
11,71,3.491,62.91,4.342,0.642,0
11,72,3.712,65.08,4.351,0.766,0
11,73,3.705,63.21,4.334,0.802,0
11,74,3.828,63.42,4.31,0.834,0
11,75,3.778,65.85,4.331,0.873,0
11,76,3.803,65.75,4.215,0.665,0
11,77,3.819,64.63,4.246,0.907,0
11,78,4.222,66.79,4.34,0.996,0
11,79,4.173,64.78,4.127,0.839,0
11,80,4.109,67.22,4.31,0.838,0
11,81,4.0,64.78,4.409,0.774,0
11,82,4.448,62.76,4.097,0.693,0
11,83,4.239,68.62,4.227,0.752,0
11,84,4.316,65.44,4.152,0.717,0
11,85,4.52,67.83,4.13,0.763,0
11,86,4.383,65.47,4.055,0.725,0
11,87,4.603,68.21,4.042,0.885,1
11,88,1.977,55.74,4.722,0.699,0
11,89,2.093,57.91,4.927,0.93,0
11,90,2.235,56.68,4.997,0.841,0
11,91,1.949,56.29,5.084,0.691,0
11,92,1.913,56.05,4.855,0.795,0
11,93,1.651,57.38,4.872,0.85,0
11,94,2.106,56.12,4.923,0.833,0
11,95,1.858,56.28,5.065,0.743,0
11,96,1.967,57.34,4.991,0.737,0
11,97,1.958,57.3,4.991,0.781,0
11,98,1.675,58.04,4.856,0.785,0
11,99,1.996,57.08,4.935,0.729,0
11,100,2.016,56.77,4.866,0.829,0
11,101,2.109,56.76,4.906,0.888,0
11,102,2.279,55.43,4.843,0.714,0
11,103,2.238,57.47,5.054,0.643,0
11,104,1.983,56.76,4.837,0.889,0
11,105,2.093,57.45,4.908,0.946,0
11,106,2.14,55.22,4.92,0.649,0
11,107,2.332,57.62,4.877,0.984,0
11,108,1.867,56.5,4.863,0.731,0
11,109,2.038,55.79,4.914,0.61,0
11,110,2.064,55.98,5.037,0.754,0
11,111,1.854,56.08,4.914,0.66,0
11,112,2.064,58.17,5.065,0.991,0
11,113,1.946,56.4,4.889,0.661,0
11,114,2.056,58.29,4.892,0.931,0
11,115,1.98,57.56,4.868,0.79,0
11,116,1.875,56.9,5.004,0.805,0
11,117,2.071,57.9,4.801,0.659,0
11,118,1.936,58.21,4.902,0.964,0
11,119,2.378,57.92,4.953,0.764,0
11,120,1.862,58.69,4.876,0.926,0
11,121,1.956,56.21,4.98,0.71,0
11,122,1.959,55.99,4.849,0.784,0
11,123,2.017,58.67,4.791,0.906,0
11,124,3.1,56.27,4.748,0.783,0
11,125,2.207,58.95,4.883,0.707,0
11,126,1.961,53.2,4.915,0.606,0
11,127,2.128,56.09,4.911,0.707,0
11,128,2.072,57.3,5.033,0.732,0
11,129,2.214,56.33,4.732,0.809,0
11,130,2.083,58.74,4.918,0.911,0
11,131,1.978,58.18,4.956,0.992,0
11,132,2.22,56.83,4.868,0.725,0
11,133,1.998,56.54,4.833,0.688,0
11,134,2.177,55.37,4.891,0.8,0
11,135,2.318,57.94,4.767,0.936,0
11,136,2.097,58.21,5.048,0.779,0
11,137,2.144,57.8,4.91,0.817,0
11,138,1.995,57.45,4.879,0.978,0
11,139,1.995,57.49,4.933,0.821,0
11,140,1.923,56.39,4.825,0.656,0
11,141,2.064,57.8,4.9,0.727,0
11,142,1.971,58.02,4.794,0.988,0
11,143,2.103,58.77,5.021,0.873,0
11,144,2.293,55.59,4.879,0.61,0
11,145,1.918,58.08,4.848,0.77,0
11,146,2.259,57.72,4.9,0.603,0
11,147,2.397,60.35,4.76,0.967,0
11,148,2.296,58.5,5.035,0.694,0
11,149,2.343,58.18,4.753,0.856,0
11,150,2.0,59.93,4.798,0.872,0
11,151,2.182,58.47,4.801,0.728,0
11,152,1.998,60.7,4.924,0.991,0
11,153,2.45,58.41,4.929,0.789,0
11,154,2.327,57.58,4.849,0.992,0
11,155,2.283,58.52,4.757,0.711,0
11,156,2.312,59.11,4.885,0.815,0
11,157,2.265,59.12,4.559,0.733,0
11,158,2.584,57.6,4.976,0.605,0
11,159,2.527,60.77,4.806,0.813,0
11,160,2.329,59.12,4.713,0.743,0
11,161,2.449,59.95,4.67,0.923,0
11,162,2.278,60.07,4.756,0.983,0
11,163,2.312,58.86,4.555,0.839,0
11,164,2.494,59.33,4.821,0.855,0
11,165,2.593,58.6,4.888,0.882,0
11,166,2.457,59.18,4.607,0.678,0
11,167,2.568,60.61,4.777,0.791,0
11,168,2.304,61.53,4.688,0.811,0
11,169,2.739,59.19,4.532,0.74,0
11,170,2.312,59.06,4.723,0.7,0
11,171,2.585,57.85,4.787,0.654,0
11,172,2.352,60.59,4.761,0.814,0
11,173,2.488,61.01,4.746,0.755,0
11,174,2.899,59.14,4.641,0.841,0
11,175,2.269,61.29,4.589,0.913,0
11,176,3.695,59.31,4.797,0.812,0
11,177,2.353,58.71,4.744,0.794,0
11,178,2.597,59.79,4.791,0.755,0
11,179,2.51,60.41,4.55,0.762,0
11,180,2.616,61.49,4.787,0.814,0
11,181,2.615,60.88,4.634,0.947,0
11,182,2.825,60.3,4.707,0.614,0
11,183,2.583,62.56,4.787,0.954,0
11,184,2.722,61.31,4.525,0.987,0
11,185,2.691,63.31,4.588,0.888,0
11,186,2.773,62.05,4.548,0.801,0
11,187,2.78,61.11,4.664,0.835,0
11,188,2.678,61.11,4.568,0.981,0
11,189,2.593,59.16,4.419,0.722,0
11,190,2.83,62.04,4.614,0.936,0
11,191,2.779,60.2,4.624,0.719,0
11,192,3.051,64.14,4.491,0.902,0
11,193,3.002,58.54,4.556,0.67,0
11,194,2.883,64.89,4.632,0.932,0
11,195,2.873,60.07,4.551,0.649,0
11,196,3.049,62.19,4.484,0.939,0
11,197,3.041,63.42,4.663,0.956,0
11,198,3.199,62.82,4.572,0.696,0
11,199,2.904,60.07,4.378,0.616,0
11,200,3.232,62.71,4.284,0.96,0
11,201,3.294,64.41,4.52,0.967,0
11,202,3.18,63.23,4.362,0.871,0
11,203,3.403,62.7,4.621,0.651,0
11,204,3.146,65.18,4.408,0.994,0
11,205,3.206,64.08,4.408,0.943,0
11,206,3.42,62.83,4.372,0.736,0
11,207,3.567,64.75,4.383,0.945,0
11,208,3.483,61.23,4.52,0.607,0
11,209,3.712,63.86,4.15,0.835,0
11,210,3.295,64.75,4.368,0.889,0
11,211,3.31,63.7,4.408,0.78,0
11,212,3.691,64.85,4.266,0.919,0
11,213,3.598,62.52,4.315,0.885,0
11,214,3.755,62.78,4.349,0.614,0
11,215,3.559,63.26,4.369,0.601,0
11,216,4.272,65.05,4.095,0.926,0
11,217,3.712,65.52,4.107,0.788,0
11,218,3.802,64.66,4.406,0.884,0
11,219,4.009,65.49,4.165,0.661,0
11,220,4.333,64.99,4.156,0.861,0
11,221,4.312,66.0,4.292,0.858,0
11,222,4.327,67.99,4.284,0.967,0
11,223,4.579,68.2,4.218,0.762,0
11,224,4.444,65.69,4.159,0.699,0
11,225,7.154,66.0,4.372,0.789,0
11,226,4.487,66.47,4.093,0.878,0
11,227,4.635,65.15,4.126,0.613,0
11,228,4.22,67.38,4.254,0.783,1
11,229,1.983,54.74,5.052,0.602,0
11,230,1.905,54.95,4.944,0.635,0
11,231,1.741,57.26,4.885,0.96,0
11,232,4.521,55.51,4.819,0.781,0
11,233,2.069,58.43,5.022,0.911,0
11,234,2.17,56.51,4.879,0.98,0
11,235,2.287,57.81,4.98,0.746,0
11,236,1.752,55.33,4.951,0.601,0
11,237,1.859,58.81,4.979,0.964,0
11,238,2.111,57.4,4.907,0.899,0
11,239,1.829,57.81,4.83,0.863,0
11,240,2.0,56.08,4.926,0.698,0
11,241,1.992,54.28,4.833,0.637,0
11,242,1.93,57.08,4.939,0.85,0
11,243,1.779,59.07,4.72,0.843,0
11,244,2.133,55.58,4.999,0.692,0
11,245,2.293,58.03,4.99,0.848,0
11,246,2.19,56.45,4.921,0.904,0
11,247,2.222,58.83,5.057,0.862,0
11,248,2.144,57.2,4.882,0.643,0
11,249,2.167,57.11,4.67,0.853,0
11,250,2.24,57.67,5.137,0.845,0
11,251,1.974,57.26,4.936,0.713,0
11,252,3.937,58.47,4.893,0.955,0
11,253,2.299,57.05,4.928,0.753,0
11,254,2.111,57.23,4.875,0.891,0
11,255,2.138,57.09,5.186,0.935,0
11,256,2.219,57.03,4.894,0.736,0
11,257,1.833,55.13,4.936,0.647,0
11,258,1.862,56.75,4.998,0.638,0
11,259,2.163,55.06,4.742,0.883,0
11,260,1.957,59.26,5.002,0.958,0
11,261,2.224,56.6,4.912,0.641,0
11,262,2.025,56.67,4.878,0.679,0
11,263,2.038,56.68,4.979,0.873,0
11,264,2.183,58.28,4.876,0.61,0
11,265,2.423,57.88,4.891,0.76,0
11,266,2.223,59.62,4.871,0.925,0
11,267,2.293,58.29,4.892,0.877,0
11,268,2.253,61.52,4.866,0.939,0
11,269,2.143,58.24,5.05,0.796,0
11,270,2.196,57.29,4.787,0.635,0
11,271,2.653,55.97,4.843,0.614,0
11,272,2.38,59.1,4.752,0.786,0
11,273,2.101,58.87,4.97,0.935,0
11,274,2.319,57.4,4.828,0.821,0
11,275,2.39,59.13,4.892,0.723,0
11,276,2.581,59.85,4.725,0.921,0
11,277,2.436,60.2,4.91,0.651,0
11,278,2.554,59.42,4.856,0.691,0
11,279,2.275,59.4,4.809,0.677,0
11,280,2.384,59.13,4.898,0.809,0
11,281,2.421,59.98,4.727,0.888,0
11,282,2.57,61.1,4.651,0.692,0
11,283,2.347,59.07,4.889,0.766,0
11,284,2.468,61.26,4.556,0.979,0
11,285,2.322,60.16,4.489,0.963,0
11,286,2.572,58.15,4.712,0.601,0
11,287,2.542,62.04,4.799,0.744,0
11,288,2.595,61.24,4.692,0.799,0
11,289,2.588,58.73,4.528,0.703,0
11,290,2.534,62.02,4.433,0.927,0
11,291,2.626,58.92,4.663,0.76,0
11,292,2.648,60.94,4.619,0.764,0
11,293,2.534,63.13,4.606,0.948,0
11,294,3.089,60.12,4.616,0.799,0
11,295,3.003,58.11,4.565,0.798,0
11,296,2.562,61.62,4.458,0.825,0
11,297,2.929,63.05,4.534,0.8,0
11,298,2.973,62.45,4.465,0.761,0
11,299,2.878,60.65,4.546,0.931,0
11,300,3.019,60.66,4.576,0.693,0
11,301,2.891,62.54,4.69,0.947,0
11,302,3.101,59.99,4.455,0.69,0
11,303,3.034,59.85,4.381,0.607,0
11,304,2.879,61.27,4.497,0.717,0
11,305,3.072,61.75,4.445,0.918,0
11,306,3.455,63.07,4.356,0.981,0
11,307,3.29,63.86,4.344,0.906,0
11,308,3.262,62.05,4.261,0.637,0
11,309,6.053,61.85,4.283,0.76,0
11,310,3.443,64.02,4.233,0.671,0
11,311,3.52,61.75,4.477,0.944,0
11,312,3.414,63.87,4.206,0.856,0
11,313,3.515,62.62,4.276,0.965,0
11,314,3.279,62.86,4.427,0.71,0
11,315,3.688,64.48,4.233,0.827,0
11,316,3.754,63.6,4.153,0.671,0
11,317,4.003,65.02,4.149,0.942,0
11,318,3.917,65.01,4.196,0.657,0
11,319,4.152,66.67,4.0,0.996,0
11,320,4.278,67.66,4.192,0.927,0
11,321,4.21,65.08,4.397,0.784,0
11,322,4.516,66.44,4.155,0.667,0
11,323,4.579,67.57,4.187,0.769,0
11,324,4.283,66.7,4.07,0.879,0
11,325,4.469,65.98,4.128,0.64,0
11,326,4.741,66.47,4.202,0.644,0
11,327,4.518,66.65,4.207,0.625,1
11,328,2.185,56.98,4.873,0.875,0
11,329,2.268,56.51,4.784,0.759,0
11,330,1.75,59.01,4.818,0.824,0
11,331,1.905,56.98,4.872,0.863,0
11,332,2.0,57.21,5.082,0.921,0
11,333,2.285,56.66,4.817,0.913,0
11,334,1.902,56.72,4.966,0.733,0
11,335,1.895,56.9,4.936,0.71,0
11,336,1.845,55.96,4.819,0.784,0
11,337,2.003,55.89,4.834,0.688,0
11,338,2.124,56.86,5.108,0.678,0
11,339,1.816,57.87,5.021,0.947,0
11,340,1.981,56.95,4.943,0.852,0
11,341,1.881,57.39,4.896,0.7,0
11,342,2.021,57.98,5.013,0.875,0
11,343,2.156,58.42,5.085,0.824,0
11,344,1.92,56.82,4.966,0.7,0
11,345,3.144,56.56,4.889,0.876,0
11,346,1.929,56.08,4.915,0.635,0
11,347,2.301,56.5,5.176,0.72,0
11,348,1.913,53.5,4.858,0.691,0
11,349,1.966,57.67,4.833,0.735,0
11,350,2.1,55.64,5.104,0.802,0
11,351,1.969,57.66,4.655,0.785,0
11,352,1.92,56.51,5.015,0.874,0
11,353,2.104,55.77,4.969,0.653,0
11,354,2.18,56.22,4.945,0.641,0
11,355,2.146,57.09,4.801,0.691,0
11,356,2.16,56.52,4.813,0.741,0
11,357,2.042,59.29,4.797,0.855,0
11,358,1.943,58.05,4.753,0.726,0
11,359,2.256,57.74,4.839,0.738,0
11,360,2.244,54.89,4.898,0.628,0
11,361,1.991,58.4,4.85,0.748,0
11,362,1.992,57.28,4.802,0.798,0
11,363,2.36,57.5,5.079,0.913,0
11,364,2.539,57.77,4.882,0.736,0
12,0,2.547,59.14,4.814,0.745,0
12,1,2.075,58.26,4.62,0.671,0
12,2,2.301,57.9,4.635,0.608,0
12,3,2.407,56.42,4.68,0.774,0
12,4,2.246,57.14,4.698,0.947,0
12,5,2.251,59.83,4.607,0.925,0
12,6,2.126,56.51,4.718,0.811,0
12,7,2.22,56.6,4.719,0.845,0
12,8,2.395,58.16,4.807,0.89,0
12,9,2.32,57.54,4.83,0.839,0
12,10,2.111,56.31,4.399,0.754,0
12,11,2.227,58.92,4.743,0.97,0
12,12,4.13,59.55,4.883,0.95,0
12,13,2.446,57.6,4.751,0.713,0
12,14,2.085,55.29,4.944,0.787,0
12,15,2.289,59.46,4.753,0.802,0
12,16,1.94,58.55,4.725,0.949,0
12,17,1.852,61.37,4.742,0.942,0
12,18,2.085,58.11,4.721,0.82,0
12,19,2.284,57.35,4.765,0.747,0
12,20,2.389,56.96,4.765,0.899,0
12,21,2.312,59.86,4.674,0.785,0
12,22,2.224,58.47,4.425,0.998,0
12,23,2.093,56.88,4.73,0.878,0
12,24,2.175,58.33,4.8,0.812,0
12,25,2.136,58.38,4.73,0.847,0
12,26,2.137,58.04,4.791,0.822,0
12,27,2.369,59.12,4.515,0.951,0
12,28,2.195,57.19,4.594,0.764,0
12,29,1.903,58.22,4.698,0.917,0
12,30,2.111,59.48,4.532,0.983,0
12,31,2.221,57.48,4.726,0.8,0
12,32,2.241,60.87,4.742,0.869,0
12,33,2.379,60.18,4.651,0.884,0
12,34,2.349,57.81,4.72,0.623,0
12,35,2.034,57.67,4.745,0.847,0
12,36,2.271,57.91,4.768,0.889,0
12,37,2.37,59.77,4.743,0.833,0
12,38,2.066,56.77,4.762,0.721,0
12,39,2.31,60.17,4.513,0.743,0
12,40,2.155,58.29,4.658,0.865,0
12,41,2.213,58.42,4.621,0.708,0
12,42,2.359,59.31,4.75,0.967,0
12,43,2.328,60.87,4.739,0.669,0
12,44,2.193,59.87,4.484,0.816,0
12,45,2.442,62.04,4.685,0.935,0
12,46,2.418,59.58,4.646,0.932,0
12,47,2.126,58.32,4.583,0.793,0
12,48,2.458,57.69,4.575,0.749,0
12,49,2.407,61.14,4.739,0.847,0
12,50,2.216,59.6,4.74,0.66,0
12,51,2.331,58.58,4.709,0.609,0
12,52,2.562,57.97,4.433,0.663,0
12,53,2.487,58.04,4.624,0.898,0
12,54,2.761,60.49,4.715,0.628,0
12,55,2.317,60.07,4.527,0.909,0
12,56,2.368,59.94,4.374,0.608,0
12,57,2.551,59.59,4.599,0.723,0
12,58,2.455,60.38,4.534,0.835,0
12,59,2.35,57.63,4.572,0.637,0
12,60,2.418,59.24,4.577,0.816,0
12,61,2.584,60.75,4.665,0.94,0
12,62,2.542,57.85,4.533,0.725,0
12,63,2.412,59.88,4.629,0.87,0
12,64,2.491,60.59,4.595,0.918,0
12,65,2.35,62.03,4.636,0.843,0
12,66,2.621,60.02,4.7,0.699,0
12,67,2.503,60.06,4.484,0.919,0
12,68,2.27,59.48,4.559,0.83,0
12,69,2.396,62.14,4.643,0.953,0
12,70,2.745,61.73,4.447,0.814,0
12,71,2.375,61.03,4.645,0.799,0
12,72,2.502,59.25,4.336,0.672,0
12,73,2.547,63.67,4.589,0.811,0
12,74,2.833,61.16,4.622,0.951,0
12,75,2.668,59.33,4.519,0.669,0
12,76,2.776,60.32,4.514,0.697,0
12,77,2.595,61.51,4.572,0.917,0
12,78,2.37,59.39,4.602,0.75,0
12,79,2.875,60.5,4.649,0.811,0
12,80,2.835,61.4,4.461,0.721,0
12,81,2.864,60.86,4.402,0.75,0
12,82,2.917,61.77,4.663,0.762,0
12,83,2.724,59.46,4.564,0.698,0
12,84,2.467,62.1,4.438,0.941,0
12,85,2.519,60.42,4.483,0.644,0
12,86,2.675,61.77,4.581,0.855,0
12,87,2.767,58.45,4.639,0.686,0
12,88,2.682,61.5,4.374,0.889,0
12,89,2.751,62.62,4.487,0.869,0
12,90,2.924,60.28,4.404,0.636,0
12,91,2.897,61.3,4.448,0.841,0
12,92,3.123,63.03,4.329,0.995,0
12,93,2.801,59.33,4.549,0.786,0
12,94,3.1,64.34,4.377,0.973,0
12,95,2.922,62.61,4.204,0.913,0
12,96,2.845,61.71,4.277,0.653,0
12,97,3.103,62.65,4.397,0.899,0
12,98,2.856,62.67,4.433,0.817,0
12,99,3.057,60.68,4.383,0.784,0
12,100,2.978,61.48,4.326,0.717,0
12,101,3.105,60.94,4.436,0.873,0
12,102,3.358,63.97,4.332,0.854,0
12,103,6.122,61.84,4.409,0.919,0
12,104,3.065,61.65,4.309,0.742,0
12,105,3.073,64.42,4.245,0.944,0
12,106,3.252,62.84,4.387,0.622,0
12,107,2.927,64.01,4.355,0.782,0
12,108,2.897,63.48,4.425,0.631,0
12,109,4.847,64.65,4.336,0.941,0
12,110,2.977,62.92,4.36,0.891,0
12,111,3.16,62.99,4.259,0.914,0
12,112,3.437,63.7,4.235,0.888,0
12,113,3.485,64.04,4.283,0.841,0
12,114,3.487,63.44,4.449,0.855,0
12,115,3.626,64.48,4.484,0.848,0
12,116,3.266,64.38,4.145,0.882,0
12,117,3.412,64.87,4.235,0.776,0
12,118,3.691,64.06,4.224,0.964,0
12,119,3.571,64.11,4.223,0.854,0
12,120,3.451,62.45,4.142,0.908,0
12,121,3.525,65.26,4.055,0.721,0
12,122,3.591,65.17,4.404,0.944,0
12,123,3.518,63.95,4.202,0.629,0
12,124,3.787,64.02,4.325,0.785,0
12,125,3.813,63.91,4.189,0.731,0
12,126,3.531,65.39,4.276,0.83,0
12,127,3.587,65.82,4.059,0.959,0
12,128,3.967,64.29,4.186,0.737,0
12,129,3.617,65.25,4.17,0.731,0
12,130,3.831,65.1,4.195,0.84,0
12,131,3.775,64.12,4.144,0.721,0
12,132,3.805,64.55,3.982,0.668,0
12,133,4.144,68.21,4.125,0.771,0
12,134,3.898,66.17,4.176,0.727,0
12,135,3.927,64.2,4.042,0.894,0
12,136,4.319,64.58,4.227,0.842,0
12,137,4.024,66.38,4.16,0.942,0
12,138,3.81,64.8,3.987,0.644,0
12,139,4.141,67.11,4.258,0.779,0
12,140,5.119,64.81,4.272,0.642,0
12,141,4.17,65.77,3.964,0.646,0
12,142,4.088,65.71,4.001,0.683,0
12,143,4.288,65.68,4.022,0.817,0
12,144,4.246,63.77,3.892,0.693,0
12,145,4.386,66.95,3.976,0.713,0
12,146,4.093,66.06,4.023,0.986,0
12,147,4.518,67.14,4.048,0.716,0
12,148,4.565,64.59,4.098,0.605,0
12,149,4.396,67.3,3.94,0.629,0
12,150,4.301,66.74,4.115,0.762,0
12,151,4.538,66.02,4.007,0.869,0
12,152,4.507,68.51,4.192,0.664,0
12,153,4.302,67.52,3.891,0.853,0
12,154,4.652,67.95,4.039,0.778,0
12,155,4.639,68.04,4.022,0.782,0
12,156,4.6,66.52,3.948,0.67,0
12,157,4.666,67.55,3.958,0.832,1
12,158,2.343,56.9,4.737,0.688,0
12,159,2.3,58.46,4.948,0.905,0
12,160,2.081,56.76,4.687,0.962,0
12,161,2.362,58.34,4.53,0.802,0
12,162,2.416,58.43,4.754,0.847,0
12,163,2.246,58.33,4.62,0.932,0
12,164,2.08,59.06,4.857,0.874,0
12,165,2.296,56.79,4.872,0.807,0
12,166,1.986,56.95,4.788,0.646,0
12,167,2.206,55.51,4.702,0.605,0
12,168,2.205,58.97,4.534,0.687,0
12,169,2.31,57.52,4.977,0.702,0
12,170,2.234,58.72,4.95,0.99,0
12,171,2.231,57.36,4.745,0.879,0
12,172,2.178,57.53,4.597,0.764,0
12,173,2.257,57.63,4.638,0.823,0
12,174,2.175,60.6,4.542,0.949,0
12,175,2.216,58.25,4.713,0.902,0
12,176,2.245,58.11,4.613,0.936,0
12,177,2.335,59.17,4.869,0.814,0
12,178,2.23,59.57,4.638,0.978,0
12,179,2.152,57.89,5.061,0.724,0
12,180,2.309,57.37,4.865,0.821,0
12,181,1.82,59.76,4.721,0.99,0
12,182,2.041,58.13,4.83,0.678,0
12,183,2.244,59.25,4.731,0.868,0
12,184,2.171,56.8,4.536,0.705,0
12,185,2.1,57.65,4.806,0.752,0
12,186,2.585,58.62,4.538,0.984,0
12,187,2.174,59.03,4.738,0.656,0
12,188,2.143,60.54,4.722,0.921,0
12,189,2.465,59.0,4.556,0.825,0
12,190,2.461,59.49,4.635,0.818,0
12,191,2.357,58.67,4.72,0.691,0
12,192,2.365,58.74,4.573,0.913,0
12,193,2.558,57.57,4.764,0.698,0
12,194,2.105,59.5,4.715,0.946,0
12,195,2.3,57.24,4.611,0.627,0
12,196,2.444,58.95,4.699,0.986,0
12,197,2.385,59.28,4.634,0.749,0
12,198,2.189,58.47,4.719,0.679,0
12,199,2.187,60.99,4.325,0.996,0
12,200,4.448,59.47,4.56,0.87,0
12,201,2.549,59.21,4.576,0.803,0
12,202,2.611,59.16,4.613,0.697,0
12,203,2.07,60.55,4.629,0.845,0
12,204,2.406,59.8,4.423,0.857,0
12,205,2.725,60.44,4.409,0.883,0
12,206,2.488,59.1,4.686,0.788,0
12,207,2.335,57.91,4.618,0.661,0
12,208,2.537,60.97,4.785,0.708,0
12,209,2.432,60.74,4.658,0.727,0
12,210,2.3,58.75,4.48,0.656,0
12,211,2.603,60.68,4.636,0.731,0
12,212,2.581,59.99,4.416,0.903,0
12,213,2.474,61.6,4.551,0.967,0
12,214,2.444,62.95,4.464,0.932,0
12,215,2.595,58.91,4.56,0.601,0
12,216,2.581,58.88,4.551,0.843,0
12,217,2.603,59.51,4.525,0.802,0
12,218,2.717,62.16,4.511,0.68,0
12,219,2.722,63.38,4.542,0.874,0
12,220,2.571,62.4,4.466,0.884,0
12,221,2.96,61.12,4.755,0.9,0
12,222,2.647,62.67,4.358,0.959,0
12,223,2.545,63.01,4.636,0.923,0
12,224,2.609,61.49,4.331,0.839,0
12,225,2.609,61.15,4.415,0.749,0
12,226,3.053,62.25,4.54,0.884,0
12,227,2.807,60.75,4.327,0.61,0
12,228,2.814,64.01,4.452,0.986,0
12,229,2.807,58.36,4.542,0.751,0
12,230,2.771,62.68,4.592,0.669,0
12,231,2.716,61.31,4.396,0.77,0
12,232,3.262,63.03,4.495,0.741,0
12,233,3.134,64.5,4.442,0.962,0
12,234,3.09,63.91,4.399,0.81,0
12,235,2.795,62.39,4.346,0.608,0
12,236,3.015,61.29,4.447,0.667,0
12,237,2.942,62.63,4.395,0.693,0
12,238,3.319,63.6,4.325,0.866,0
12,239,3.293,62.62,4.269,0.933,0
12,240,3.024,61.49,4.241,0.955,0
12,241,3.452,61.28,4.453,0.619,0
12,242,3.442,63.9,4.287,0.738,0
12,243,3.325,64.06,4.229,0.679,0
12,244,3.327,65.08,4.317,0.737,0
12,245,3.187,62.85,4.243,0.675,0
12,246,3.666,66.25,4.164,0.869,0
12,247,3.351,62.95,4.146,0.769,0
12,248,3.442,65.86,4.217,0.801,0
12,249,3.309,62.7,4.314,0.707,0
12,250,3.588,64.21,4.209,0.949,0
12,251,3.624,64.27,4.138,0.704,0
12,252,3.301,62.3,4.27,0.634,0
12,253,3.179,62.97,4.174,0.659,0
12,254,3.656,64.93,4.184,0.788,0
12,255,3.671,64.13,4.216,0.932,0
12,256,3.751,65.08,4.165,0.935,0
12,257,3.685,66.89,4.217,0.853,0
12,258,3.618,64.81,4.198,0.678,0
12,259,3.766,65.02,4.078,0.908,0
12,260,3.85,65.54,4.04,0.859,0
12,261,3.84,66.09,4.158,0.727,0
12,262,3.879,65.5,4.15,0.889,0
12,263,3.915,64.17,4.229,0.693,0
12,264,4.067,66.32,4.14,0.81,0
12,265,4.238,65.69,4.056,0.805,0
12,266,4.248,67.44,4.189,0.625,0
12,267,4.426,67.76,4.082,0.934,0
12,268,4.453,67.46,3.921,0.994,0
12,269,4.326,67.68,3.984,0.642,0
12,270,4.234,65.7,4.057,0.825,0
12,271,4.633,67.24,3.977,0.61,0
12,272,4.373,66.87,4.109,0.848,0
12,273,4.614,68.79,3.959,0.763,0
12,274,4.805,68.22,3.968,0.822,0
12,275,4.894,66.78,3.945,0.809,0
12,276,4.753,68.06,4.084,0.864,1
12,277,2.281,59.97,4.567,0.998,0
12,278,2.046,57.51,4.86,0.99,0
12,279,2.145,59.53,4.734,0.86,0
12,280,2.168,59.22,4.882,0.748,0
12,281,2.319,58.05,4.655,0.837,0
12,282,2.247,56.1,4.648,0.621,0
12,283,2.173,58.44,4.893,0.616,0
12,284,2.259,58.66,4.778,0.775,0
12,285,2.413,58.17,4.648,0.992,0
12,286,2.302,58.29,4.883,0.856,0
12,287,2.456,57.78,4.948,0.918,0
12,288,2.307,54.96,4.827,0.817,0
12,289,2.044,56.36,4.744,0.717,0
12,290,2.287,54.86,4.81,0.732,0
12,291,2.503,61.18,4.773,0.976,0
12,292,2.369,58.36,4.705,0.903,0
12,293,2.088,59.2,4.715,0.894,0
12,294,2.223,58.14,4.605,0.629,0
12,295,2.344,57.13,4.752,0.679,0
12,296,2.246,57.83,4.733,0.778,0
12,297,2.297,57.93,4.602,0.604,0
12,298,2.149,57.99,4.899,0.897,0
12,299,2.202,59.0,5.004,0.995,0
12,300,2.184,58.38,4.763,0.711,0
12,301,2.204,57.93,4.724,0.864,0
12,302,2.225,56.8,4.769,0.604,0
12,303,2.454,57.33,4.753,0.886,0
12,304,2.383,57.9,4.703,0.703,0
12,305,2.397,57.05,4.574,0.825,0
12,306,2.265,61.14,4.775,0.995,0
12,307,2.22,59.49,4.781,0.749,0
12,308,1.985,57.88,4.988,0.783,0
12,309,2.392,60.05,4.679,0.792,0
12,310,2.228,58.8,4.646,0.781,0
12,311,2.396,59.38,4.696,0.934,0
12,312,2.239,57.38,4.654,0.925,0
12,313,2.335,57.99,4.612,0.641,0
12,314,2.274,57.58,4.764,0.804,0
12,315,2.44,59.36,4.663,0.715,0
12,316,2.232,59.5,4.526,0.897,0
12,317,2.198,59.98,4.692,0.882,0
12,318,2.473,56.16,4.758,0.628,0
12,319,2.611,60.21,4.69,0.996,0
12,320,2.006,60.09,4.783,0.894,0
12,321,2.233,58.15,4.713,0.846,0
12,322,2.273,60.28,4.543,0.907,0
12,323,2.432,57.45,4.745,0.632,0
12,324,2.283,57.01,4.606,0.694,0
12,325,2.441,60.11,4.771,0.913,0
12,326,2.029,58.77,4.615,0.638,0
12,327,2.06,58.29,4.578,0.891,0
12,328,2.464,57.97,4.742,0.609,0
12,329,2.213,60.85,4.588,0.992,0
12,330,2.368,58.71,4.627,0.695,0
12,331,2.203,60.19,4.505,0.738,0
12,332,2.497,60.63,4.571,0.826,0
12,333,2.349,58.68,4.661,0.765,0
12,334,2.487,61.92,4.616,0.925,0
12,335,2.47,61.68,4.684,0.935,0
12,336,2.338,58.32,4.713,0.616,0
12,337,2.272,59.66,4.634,0.805,0
12,338,2.512,59.41,4.597,0.713,0
12,339,2.406,61.55,4.53,0.933,0
12,340,2.394,60.01,4.483,0.677,0
12,341,2.347,60.43,4.571,0.795,0
12,342,2.406,60.52,4.528,0.914,0
12,343,2.647,60.93,4.432,0.927,0
12,344,2.283,61.32,4.574,0.896,0
12,345,2.249,58.58,4.519,0.797,0
12,346,2.584,58.82,4.547,0.823,0
12,347,2.59,60.47,4.536,0.761,0
12,348,2.74,58.18,4.602,0.864,0
12,349,2.975,61.44,4.691,0.803,0
12,350,2.475,61.28,4.446,0.902,0
12,351,2.654,62.54,4.625,0.704,0
12,352,2.542,60.27,4.553,0.78,0
12,353,2.714,60.01,4.459,0.727,0
12,354,2.667,62.74,4.542,0.935,0
12,355,2.694,59.33,4.462,0.64,0
12,356,2.777,61.22,4.49,0.816,0
12,357,2.722,61.65,4.613,0.858,0
12,358,2.874,59.87,4.304,0.668,0
12,359,2.064,63.09,4.611,0.861,0
12,360,2.662,60.95,4.548,0.666,0
12,361,2.851,60.45,4.268,0.768,0
12,362,2.683,61.72,4.377,0.673,0
12,363,2.77,61.36,4.724,0.762,0
12,364,3.082,63.64,4.422,0.981,0
13,0,1.918,59.35,4.878,0.702,0
13,1,1.879,58.14,4.677,0.667,0
13,2,1.971,58.62,4.892,0.952,0
13,3,1.893,59.38,4.957,0.919,0
13,4,1.582,60.47,4.699,0.913,0
13,5,1.627,57.08,4.784,0.838,0
13,6,1.769,60.51,4.875,0.883,0
13,7,1.987,60.31,4.964,0.894,0
13,8,1.777,59.06,4.739,0.756,0
13,9,1.854,59.25,4.803,0.728,0
13,10,1.706,56.77,4.756,0.819,0
13,11,1.9,61.21,4.746,0.738,0
13,12,1.914,60.73,4.769,0.69,0
13,13,2.11,59.91,4.879,0.86,0
13,14,1.933,60.27,4.683,0.961,0
13,15,2.014,57.04,4.852,0.642,0
13,16,1.646,58.65,4.887,0.679,0
13,17,1.708,57.77,4.787,0.798,0
13,18,4.324,57.44,4.918,0.98,0
13,19,1.84,58.69,4.939,0.763,0
13,20,1.69,56.88,4.789,0.812,0
13,21,3.34,59.86,4.934,0.934,0
13,22,1.693,60.64,4.718,0.986,0
13,23,1.61,61.1,4.798,0.972,0
13,24,1.674,60.02,4.828,0.791,0
13,25,1.757,59.02,4.815,0.684,0
13,26,1.918,55.52,4.883,0.68,0
13,27,1.935,58.99,4.789,0.659,0
13,28,1.621,59.13,4.701,0.859,0
13,29,1.647,58.12,4.9,0.649,0
13,30,1.684,61.03,4.837,0.821,0
13,31,2.107,58.79,4.899,0.739,0
13,32,1.918,61.87,4.896,0.992,0
13,33,1.801,59.15,4.692,0.954,0
13,34,2.004,59.88,4.866,0.693,0
13,35,1.873,57.91,4.841,0.878,0
13,36,1.872,60.12,4.609,0.861,0
13,37,1.964,60.92,4.794,0.791,0
13,38,1.666,59.08,4.777,0.884,0
13,39,1.919,59.55,4.634,0.92,0
13,40,2.076,58.69,4.835,0.841,0
13,41,1.914,58.63,4.959,0.773,0
13,42,2.09,59.09,4.887,0.948,0
13,43,1.963,58.87,4.793,0.72,0
13,44,1.712,57.68,4.928,0.702,0
13,45,1.801,58.88,4.833,0.868,0
13,46,1.577,59.65,4.908,0.924,0
13,47,1.704,62.16,4.896,0.913,0
13,48,1.816,61.72,4.94,0.918,0
13,49,1.985,57.85,4.935,0.757,0
13,50,1.96,59.73,4.922,0.874,0
13,51,1.957,61.2,4.939,0.956,0
13,52,1.755,57.93,4.803,0.726,0
13,53,1.902,59.54,4.863,0.807,0
13,54,1.663,61.07,4.833,0.92,0
13,55,4.237,61.3,4.873,0.971,0
13,56,1.965,58.19,4.855,0.64,0
13,57,1.85,59.18,4.898,0.819,0
13,58,1.807,59.89,4.986,0.654,0
13,59,1.713,57.25,4.92,0.686,0
13,60,1.786,58.44,4.783,0.729,0
13,61,1.876,58.1,4.875,0.791,0
13,62,1.875,57.83,4.929,0.699,0
13,63,1.927,57.98,4.711,0.669,0
13,64,2.216,60.55,4.755,0.886,0
13,65,1.935,58.68,4.733,0.888,0
13,66,2.093,59.37,4.703,0.796,0
13,67,1.924,57.43,4.746,0.634,0
13,68,1.683,58.02,4.867,0.638,0
13,69,1.624,58.6,4.729,0.689,0
13,70,1.682,57.82,4.668,0.734,0
13,71,2.175,59.03,4.942,0.615,0
13,72,2.2,59.78,4.814,0.802,0
13,73,1.777,61.78,4.764,0.933,0
13,74,1.875,58.79,4.943,0.621,0
13,75,1.949,60.53,4.962,0.804,0
13,76,1.589,60.65,4.751,0.745,0
13,77,1.882,58.5,4.772,0.829,0
13,78,1.812,57.18,4.686,0.629,0
13,79,1.901,58.89,4.883,0.825,0
13,80,1.961,59.93,4.878,0.925,0
13,81,1.673,60.43,4.824,0.953,0
13,82,1.956,62.41,4.785,0.963,0
13,83,1.973,59.47,4.854,0.851,0
13,84,3.529,60.86,4.69,0.955,0
13,85,1.832,61.0,4.709,0.941,0
13,86,1.879,59.0,4.816,0.684,0
13,87,1.708,58.07,4.691,0.629,0
13,88,2.139,58.85,4.775,0.931,0
13,89,1.906,58.31,4.743,0.739,0
13,90,2.173,57.57,4.792,0.699,0
13,91,1.856,60.91,4.709,0.887,0
13,92,1.952,60.62,4.894,0.602,0
13,93,1.911,57.33,5.008,0.611,0
13,94,1.777,60.48,4.78,0.864,0
13,95,1.973,59.63,4.815,0.827,0
13,96,1.943,60.18,4.846,0.678,0
13,97,1.994,57.58,4.74,0.633,0
13,98,1.974,61.81,4.621,0.899,0
13,99,1.655,58.88,4.877,0.77,0
13,100,1.853,60.45,4.797,0.858,0
13,101,1.853,58.66,4.639,0.716,0
13,102,1.952,63.48,4.775,0.999,0
13,103,1.983,59.19,4.699,0.88,0
13,104,2.034,60.26,4.885,0.858,0
13,105,2.034,60.19,4.837,0.854,0
13,106,1.876,59.75,4.743,0.825,0
13,107,2.021,58.02,4.89,0.69,0
13,108,1.876,59.54,4.975,0.784,0
13,109,1.917,59.38,4.825,0.8,0
13,110,2.016,60.21,4.684,0.905,0
13,111,1.966,57.95,4.658,0.607,0
13,112,1.85,59.53,4.561,0.749,0
13,113,1.882,58.97,4.731,0.727,0
13,114,1.838,59.18,4.881,0.66,0
13,115,1.99,60.87,4.677,0.733,0
13,116,1.969,59.43,4.847,0.748,0
13,117,1.869,60.75,4.609,0.857,0
13,118,1.951,60.49,4.71,0.744,0
13,119,1.915,61.68,4.761,0.999,0
13,120,1.979,60.27,4.799,0.73,0
13,121,1.975,57.53,4.763,0.601,0
13,122,2.076,62.52,4.845,0.982,0
13,123,2.256,60.1,4.822,0.876,0
13,124,1.965,59.38,4.609,0.791,0
13,125,2.086,58.89,4.654,0.702,0
13,126,1.863,58.48,4.674,0.713,0
13,127,2.154,58.94,4.812,0.672,0
13,128,2.148,59.07,4.683,0.9,0
13,129,1.834,61.33,4.719,0.786,0
13,130,1.785,59.04,4.621,0.767,0
13,131,2.001,60.69,4.696,0.798,0
13,132,1.774,60.63,4.736,0.76,0
13,133,2.215,59.02,4.807,0.635,0
13,134,2.244,59.06,4.867,0.668,0
13,135,2.113,59.82,4.804,0.686,0
13,136,1.979,60.11,4.498,0.78,0
13,137,2.123,61.16,4.824,0.996,0
13,138,1.801,59.4,4.782,0.82,0
13,139,2.123,60.19,4.552,0.611,0
13,140,5.109,61.48,4.775,0.89,0
13,141,1.894,58.52,4.781,0.792,0
13,142,2.092,61.66,4.72,0.83,0
13,143,2.16,59.6,4.751,0.779,0
13,144,2.378,59.99,4.686,0.864,0
13,145,2.004,60.09,4.752,0.983,0
13,146,2.072,58.67,4.62,0.763,0
13,147,2.071,60.72,4.599,0.983,0
13,148,2.156,61.25,4.678,0.707,0
13,149,2.165,59.73,4.736,0.735,0
13,150,2.231,59.88,4.652,0.834,0
13,151,1.992,60.54,4.769,0.66,0
13,152,2.179,58.31,4.844,0.609,0
13,153,2.246,60.32,4.818,0.764,0
13,154,2.157,59.36,4.729,0.711,0
13,155,2.119,60.9,4.734,0.716,0
13,156,2.147,60.94,4.731,0.995,0
13,157,2.143,59.89,4.724,0.797,0
13,158,2.315,60.07,4.781,0.702,0
13,159,2.033,60.16,4.806,0.7,0
13,160,2.169,61.69,4.676,0.972,0
13,161,2.327,61.69,4.642,0.984,0
13,162,2.175,61.82,4.784,0.998,0
13,163,3.696,59.69,4.439,0.659,0
13,164,2.122,60.84,4.588,0.68,0
13,165,2.265,59.85,4.718,0.612,0
13,166,2.17,59.36,4.706,0.623,0
13,167,2.311,60.02,4.638,0.984,0
13,168,2.287,60.42,4.729,0.893,0
13,169,1.938,60.16,4.651,0.816,0
13,170,2.245,61.84,4.594,0.861,0
13,171,2.14,60.09,4.659,0.62,0
13,172,2.635,62.52,4.8,0.962,0
13,173,2.182,60.39,4.592,0.948,0
13,174,2.331,61.15,4.622,0.928,0
13,175,2.128,61.35,4.552,0.903,0
13,176,2.387,62.32,4.657,0.999,0
13,177,2.32,61.77,4.539,0.828,0
13,178,2.397,59.22,4.649,0.761,0
13,179,2.209,60.89,4.643,0.617,0
13,180,2.174,62.98,4.71,0.911,0
13,181,2.083,62.52,4.581,0.913,0
13,182,2.521,60.3,4.839,0.706,0
13,183,2.499,62.79,4.673,0.882,0
13,184,2.405,61.5,4.534,0.799,0
13,185,2.27,60.02,4.603,0.838,0
13,186,2.195,62.28,4.567,0.971,0
13,187,2.281,58.13,4.669,0.702,0
13,188,2.074,61.36,4.668,0.808,0
13,189,2.261,62.5,4.695,0.758,0
13,190,2.324,61.58,4.526,0.627,0
13,191,2.236,61.6,4.728,0.812,0
13,192,2.38,60.66,4.797,0.728,0
13,193,2.359,62.64,4.738,0.8,0
13,194,2.259,62.18,4.753,0.899,0
13,195,2.338,61.97,4.673,0.826,0
13,196,2.566,60.66,4.797,0.643,0
13,197,2.197,60.53,4.814,0.628,0
13,198,2.731,58.99,4.565,0.607,0
13,199,2.404,60.56,4.604,0.775,0
13,200,2.228,61.2,4.786,0.609,0
13,201,2.554,62.43,4.565,0.987,0
13,202,2.587,60.41,4.701,0.7,0
13,203,1.978,61.58,4.521,0.854,0
13,204,2.41,59.23,4.479,0.765,0
13,205,2.383,61.17,4.445,0.783,0
13,206,2.537,60.67,4.649,0.761,0
13,207,2.501,63.31,4.547,0.885,0
13,208,2.356,61.46,4.558,0.981,0
13,209,2.464,58.42,4.572,0.625,0
13,210,2.431,61.38,4.692,0.999,0
13,211,2.46,61.12,4.887,0.635,0
13,212,2.319,64.37,4.74,0.98,0
13,213,2.164,59.49,4.784,0.661,0
13,214,2.461,62.83,4.605,0.995,0
13,215,2.287,60.99,4.62,0.742,0
13,216,2.511,62.61,4.782,0.765,0
13,217,2.686,60.17,4.591,0.633,0
13,218,2.259,60.24,4.459,0.689,0
13,219,2.672,60.28,4.665,0.816,0
13,220,2.625,60.39,4.587,0.612,0
13,221,2.505,59.38,4.758,0.605,0
13,222,2.724,62.33,4.571,0.72,1
13,223,1.499,57.38,4.718,0.621,0
13,224,1.735,59.95,4.877,0.876,0
13,225,1.969,57.63,4.88,0.664,0
13,226,1.905,60.02,4.878,0.818,0
13,227,1.584,59.29,4.968,0.862,0
13,228,1.954,58.85,4.897,0.834,0
13,229,1.89,57.96,4.794,0.811,0
13,230,1.965,59.94,4.817,0.923,0
13,231,1.99,58.28,4.969,0.73,0
13,232,1.51,59.43,5.053,0.884,0
13,233,1.501,57.65,4.742,0.792,0
13,234,1.854,58.6,4.762,0.779,0
13,235,1.84,58.56,4.924,0.656,0
13,236,1.567,56.9,4.755,0.812,0
13,237,1.843,56.75,4.827,0.624,0
13,238,1.719,56.54,4.679,0.699,0
13,239,1.783,60.42,4.658,0.958,0
13,240,1.921,59.06,4.962,0.696,0
13,241,1.988,59.1,4.818,0.962,0
13,242,1.626,57.98,4.894,0.838,0
13,243,4.726,58.49,5.215,0.634,0
13,244,1.754,58.76,5.009,0.969,0
13,245,1.758,60.12,4.854,0.728,0
13,246,4.001,59.22,4.787,0.823,0
13,247,1.907,59.55,4.91,0.757,0
13,248,1.671,59.75,4.705,0.805,0
13,249,1.837,59.88,4.746,0.786,0
13,250,2.012,56.97,4.816,0.665,0
13,251,1.967,59.22,4.651,0.984,0
13,252,1.779,58.43,4.761,0.825,0
13,253,1.925,57.96,4.939,0.64,0
13,254,1.745,62.14,4.767,0.967,0
13,255,1.857,59.37,4.921,0.996,0
13,256,2.034,59.63,4.844,0.876,0
13,257,1.794,59.57,4.783,0.718,0
13,258,1.517,62.13,4.809,0.945,0
13,259,1.914,60.76,4.899,0.726,0
13,260,1.764,60.72,4.716,0.878,0
13,261,1.945,58.03,4.896,0.69,0
13,262,1.803,57.82,4.8,0.754,0
13,263,1.627,59.29,4.722,0.812,0
13,264,1.739,60.33,4.783,0.979,0
13,265,1.898,60.63,4.685,0.897,0
13,266,1.798,59.71,4.723,0.972,0
13,267,1.858,57.33,4.892,0.7,0
13,268,2.237,58.23,4.932,0.649,0
13,269,1.584,60.61,4.807,0.952,0
13,270,1.999,60.11,4.847,0.747,0
13,271,1.724,60.8,4.787,0.913,0
13,272,2.045,58.88,4.725,0.83,0
13,273,1.919,60.92,4.781,0.99,0
13,274,1.887,60.26,4.852,0.891,0
13,275,1.914,60.47,4.68,0.784,0
13,276,1.744,59.93,4.756,0.723,0
13,277,1.844,59.58,4.739,0.805,0
13,278,2.197,59.74,4.892,0.771,0
13,279,1.752,60.56,4.71,0.801,0
13,280,1.776,57.2,4.628,0.611,0
13,281,1.838,60.28,4.897,0.984,0
13,282,2.038,60.31,4.752,0.779,0
13,283,1.689,61.98,4.756,0.969,0
13,284,2.178,60.84,4.64,0.77,0
13,285,1.836,62.46,4.704,0.976,0
13,286,1.823,60.38,4.769,0.888,0
13,287,1.769,59.52,4.829,0.659,0
13,288,2.197,61.56,4.785,0.73,0
13,289,1.892,60.48,4.608,0.796,0
13,290,2.242,60.42,4.748,0.892,0
13,291,1.898,60.99,4.792,0.912,0
13,292,1.976,59.08,4.596,0.737,0
13,293,1.955,60.91,4.726,0.644,0
13,294,1.665,63.96,4.738,0.951,0
13,295,2.052,60.61,4.707,0.607,0
13,296,1.994,61.93,4.614,0.869,0
13,297,2.008,59.6,4.562,0.689,0
13,298,1.779,61.71,4.709,0.895,0
13,299,1.899,59.41,4.513,0.876,0
13,300,2.186,62.11,4.677,0.992,0
13,301,2.056,61.95,4.565,0.938,0
13,302,2.115,63.18,4.565,0.81,0
13,303,2.393,60.38,4.685,0.849,0
13,304,2.211,60.98,4.768,0.721,0
13,305,2.5,60.93,4.577,0.744,0
13,306,2.333,62.4,4.692,0.948,0
13,307,2.281,60.89,4.441,0.664,0
13,308,2.317,62.11,4.42,0.778,0
13,309,2.279,62.44,4.655,0.685,0
13,310,2.44,61.92,4.566,0.728,0
13,311,2.473,60.8,4.516,0.609,0
13,312,2.085,65.02,4.658,0.995,0
13,313,2.193,62.62,4.496,0.704,0
13,314,2.4,63.55,4.721,0.839,0
13,315,2.009,62.85,4.469,0.888,0
13,316,2.177,63.84,4.758,0.973,0
13,317,2.318,62.66,4.554,0.938,0
13,318,2.551,63.87,4.387,0.779,0
13,319,2.46,64.33,4.58,0.924,0
13,320,2.532,62.92,4.45,0.782,0
13,321,2.527,62.81,4.63,0.643,0
13,322,2.738,65.3,4.449,0.915,0
13,323,2.507,65.31,4.496,0.852,0
13,324,2.406,62.19,4.467,0.851,0
13,325,2.51,64.1,4.534,0.944,0
13,326,2.447,62.38,4.746,0.617,0
13,327,4.046,62.41,4.511,0.639,0
13,328,2.345,63.31,4.442,0.656,0
13,329,2.516,66.12,4.366,0.965,0
13,330,2.518,65.44,4.605,0.917,0
13,331,2.611,64.23,4.539,0.708,0
13,332,2.895,64.09,4.436,0.73,0
13,333,2.747,65.21,4.557,0.784,0
13,334,2.943,63.7,4.385,0.915,0
13,335,2.855,61.59,4.3,0.616,0
13,336,2.732,62.9,4.455,0.735,0
13,337,3.025,65.1,4.369,0.883,0
13,338,2.886,63.19,4.267,0.602,0
13,339,2.678,62.48,4.342,0.65,0
13,340,2.882,65.72,4.385,0.77,0
13,341,2.873,62.69,4.316,0.655,0
13,342,2.809,64.66,4.424,0.741,0
13,343,3.037,67.06,4.446,0.986,0
13,344,3.113,64.96,4.211,0.895,0
13,345,3.165,64.96,4.285,0.641,0
13,346,3.115,64.6,4.324,0.618,0
13,347,2.931,67.0,4.266,0.707,0
13,348,2.869,66.62,4.424,0.985,0
13,349,3.396,66.35,4.126,0.733,0
13,350,2.913,66.38,4.39,0.787,0
13,351,3.411,66.14,4.301,0.656,0
13,352,3.637,64.98,4.258,0.857,0
13,353,3.202,65.64,4.212,0.74,0
13,354,3.08,66.62,4.25,0.659,0
13,355,3.673,66.04,4.398,0.922,0
13,356,3.371,65.8,4.235,0.749,0
13,357,3.328,67.59,4.223,0.941,0
13,358,3.679,67.15,4.171,0.971,0
13,359,3.491,67.84,4.274,0.662,0
13,360,3.651,67.53,4.379,0.729,0
13,361,3.726,67.23,4.257,0.882,0
13,362,3.676,68.44,4.238,0.807,0
13,363,3.843,68.93,4.124,0.988,0
13,364,3.931,67.22,4.285,0.742,0
14,0,1.497,58.36,4.835,0.656,0
14,1,1.687,55.39,4.749,0.613,0
14,2,1.78,59.2,4.624,0.767,0
14,3,1.723,59.65,4.832,0.678,0
14,4,1.553,58.78,4.785,0.605,0
14,5,1.739,61.03,4.713,0.736,0
14,6,1.935,58.1,4.777,0.622,0
14,7,1.839,59.62,4.775,0.894,0
14,8,1.292,59.21,4.706,0.685,0
14,9,1.698,59.9,4.84,0.645,0
14,10,1.775,59.97,4.891,0.767,0
14,11,1.688,60.18,4.716,0.73,0
14,12,1.58,60.07,4.722,0.701,0
14,13,1.64,61.3,4.688,0.941,0
14,14,1.756,60.89,4.547,0.664,0
14,15,1.683,58.93,4.68,0.906,0
14,16,1.953,61.38,4.615,0.926,0
14,17,1.876,60.63,4.766,0.909,0
14,18,1.932,62.77,4.714,0.926,0
14,19,1.813,60.57,4.821,0.818,0
14,20,1.836,61.54,4.704,0.928,0
14,21,1.876,60.24,4.755,0.654,0
14,22,1.519,60.26,4.761,0.616,0
14,23,1.759,60.23,4.739,0.822,0
14,24,1.727,60.83,4.431,0.841,0
14,25,2.032,61.23,4.62,0.89,0
14,26,2.191,62.29,4.778,0.91,0
14,27,2.074,61.49,4.645,0.719,0
14,28,1.483,58.63,4.752,0.62,0
14,29,2.283,59.77,4.55,0.768,0
14,30,1.937,59.75,4.58,0.66,0
14,31,1.914,62.74,4.719,0.908,0
14,32,2.154,59.55,4.693,0.847,0
14,33,2.078,62.21,4.508,0.866,0
14,34,2.111,61.89,4.603,0.812,0
14,35,2.085,60.41,4.644,0.675,0
14,36,2.223,60.59,4.598,0.614,0
14,37,1.801,61.75,4.63,0.877,0
14,38,2.137,62.48,4.55,0.826,0
14,39,2.067,62.67,4.644,0.817,0
14,40,2.305,61.28,4.601,0.622,0
14,41,1.908,62.68,4.626,0.811,0
14,42,2.255,62.59,4.8,0.751,0
14,43,2.183,63.47,4.649,0.961,0
14,44,2.059,62.74,4.471,0.773,0
14,45,2.224,63.03,4.489,0.896,0
14,46,2.422,63.52,4.695,0.933,0
14,47,2.275,62.12,4.48,0.73,0
14,48,2.289,65.47,4.475,0.917,0
14,49,2.303,62.63,4.58,0.988,0
14,50,2.322,63.03,4.634,0.63,0
14,51,2.343,65.13,4.415,0.929,0
14,52,2.546,61.18,4.372,0.772,0
14,53,2.226,63.8,4.618,0.94,0
14,54,2.591,64.46,4.51,0.936,0
14,55,2.609,63.17,4.531,0.761,0
14,56,2.617,63.13,4.494,0.814,0
14,57,2.556,63.5,4.491,0.744,0
14,58,2.553,63.97,4.557,0.669,0
14,59,2.739,62.2,4.564,0.609,0
14,60,2.447,62.68,4.428,0.88,0
14,61,2.539,65.24,4.507,0.955,0
14,62,2.809,65.33,4.412,0.711,0
14,63,2.626,65.13,4.255,0.973,0
14,64,2.392,64.35,4.399,0.687,0
14,65,2.686,64.34,4.376,0.643,0
14,66,2.731,64.98,4.336,0.71,0
14,67,2.772,66.42,4.426,0.95,0
14,68,2.708,65.82,4.329,0.912,0
14,69,2.967,66.03,4.391,0.911,0
14,70,2.912,63.54,4.316,0.644,0
14,71,2.946,62.39,4.287,0.631,0
14,72,2.976,63.86,4.329,0.652,0
14,73,3.011,66.37,4.224,0.895,0
14,74,2.913,63.88,4.161,0.762,0
14,75,2.964,66.58,4.448,0.768,0
14,76,2.847,67.96,4.212,0.863,0
14,77,2.729,66.38,4.346,0.941,0
14,78,2.754,63.61,4.255,0.675,0
14,79,2.907,65.93,4.276,0.943,0
14,80,3.177,65.71,4.15,0.658,0
14,81,3.238,65.38,4.323,0.697,0
14,82,3.376,66.83,4.392,0.856,0
14,83,3.216,64.35,4.196,0.678,0
14,84,3.407,65.42,4.063,0.791,0
14,85,3.201,66.37,4.275,0.881,0
14,86,3.132,65.23,4.167,0.646,0
14,87,3.424,68.17,4.4,0.953,0
14,88,3.07,64.35,4.021,0.61,0
14,89,3.457,68.58,4.388,0.69,0
14,90,3.519,69.56,4.264,0.999,0
14,91,3.588,66.44,4.321,0.802,0
14,92,3.305,67.17,4.189,0.9,0
14,93,3.441,66.7,4.134,0.668,0
14,94,3.634,65.81,4.185,0.653,0
14,95,3.565,67.57,4.132,0.744,0
14,96,3.577,70.99,4.126,0.999,0
14,97,3.93,68.17,4.182,0.711,0
14,98,3.826,64.77,4.064,0.604,0
14,99,3.86,66.28,4.0,0.612,0
14,100,3.693,67.92,4.091,0.748,0
14,101,3.716,65.94,3.975,0.814,0
14,102,3.855,67.18,4.016,0.617,0
14,103,3.757,67.08,3.93,0.752,0
14,104,3.934,69.12,4.264,0.974,0
14,105,4.122,67.88,4.037,0.802,0
14,106,4.078,68.66,4.003,0.853,0
14,107,4.076,68.94,3.919,0.986,0
14,108,4.001,68.01,3.89,0.773,1
14,109,1.404,58.01,4.975,0.822,0
14,110,1.549,59.96,4.747,0.868,0
14,111,1.639,57.92,4.78,0.727,0
14,112,1.655,59.71,4.877,0.635,0
14,113,1.499,60.21,4.929,0.923,0
14,114,1.851,59.76,4.995,0.982,0
14,115,1.699,60.84,4.99,0.982,0
14,116,1.436,56.27,4.802,0.616,0
14,117,1.727,58.0,4.608,0.722,0
14,118,1.554,56.63,4.979,0.713,0
14,119,1.528,59.84,4.78,0.995,0
14,120,1.838,59.1,4.976,0.795,0
14,121,1.549,59.76,4.732,0.656,0
14,122,1.957,58.35,4.658,0.862,0
14,123,1.893,56.76,4.81,0.608,0
14,124,1.524,58.89,4.516,0.705,0
14,125,1.848,61.16,4.754,0.944,0
14,126,1.692,58.84,4.892,0.875,0
14,127,1.494,59.04,4.888,0.905,0
14,128,1.828,59.24,4.756,0.898,0
14,129,1.606,61.1,4.945,0.834,0
14,130,1.647,56.68,4.941,0.625,0
14,131,1.767,57.07,4.692,0.605,0
14,132,1.545,59.17,4.949,0.92,0
14,133,1.779,58.3,4.895,0.979,0
14,134,1.382,58.67,4.696,0.917,0
14,135,1.518,59.66,4.878,0.795,0
14,136,1.673,57.88,4.924,0.894,0
14,137,1.706,58.8,4.892,0.768,0
14,138,1.642,60.04,4.829,0.902,0
14,139,1.506,60.06,4.685,0.782,0
14,140,1.457,58.22,4.729,0.686,0
14,141,1.566,57.67,4.857,0.755,0
14,142,1.537,58.37,4.924,0.635,0
14,143,1.667,57.96,4.792,0.93,0
14,144,1.625,58.43,4.968,0.724,0
14,145,1.513,60.65,4.844,0.976,0
14,146,1.226,59.5,4.668,0.99,0
14,147,1.652,58.34,4.731,0.775,0
14,148,1.349,55.83,4.854,0.614,0
14,149,1.781,60.65,4.864,0.982,0
14,150,1.428,60.3,4.938,0.987,0
14,151,1.884,58.13,4.934,0.688,0
14,152,1.795,58.7,4.718,0.775,0
14,153,1.747,59.32,4.973,0.813,0
14,154,1.451,59.74,4.963,0.978,0
14,155,1.483,56.97,4.642,0.733,0
14,156,1.69,57.83,4.995,0.697,0
14,157,1.789,58.2,4.664,0.715,0
14,158,1.577,57.91,4.868,0.83,0
14,159,1.585,57.34,4.863,0.603,0
14,160,1.675,59.77,4.861,0.807,0
14,161,1.933,58.02,4.745,0.8,0
14,162,1.647,58.04,4.83,0.735,0
14,163,1.806,56.64,4.895,0.847,0
14,164,1.506,59.82,4.779,0.928,0
14,165,1.539,59.98,4.983,0.803,0
14,166,1.65,60.22,4.853,0.845,0
14,167,1.37,59.57,5.025,0.886,0
14,168,1.301,59.06,4.79,0.965,0
14,169,1.438,58.26,4.771,0.854,0
14,170,1.629,55.91,4.894,0.698,0
14,171,1.629,59.43,4.757,0.98,0
14,172,1.892,57.92,4.644,0.815,0
14,173,1.433,57.58,4.95,0.85,0
14,174,1.503,56.71,4.935,0.612,0
14,175,1.78,61.27,4.892,0.957,0
14,176,1.655,57.56,4.806,0.629,0
14,177,1.391,59.7,4.8,0.683,0
14,178,1.911,59.53,4.774,0.633,0
14,179,1.675,61.14,4.601,0.913,0
14,180,1.475,57.33,4.834,0.681,0
14,181,1.504,57.64,4.754,0.711,0
14,182,1.572,59.75,4.983,0.983,0
14,183,1.615,61.1,4.707,0.846,0
14,184,1.778,56.74,4.892,0.672,0
14,185,1.567,58.86,4.811,0.776,0
14,186,1.836,55.08,4.802,0.652,0
14,187,1.569,60.91,4.809,0.874,0
14,188,1.617,60.13,4.993,0.7,0
14,189,1.424,58.87,4.899,0.803,0
14,190,1.68,58.22,4.863,0.744,0
14,191,1.483,60.61,4.92,0.937,0
14,192,1.39,61.2,4.674,0.922,0
14,193,1.568,57.91,4.843,0.671,0
14,194,1.925,60.65,4.875,0.962,0
14,195,1.456,57.78,4.895,0.629,0
14,196,1.337,58.07,4.724,0.604,0
14,197,1.712,58.8,4.666,0.699,0
14,198,1.72,59.4,4.974,0.773,0
14,199,1.927,57.74,4.818,0.739,0
14,200,1.555,57.88,4.637,0.667,0
14,201,1.499,58.39,4.964,0.615,0
14,202,1.815,61.84,4.766,0.947,0
14,203,1.517,57.54,4.926,0.763,0
14,204,1.74,59.77,4.808,0.601,0
14,205,1.323,59.12,4.909,0.665,0
14,206,1.565,61.29,4.861,0.728,0
14,207,1.515,60.19,4.861,0.863,0
14,208,1.639,58.24,4.83,0.75,0
14,209,1.608,61.91,4.904,0.998,0
14,210,1.406,59.71,4.858,0.874,0
14,211,1.632,58.25,4.798,0.997,0
14,212,1.502,59.82,4.802,0.621,0
14,213,1.608,61.31,4.715,0.975,0
14,214,2.017,58.1,4.965,0.604,0
14,215,1.623,61.62,4.708,0.811,0
14,216,1.854,59.43,4.9,0.933,0
14,217,1.656,57.8,4.785,0.726,0
14,218,1.749,59.68,4.862,0.785,0
14,219,1.595,59.51,4.674,0.894,0
14,220,1.525,57.28,4.637,0.663,0
14,221,1.713,59.73,4.828,0.724,0
14,222,1.688,58.16,4.621,0.686,0
14,223,1.556,60.23,4.547,0.944,0
14,224,1.435,58.94,4.699,0.792,0
14,225,1.772,58.61,4.817,0.736,0
14,226,1.605,59.02,4.986,0.979,0
14,227,1.625,59.55,4.941,0.702,0
14,228,1.642,59.11,4.825,0.986,0
14,229,1.674,58.28,4.802,0.752,0
14,230,1.473,59.31,4.629,0.785,0
14,231,1.745,58.46,4.757,0.601,0
14,232,1.647,57.95,4.778,0.675,0
14,233,2.06,58.93,4.912,0.886,0
14,234,1.612,60.16,5.031,0.995,0
14,235,1.765,59.76,4.813,0.917,0
14,236,1.624,59.16,4.742,0.707,0
14,237,1.832,58.91,4.833,0.841,0
14,238,1.796,55.42,4.533,0.649,0
14,239,1.621,59.33,4.898,0.893,0
14,240,1.779,58.5,4.815,0.698,0
14,241,1.745,58.97,4.904,0.783,0
14,242,1.709,60.29,4.967,0.98,0
14,243,1.615,61.18,4.884,0.938,0
14,244,1.764,57.29,4.719,0.634,0
14,245,1.801,60.39,4.896,0.829,0
14,246,1.834,59.97,4.824,0.969,0
14,247,1.719,61.95,4.789,0.852,0
14,248,1.779,58.59,4.84,0.605,0
14,249,1.546,58.25,4.781,0.631,0
14,250,2.012,58.11,4.722,0.747,0
14,251,1.833,58.52,4.891,0.604,0
14,252,1.83,58.93,4.631,0.666,0
14,253,1.782,59.1,4.858,0.768,0
14,254,1.916,59.34,4.683,0.672,0
14,255,1.935,62.71,4.77,0.977,0
14,256,1.703,59.92,4.716,0.988,0
14,257,3.203,58.35,4.562,0.917,0
14,258,1.795,60.87,4.554,0.881,0
14,259,1.683,59.51,4.649,0.889,0
14,260,1.87,59.67,4.815,0.707,0
14,261,1.766,59.52,4.676,0.632,0
14,262,1.874,61.53,4.928,0.901,0
14,263,1.58,57.58,4.824,0.615,0
14,264,1.646,60.09,4.785,0.768,0
14,265,1.736,59.82,4.746,0.797,0
14,266,2.01,59.53,4.857,0.71,0
14,267,1.699,61.29,4.855,0.932,0
14,268,1.834,60.01,4.704,0.646,0
14,269,2.02,59.81,4.682,0.654,0
14,270,1.574,60.57,4.846,0.812,0
14,271,1.761,59.12,4.634,0.755,0
14,272,1.785,59.64,4.622,0.725,0
14,273,1.697,59.0,4.627,0.693,0
14,274,1.838,59.86,4.675,0.78,0
14,275,1.891,59.74,4.909,0.833,0
14,276,2.051,59.7,4.632,0.639,0
14,277,1.766,60.05,4.7,0.798,0
14,278,1.959,61.41,4.669,0.659,0
14,279,1.889,60.96,4.84,0.709,0
14,280,1.97,60.1,4.723,0.771,0
14,281,1.829,58.09,4.762,0.663,0
14,282,1.849,61.09,4.8,0.959,0
14,283,1.744,60.7,4.882,0.61,0
14,284,1.931,61.25,4.752,0.962,0
14,285,2.015,61.88,4.683,0.981,0
14,286,1.935,59.82,4.679,0.931,0
14,287,3.908,59.56,4.652,0.778,0
14,288,1.897,59.53,4.656,0.889,0
14,289,2.15,59.74,4.752,0.654,0
14,290,2.013,59.21,4.679,0.748,0
14,291,1.813,60.11,4.703,0.908,0
14,292,1.948,60.9,4.788,0.755,0
14,293,2.112,59.39,4.627,0.741,0
14,294,1.942,59.49,4.48,0.65,0
14,295,1.937,58.35,4.666,0.723,0
14,296,2.001,60.94,4.575,0.672,0
14,297,1.967,59.27,4.684,0.881,0
14,298,1.798,58.14,4.656,0.695,0
14,299,1.895,60.85,4.535,0.98,0
14,300,1.985,59.35,4.569,0.867,0
14,301,1.928,61.58,4.694,0.961,0
14,302,2.017,62.45,4.84,0.885,0
14,303,2.109,60.71,4.815,0.805,0
14,304,2.178,60.45,4.736,0.847,0
14,305,1.827,59.36,4.664,0.696,0
14,306,2.364,58.54,4.743,0.683,0
14,307,2.171,59.77,4.68,0.63,0
14,308,1.607,58.24,4.746,0.697,0
14,309,2.212,58.65,4.838,0.65,0
14,310,2.287,59.83,4.558,0.733,0
14,311,2.034,58.68,4.541,0.855,0
14,312,2.132,60.23,4.739,0.821,0
14,313,1.971,61.63,4.644,0.911,0
14,314,2.242,58.26,4.485,0.663,0
14,315,1.764,58.93,4.64,0.635,0
14,316,2.15,61.46,4.714,0.887,0
14,317,1.924,60.25,4.709,0.664,0
14,318,2.027,59.85,4.528,0.787,0
14,319,1.888,63.57,4.688,0.983,0
14,320,2.135,58.65,4.584,0.687,0
14,321,2.159,61.31,4.652,0.7,0
14,322,2.099,59.88,4.9,0.821,0
14,323,1.932,62.64,4.647,0.958,0
14,324,2.144,60.41,4.715,0.631,0
14,325,2.165,62.33,4.837,0.84,0
14,326,2.213,62.47,4.733,0.656,0
14,327,2.063,60.6,4.749,0.669,0
14,328,2.393,61.97,4.537,0.694,0
14,329,2.157,60.68,4.631,0.879,0
14,330,2.131,61.4,4.543,0.828,0
14,331,2.267,62.38,4.655,0.977,0
14,332,2.235,60.53,4.732,0.866,0
14,333,2.143,61.39,4.83,0.776,0
14,334,2.096,61.02,4.934,0.835,0
14,335,2.365,58.86,4.567,0.681,0
14,336,2.379,61.64,4.534,0.938,0
14,337,2.204,59.75,4.739,0.75,0
14,338,2.163,63.1,4.75,0.983,0
14,339,2.255,60.37,4.674,0.762,0
14,340,2.317,62.25,4.687,0.747,0
14,341,2.259,61.88,4.673,0.691,0
14,342,2.282,61.73,4.767,0.811,0
14,343,2.227,61.79,4.691,0.849,0
14,344,2.235,61.49,4.606,0.868,0
14,345,2.043,60.84,4.743,0.922,0
14,346,2.252,60.64,4.597,0.611,0
14,347,2.241,60.06,4.503,0.673,0
14,348,2.511,61.35,4.721,0.883,0
14,349,2.32,62.33,4.42,0.816,0
14,350,2.18,61.08,4.8,0.824,0
14,351,2.47,60.19,4.652,0.606,0
14,352,2.54,63.11,4.672,0.994,1
14,353,1.847,60.37,4.751,0.889,0
14,354,1.466,56.76,4.849,0.671,0
14,355,1.562,56.69,4.9,0.927,0
14,356,1.753,56.34,4.707,0.759,0
14,357,1.63,58.88,4.843,0.834,0
14,358,1.72,56.99,4.755,0.999,0
14,359,1.96,58.57,4.802,0.704,0
14,360,1.474,58.94,4.788,0.774,0
14,361,1.779,58.2,4.864,0.721,0
14,362,1.541,59.46,5.023,0.807,0
14,363,1.725,56.23,4.75,0.768,0
14,364,1.436,60.13,4.835,0.879,0
15,0,2.495,57.66,4.409,0.771,0
15,1,2.628,60.21,4.423,0.888,0
15,2,2.568,59.98,4.406,0.792,0
15,3,2.404,58.83,4.468,0.92,0
15,4,2.462,60.44,4.532,0.978,0
15,5,2.202,58.22,4.422,0.87,0
15,6,2.31,57.84,4.284,0.621,0
15,7,2.604,59.51,4.403,0.818,0
15,8,2.321,59.46,4.448,0.805,0
15,9,2.201,60.52,4.354,0.713,0
15,10,2.295,58.77,4.457,0.761,0
15,11,2.424,59.96,4.505,0.822,0
15,12,2.374,58.68,4.466,0.674,0
15,13,2.535,59.15,4.314,0.823,0
15,14,2.204,58.96,4.398,0.829,0
15,15,2.456,59.15,4.374,0.752,0
15,16,2.322,57.4,4.436,0.831,0
15,17,2.259,58.34,4.149,0.734,0
15,18,2.435,60.76,4.525,0.925,0
15,19,2.604,59.65,4.423,0.949,0
15,20,2.329,59.16,4.483,0.925,0
15,21,2.44,58.73,4.499,0.847,0
15,22,2.457,60.46,4.592,0.897,0
15,23,2.545,59.38,4.435,0.603,0
15,24,2.316,57.58,4.403,0.847,0
15,25,2.535,59.53,4.343,0.677,0
15,26,2.448,59.19,4.395,0.784,0
15,27,2.648,61.33,4.272,0.73,0
15,28,2.68,61.74,4.164,0.975,0
15,29,2.523,58.99,4.347,0.845,0
15,30,2.666,58.94,4.302,0.631,0
15,31,2.332,58.39,4.204,0.653,0
15,32,2.52,59.64,4.182,0.708,0
15,33,2.382,63.08,4.348,0.936,0
15,34,2.369,60.26,4.101,0.981,0
15,35,2.693,58.25,4.331,0.652,0
15,36,4.163,61.07,4.121,0.755,0
15,37,2.776,58.54,4.354,0.69,0
15,38,2.554,59.81,4.177,0.718,0
15,39,2.805,61.99,4.236,0.957,0
15,40,2.418,60.57,4.235,0.942,0
15,41,5.193,62.29,4.318,0.915,0
15,42,2.787,59.59,4.412,0.635,0
15,43,2.559,59.37,4.253,0.811,0
15,44,2.735,62.13,4.601,0.828,0
15,45,2.601,61.73,4.283,0.934,0
15,46,2.708,58.12,4.414,0.611,0
15,47,2.504,59.0,4.278,0.625,0
15,48,2.469,62.81,4.169,0.872,0
15,49,2.501,59.33,4.167,0.896,0
15,50,2.772,59.94,4.276,0.973,0
15,51,2.872,61.2,4.163,0.683,0
15,52,2.718,60.21,4.19,0.766,0
15,53,2.768,63.05,4.169,0.943,0
15,54,2.467,59.33,4.102,0.786,0
15,55,3.218,61.12,4.072,0.827,0
15,56,2.791,62.28,4.26,0.984,0
15,57,2.822,63.61,4.226,0.936,0
15,58,2.819,63.66,4.127,0.848,0
15,59,2.725,61.64,4.211,0.9,0
15,60,2.872,60.15,4.252,0.619,0
15,61,2.739,62.21,4.21,0.729,0
15,62,2.751,60.12,4.318,0.766,0
15,63,3.093,61.38,4.287,0.611,0
15,64,2.816,62.72,4.241,0.925,0
15,65,3.175,62.74,4.011,0.817,0
15,66,2.822,60.55,4.3,0.712,0
15,67,2.663,64.43,3.959,0.867,0
15,68,2.983,63.76,4.176,0.99,0
15,69,3.021,64.17,4.15,0.828,0
15,70,3.077,61.03,4.148,0.658,0
15,71,3.098,61.02,3.888,0.613,0
15,72,3.55,64.01,4.054,0.913,0
15,73,3.109,62.02,4.004,0.696,0
15,74,2.97,61.31,4.149,0.728,0
15,75,3.183,61.26,4.097,0.654,0
15,76,3.11,64.94,4.105,0.998,0
15,77,2.961,60.91,4.03,0.755,0
15,78,2.978,62.97,3.903,0.974,0
15,79,3.111,63.94,4.048,0.976,0
15,80,3.144,62.79,3.946,0.916,0
15,81,3.338,60.68,4.117,0.725,0
15,82,3.315,62.89,3.955,0.653,0
15,83,3.443,64.54,3.848,0.713,0
15,84,3.15,63.56,4.098,0.919,0
15,85,3.563,64.56,3.988,0.744,0
15,86,3.36,63.56,4.108,0.846,0
15,87,3.478,63.24,3.785,0.738,0
15,88,3.534,61.4,4.006,0.612,0
15,89,3.394,64.02,3.939,0.778,0
15,90,3.367,63.36,4.053,0.718,0
15,91,3.257,65.15,3.952,0.979,0
15,92,3.433,62.27,3.947,0.611,0
15,93,3.626,64.62,3.915,0.801,0
15,94,3.495,61.88,3.875,0.713,0
15,95,3.746,64.47,3.641,0.881,0
15,96,3.519,65.64,3.938,0.72,0
15,97,3.481,66.48,3.886,0.994,0
15,98,3.887,64.77,3.973,0.779,0
15,99,3.499,66.19,3.917,0.839,0
15,100,3.356,63.92,3.939,0.624,0
15,101,3.713,64.19,3.902,0.85,0
15,102,3.932,62.84,4.086,0.652,0
15,103,3.709,66.71,3.87,0.91,0
15,104,3.762,62.69,3.966,0.621,0
15,105,3.51,65.5,3.754,0.827,0
15,106,3.848,67.15,3.997,0.748,0
15,107,3.92,65.14,3.747,0.874,0
15,108,3.858,66.25,3.785,0.805,0
15,109,4.125,64.11,3.952,0.952,0
15,110,4.148,67.76,3.961,0.867,0
15,111,3.898,63.66,3.798,0.645,0
15,112,4.06,65.85,3.983,0.726,0
15,113,4.133,67.06,3.791,0.667,0
15,114,4.142,67.55,3.618,0.909,0
15,115,4.126,67.02,3.823,0.799,0
15,116,4.277,66.58,3.753,0.912,0
15,117,4.262,64.42,3.63,0.612,0
15,118,4.072,68.39,3.838,0.905,0
15,119,4.205,65.56,3.676,0.634,0
15,120,4.259,67.05,3.596,0.928,0
15,121,4.522,67.41,3.685,0.861,0
15,122,4.417,66.75,3.628,0.753,0
15,123,4.399,69.21,3.546,0.989,0
15,124,4.521,69.12,3.912,0.896,0
15,125,4.359,67.79,3.788,0.775,0
15,126,4.548,67.44,3.472,0.817,0
15,127,4.618,69.29,3.633,0.766,0
15,128,4.672,66.1,3.564,0.796,0
15,129,4.471,69.39,3.298,0.989,0
15,130,4.574,67.46,3.529,0.703,0
15,131,5.049,66.29,3.771,0.661,0
15,132,4.482,67.37,3.417,0.896,0
15,133,4.844,68.39,3.608,0.701,0
15,134,5.027,68.09,3.628,0.887,1
15,135,2.373,56.96,4.491,0.788,0
15,136,2.391,57.6,4.446,0.8,0
15,137,2.216,58.57,4.522,0.882,0
15,138,2.569,58.88,4.502,1.0,0
15,139,2.489,58.63,4.405,0.816,0
15,140,2.74,57.72,4.678,0.659,0
15,141,2.641,58.38,4.407,0.968,0
15,142,2.597,57.16,4.53,0.778,0
15,143,2.485,57.3,4.265,0.774,0
15,144,2.339,57.72,4.219,0.822,0
15,145,2.497,56.84,4.449,0.792,0
15,146,2.543,58.3,4.411,0.804,0
15,147,2.215,59.37,4.34,1.0,0
15,148,2.55,58.29,4.307,0.773,0
15,149,2.344,57.49,4.479,0.806,0
15,150,2.382,57.0,4.346,0.796,0
15,151,2.135,57.88,4.298,0.772,0
15,152,2.281,58.42,4.448,0.867,0
15,153,2.188,57.05,4.49,0.809,0
15,154,2.278,58.35,4.422,0.927,0
15,155,2.344,57.95,4.133,0.758,0
15,156,2.319,56.99,4.311,0.611,0
15,157,2.535,59.39,4.404,0.677,0
15,158,2.289,58.77,4.467,0.816,0
15,159,2.407,59.39,4.411,0.772,0
15,160,2.228,60.02,4.351,0.74,0
15,161,2.192,58.22,4.489,0.716,0
15,162,2.271,57.94,4.386,0.657,0
15,163,4.61,57.3,4.445,0.762,0
15,164,2.594,59.91,4.449,0.749,0
15,165,2.405,57.22,4.361,0.878,0
15,166,2.344,59.86,4.311,0.853,0
15,167,2.405,59.2,4.455,0.721,0
15,168,2.584,58.3,4.369,0.633,0
15,169,2.547,57.74,4.527,0.608,0
15,170,2.364,57.31,4.474,0.713,0
15,171,2.624,57.66,4.229,0.751,0
15,172,2.449,59.61,4.432,0.788,0
15,173,2.292,61.36,4.458,0.956,0
15,174,2.128,57.25,4.438,0.807,0
15,175,2.602,59.12,4.297,0.836,0
15,176,2.504,57.43,4.42,0.761,0
15,177,2.541,58.77,4.491,0.711,0
15,178,2.394,57.91,4.422,0.636,0
15,179,2.392,59.07,4.472,0.922,0
15,180,2.584,58.38,4.285,0.711,0
15,181,2.39,61.27,4.321,0.909,0
15,182,2.278,59.09,4.397,0.764,0
15,183,2.407,58.06,4.251,0.699,0
15,184,2.594,59.66,4.519,0.898,0
15,185,2.287,59.0,4.517,0.994,0
15,186,2.453,60.41,4.562,0.669,0
15,187,2.372,58.09,4.475,0.981,0
15,188,2.522,59.69,4.235,0.75,0
15,189,2.422,58.37,4.376,0.733,0
15,190,2.377,58.91,4.261,0.753,0
15,191,2.174,59.96,4.477,0.9,0
15,192,2.566,57.42,4.505,0.608,0
15,193,2.317,58.95,4.258,0.64,0
15,194,2.533,58.34,4.426,0.749,0
15,195,2.606,61.41,4.498,0.875,0
15,196,2.758,60.61,4.444,0.925,0
15,197,2.508,58.61,4.498,0.757,0
15,198,2.433,60.44,4.156,0.963,0
15,199,2.657,57.34,4.373,0.627,0
15,200,2.29,59.56,4.322,0.804,0
15,201,2.793,60.98,4.412,0.761,0
15,202,2.625,59.56,4.167,0.747,0
15,203,2.489,59.4,4.367,0.768,0
15,204,2.439,61.7,4.329,0.875,0
15,205,2.607,60.75,4.153,0.925,0
15,206,2.334,58.82,4.352,0.684,0
15,207,2.487,58.36,4.326,0.624,0
15,208,2.459,61.3,4.286,0.912,0
15,209,2.574,59.34,4.484,0.704,0
15,210,2.552,60.7,4.174,0.897,0
15,211,5.268,59.65,4.348,0.617,0
15,212,2.295,59.01,4.266,0.6,0
15,213,2.207,58.88,4.238,0.748,0
15,214,2.503,61.51,4.254,0.849,0
15,215,2.609,57.61,4.27,0.754,0
15,216,2.674,58.6,4.202,0.787,0
15,217,2.571,61.38,4.267,0.838,0
15,218,2.553,60.42,4.24,0.746,0
15,219,2.813,57.86,4.336,0.61,0
15,220,2.45,60.06,4.272,0.724,0
15,221,2.521,59.21,4.321,0.605,0
15,222,2.57,61.0,4.286,0.959,0
15,223,2.622,60.56,4.303,0.679,0
15,224,2.453,60.98,4.189,0.737,0
15,225,2.811,62.53,4.243,0.811,0
15,226,2.546,59.84,4.375,0.816,0
15,227,2.563,59.62,4.295,0.954,0
15,228,2.627,60.59,4.11,0.832,0
15,229,2.723,60.1,4.243,0.855,0
15,230,2.82,60.66,4.27,0.747,0
15,231,2.718,59.47,4.261,0.914,0
15,232,2.765,59.05,4.327,0.631,0
15,233,2.463,61.48,4.246,0.921,0
15,234,2.826,61.18,4.377,0.761,0
15,235,2.74,60.65,4.05,0.768,0
15,236,2.798,61.89,4.426,0.855,0
15,237,2.627,61.83,4.068,0.981,0
15,238,2.762,62.38,4.202,0.973,0
15,239,5.325,61.32,4.245,0.791,0
15,240,2.746,60.03,4.087,0.66,0
15,241,3.033,62.27,4.14,0.921,0
15,242,2.721,62.55,4.074,0.88,0
15,243,2.858,61.53,4.141,0.659,0
15,244,2.773,61.12,4.269,0.666,0
15,245,2.811,61.81,4.036,0.823,0
15,246,2.647,62.41,4.048,0.716,0
15,247,2.885,61.61,4.053,0.671,0
15,248,2.759,61.87,4.198,0.828,0
15,249,2.848,59.56,3.994,0.641,0
15,250,2.628,60.35,4.1,0.738,0
15,251,2.845,60.9,4.054,0.692,0
15,252,2.993,61.71,4.161,0.678,0
15,253,3.023,61.2,4.033,0.657,0
15,254,2.721,63.3,4.074,0.919,0
15,255,2.874,62.23,4.101,0.774,0
15,256,3.177,62.97,4.325,0.906,0
15,257,2.978,63.42,4.112,0.844,0
15,258,3.084,63.31,4.297,0.944,0
15,259,2.892,64.26,4.105,0.843,0
15,260,3.196,64.61,4.069,0.882,0
15,261,2.958,61.88,3.952,0.693,0
15,262,3.093,62.57,4.174,0.824,0
15,263,2.912,62.09,4.213,0.634,0
15,264,5.435,63.56,4.176,0.8,0
15,265,3.265,62.64,4.0,0.734,0
15,266,3.051,62.48,4.03,0.815,0
15,267,3.057,64.2,4.013,0.886,0
15,268,2.991,63.08,4.228,0.928,0
15,269,3.266,62.17,4.164,0.768,0
15,270,3.242,63.88,3.996,0.751,0
15,271,3.044,64.86,4.251,0.912,0
15,272,3.224,63.85,4.132,0.954,0
15,273,3.192,62.36,4.107,0.632,0
15,274,3.416,63.72,3.882,0.903,0
15,275,3.106,65.13,4.019,0.994,0
15,276,3.315,63.33,3.958,0.89,0
15,277,3.103,62.64,3.961,0.728,0
15,278,3.712,61.22,3.947,0.627,0
15,279,3.287,64.89,4.029,0.72,0
15,280,3.46,65.02,3.997,0.907,0
15,281,3.168,63.54,3.932,0.703,0
15,282,3.549,64.32,4.151,0.979,0
15,283,3.395,63.56,3.906,0.979,0
15,284,3.529,64.15,4.032,0.651,0
15,285,3.33,66.8,3.859,0.852,0
15,286,3.479,66.15,4.015,0.67,0
15,287,3.535,64.27,3.947,0.85,0
15,288,3.503,65.29,3.706,0.72,0
15,289,3.619,62.66,4.088,0.726,0
15,290,3.339,64.91,4.111,0.826,0
15,291,3.287,63.6,3.913,0.872,0
15,292,3.65,66.42,4.012,0.906,0
15,293,3.602,64.65,4.127,0.661,0
15,294,3.616,64.48,4.122,0.97,0
15,295,3.564,64.9,4.043,0.611,0
15,296,3.616,63.1,3.905,0.637,0
15,297,3.783,66.65,3.779,0.847,0
15,298,3.39,64.77,3.872,0.604,0
15,299,3.846,63.74,3.979,0.632,0
15,300,3.834,65.63,3.901,0.815,0
15,301,3.593,65.53,3.91,0.829,0
15,302,3.673,66.94,3.75,0.794,0
15,303,4.018,66.18,3.994,0.731,0
15,304,3.979,66.91,3.811,0.982,0
15,305,3.591,64.51,3.849,0.656,0
15,306,3.939,66.37,3.661,0.962,0
15,307,3.825,65.27,3.9,0.649,0
15,308,4.185,65.7,3.769,0.898,0
15,309,3.871,64.79,3.986,0.708,0
15,310,4.036,64.68,3.794,0.621,0
15,311,3.939,64.36,3.854,0.682,0
15,312,3.955,66.41,3.706,0.808,0
15,313,3.763,67.55,3.933,0.749,0
15,314,4.005,64.52,3.736,0.724,0
15,315,4.395,66.75,3.843,0.804,0
15,316,4.271,66.21,3.853,0.69,0
15,317,4.402,66.17,3.725,0.928,0
15,318,4.063,66.51,3.752,0.808,0
15,319,4.126,66.51,3.705,0.774,0
15,320,4.136,66.91,3.835,0.703,0
15,321,4.36,66.14,3.882,0.873,0
15,322,4.214,66.55,3.729,0.816,0
15,323,4.254,66.61,3.777,0.839,0
15,324,4.176,65.92,3.64,0.813,0
15,325,4.244,66.26,3.634,0.607,0
15,326,4.322,66.99,3.613,0.926,0
15,327,4.328,65.99,3.689,0.835,0
15,328,4.245,68.02,3.572,0.944,0
15,329,4.384,67.6,3.631,0.807,0
15,330,4.64,67.11,3.648,0.807,0
15,331,4.7,69.33,3.903,0.985,0
15,332,4.533,68.08,3.832,0.839,0
15,333,4.564,67.9,3.5,0.905,0
15,334,4.566,68.96,3.515,0.657,0
15,335,4.377,68.27,3.719,0.939,0
15,336,4.458,66.94,3.584,0.693,0
15,337,4.58,70.38,3.61,0.932,0
15,338,6.212,69.56,3.648,0.923,0
15,339,4.614,68.97,3.686,0.786,0
15,340,4.929,67.69,3.655,0.962,0
15,341,4.795,70.02,3.655,0.942,0
15,342,4.817,67.32,3.59,0.728,0
15,343,4.706,69.28,3.507,0.674,1
15,344,2.456,59.13,4.396,0.867,0
15,345,2.617,60.05,4.442,0.931,0
15,346,2.539,57.59,4.248,0.716,0
15,347,2.415,57.85,4.495,0.657,0
15,348,2.38,57.94,4.428,0.947,0
15,349,2.391,57.03,4.428,0.746,0
15,350,2.251,58.46,4.201,0.629,0
15,351,2.534,59.2,4.418,0.811,0
15,352,2.16,59.74,4.472,0.746,0
15,353,4.023,60.4,4.441,0.987,0
15,354,2.261,58.75,4.586,0.915,0
15,355,2.547,60.04,4.295,0.854,0
15,356,2.384,57.99,4.405,0.723,0
15,357,2.329,59.96,4.42,0.732,0
15,358,2.51,57.5,4.333,0.688,0
15,359,2.226,57.54,4.235,0.656,0
15,360,2.146,58.76,4.425,0.77,0
15,361,2.447,59.29,4.476,0.788,0
15,362,2.275,58.11,4.264,0.695,0
15,363,2.333,58.52,4.271,0.661,0
15,364,2.269,59.24,4.378,0.741,0
16,0,2.605,67.82,5.151,0.976,0
16,1,2.536,64.85,4.938,0.603,0
16,2,2.548,67.59,5.112,0.695,0
16,3,2.614,64.64,5.025,0.641,0
16,4,2.52,67.15,5.012,0.855,0
16,5,2.468,65.61,4.852,0.839,0
16,6,2.731,68.53,5.117,0.824,0
16,7,2.427,63.9,5.072,0.698,0
16,8,2.322,65.86,5.07,0.613,0
16,9,2.722,67.8,5.029,1.0,0
16,10,5.055,68.74,4.96,0.632,0
16,11,2.797,66.17,5.034,0.72,0
16,12,2.385,68.97,5.032,0.798,0
16,13,2.804,66.57,4.934,0.603,0
16,14,2.841,65.49,5.032,0.803,0
16,15,2.755,67.0,4.877,0.617,0
16,16,2.633,69.13,5.186,0.886,0
16,17,2.619,67.29,4.888,0.956,0
16,18,2.975,68.72,4.938,0.691,0
16,19,2.789,69.39,4.984,0.972,0
16,20,4.731,69.11,4.903,0.912,0
16,21,2.941,66.07,4.917,0.675,0
16,22,2.996,67.61,4.963,0.955,0
16,23,2.892,66.83,4.983,0.761,0
16,24,2.816,69.52,4.909,0.999,0
16,25,2.921,69.03,5.039,0.862,0
16,26,2.981,67.65,4.948,0.744,0
16,27,2.957,69.79,4.857,0.807,0
16,28,2.978,68.5,4.852,0.6,0
16,29,2.793,68.59,4.952,0.931,0
16,30,3.113,69.68,4.729,0.912,0
16,31,3.091,69.18,4.873,0.83,0
16,32,2.862,69.36,4.792,0.972,0
16,33,3.301,69.81,4.871,0.728,0
16,34,3.148,68.79,4.709,0.892,0
16,35,3.078,71.65,4.716,0.819,0
16,36,3.091,71.03,4.791,0.907,0
16,37,3.135,69.68,4.747,0.769,0
16,38,3.313,67.67,4.659,0.61,0
16,39,2.911,69.8,4.758,0.767,0
16,40,3.041,69.51,4.824,0.618,0
16,41,3.339,69.91,4.786,0.88,0
16,42,3.026,69.62,4.708,0.711,0
16,43,3.06,70.2,4.713,0.941,0
16,44,3.495,70.94,4.819,0.716,0
16,45,3.341,70.84,4.845,0.927,0
16,46,3.177,68.1,4.858,0.629,0
16,47,3.286,68.97,4.744,0.753,0
16,48,3.353,70.41,4.701,0.689,0
16,49,3.488,70.65,4.761,0.941,0
16,50,3.292,71.19,4.804,0.746,0
16,51,3.413,70.53,4.859,0.653,0
16,52,3.266,72.22,4.766,0.743,0
16,53,3.249,70.15,4.746,0.789,0
16,54,3.4,70.25,4.867,0.856,0
16,55,3.99,69.53,4.838,0.607,0
16,56,3.46,70.88,4.673,0.767,0
16,57,3.209,69.04,4.746,0.709,0
16,58,3.456,72.41,4.642,0.91,0
16,59,3.732,73.66,4.544,0.913,0
16,60,3.83,70.82,4.77,0.828,0
16,61,3.757,72.27,4.687,0.873,0
16,62,3.553,71.39,4.635,0.827,0
16,63,3.643,73.42,4.593,0.761,0
16,64,3.884,71.65,4.864,0.759,0
16,65,4.026,73.67,4.507,0.852,0
16,66,3.861,72.72,4.635,0.961,0
16,67,3.98,71.6,4.672,0.805,0
16,68,4.045,72.62,4.843,0.758,0
16,69,4.106,72.75,4.622,0.957,0
16,70,4.485,74.24,4.758,0.897,0
16,71,4.178,74.24,4.58,0.651,0
16,72,3.698,69.57,4.609,0.622,0
16,73,4.198,72.47,4.546,0.896,0
16,74,4.253,72.09,4.512,0.683,0
16,75,4.195,73.04,4.391,0.656,0
16,76,4.155,73.52,4.698,0.773,0
16,77,4.061,72.92,4.507,0.716,0
16,78,4.313,73.57,4.341,0.744,0
16,79,4.369,73.46,4.629,0.806,0
16,80,4.541,73.07,4.622,0.7,0
16,81,4.238,72.95,4.491,0.73,0
16,82,4.31,74.35,4.519,0.675,0
16,83,4.366,73.04,4.544,0.87,0
16,84,4.519,73.76,4.482,0.756,0
16,85,4.474,74.1,4.401,0.662,0
16,86,4.545,74.16,4.469,0.848,0
16,87,4.703,72.54,4.198,0.877,0
16,88,4.423,73.21,4.535,0.891,0
16,89,4.723,72.29,4.428,0.645,0
16,90,4.837,74.52,4.416,0.921,0
16,91,4.681,74.72,4.315,0.878,1
16,92,2.138,63.87,5.201,0.837,0
16,93,2.415,64.79,5.064,0.632,0
16,94,2.244,65.23,5.082,0.91,0
16,95,2.001,65.07,5.246,0.904,0
16,96,2.02,64.55,5.414,0.7,0
16,97,2.249,64.75,5.166,0.877,0
16,98,2.199,63.39,5.354,0.705,0
16,99,2.335,62.69,5.249,0.748,0
16,100,2.152,65.31,5.298,0.987,0
16,101,2.35,65.0,5.178,0.964,0
16,102,2.102,65.98,5.449,0.855,0
16,103,2.337,66.36,5.137,0.959,0
16,104,2.334,65.27,5.261,0.902,0
16,105,2.097,65.49,5.368,0.746,0
16,106,2.449,66.32,4.958,0.85,0
16,107,2.147,66.67,5.176,0.965,0
16,108,2.418,66.42,5.368,0.976,0
16,109,1.933,62.72,4.992,0.687,0
16,110,2.364,63.08,5.131,0.613,0
16,111,2.239,64.68,5.336,0.65,0
16,112,2.378,66.36,5.129,0.716,0
16,113,2.146,64.09,5.204,0.977,0
16,114,2.347,64.61,5.136,0.885,0
16,115,2.291,64.72,5.215,0.782,0
16,116,2.182,64.93,5.24,0.966,0
16,117,2.233,65.1,5.209,0.839,0
16,118,2.124,65.32,5.207,0.779,0
16,119,2.571,63.22,4.931,0.825,0
16,120,2.055,62.85,5.096,0.664,0
16,121,2.255,63.51,5.194,0.821,0
16,122,2.48,65.07,5.145,0.647,0
16,123,2.451,65.84,5.09,0.723,0
16,124,2.267,66.41,4.998,0.954,0
16,125,2.125,67.85,5.219,0.905,0
16,126,2.506,65.42,5.085,0.711,0
16,127,2.171,65.54,5.136,0.686,0
16,128,2.416,64.6,5.208,0.708,0
16,129,2.436,66.62,5.195,0.982,0
16,130,2.308,67.38,5.065,0.684,0
16,131,2.127,67.33,4.948,0.646,0
16,132,2.289,68.2,5.051,0.964,0
16,133,2.165,65.81,5.193,0.719,0
16,134,2.295,66.46,5.101,0.763,0
16,135,2.458,66.29,4.925,0.747,0
16,136,2.484,68.24,5.135,0.931,0
16,137,2.278,67.86,5.077,0.979,0
16,138,2.178,66.36,5.11,0.885,0
16,139,2.351,67.19,5.073,0.951,0
16,140,2.707,65.48,5.157,0.876,0
16,141,2.33,63.99,5.141,0.609,0
16,142,2.447,67.9,4.986,0.889,0
16,143,2.273,67.54,5.169,0.951,0
16,144,2.368,66.17,4.892,0.688,0
16,145,2.322,68.35,5.166,0.886,0
16,146,2.36,64.41,5.11,0.609,0
16,147,2.353,66.73,5.029,0.88,0
16,148,2.46,68.43,5.075,0.968,0
16,149,2.261,67.75,5.065,0.974,0
16,150,2.354,67.0,4.754,0.993,0
16,151,2.749,65.6,4.928,0.644,0
16,152,2.509,65.64,5.047,0.625,0
16,153,2.477,65.77,4.904,0.723,0
16,154,2.511,67.67,4.991,0.696,0
16,155,2.506,67.01,4.882,0.646,0
16,156,2.649,68.32,5.087,0.938,0
16,157,2.849,69.54,4.82,0.877,0
16,158,2.68,70.1,5.079,0.798,0
16,159,2.819,69.06,5.018,0.721,0
16,160,2.73,68.13,4.922,0.644,0
16,161,2.601,67.63,4.802,0.832,0
16,162,2.814,67.24,5.136,0.649,0
16,163,2.841,66.66,5.023,0.606,0
16,164,3.038,69.16,4.929,0.747,0
16,165,2.683,68.08,4.801,0.622,0
16,166,3.021,67.13,4.899,0.703,0
16,167,2.838,69.41,4.953,0.961,0
16,168,2.757,69.25,4.935,0.918,0
16,169,3.146,71.25,4.868,0.913,0
16,170,2.931,68.65,5.031,0.859,0
16,171,2.828,68.99,4.736,0.613,0
16,172,2.854,67.62,4.609,0.778,0
16,173,2.621,67.54,4.726,0.628,0
16,174,2.544,67.6,4.972,0.835,0
16,175,2.975,69.17,4.854,0.823,0
16,176,3.071,69.93,5.035,0.637,0
16,177,3.135,69.51,4.729,0.747,0
16,178,3.423,69.87,4.782,0.852,0
16,179,3.093,69.26,4.72,0.612,0
16,180,3.365,68.84,4.617,0.732,0
16,181,3.597,71.09,4.808,0.958,0
16,182,3.114,71.75,4.813,0.972,0
16,183,3.383,68.9,4.662,0.738,0
16,184,3.236,71.47,4.876,0.783,0
16,185,3.161,69.41,4.729,0.774,0
16,186,3.484,70.49,4.61,0.805,0
16,187,4.497,71.42,4.66,0.836,0
16,188,3.532,70.72,4.58,0.659,0
16,189,3.797,71.57,4.82,0.946,0
16,190,3.379,71.84,4.687,0.75,0
16,191,3.554,72.72,4.652,0.914,0
16,192,3.426,74.02,4.719,0.994,0
16,193,3.742,71.44,4.693,0.814,0
16,194,3.727,72.96,4.674,0.909,0
16,195,3.679,70.78,4.621,0.935,0
16,196,3.891,71.72,4.486,0.719,0
16,197,3.92,71.91,4.618,0.798,0
16,198,3.721,72.47,4.668,0.8,0
16,199,4.109,72.37,4.748,0.872,0
16,200,3.68,71.51,4.634,0.643,0
16,201,4.413,72.66,4.486,0.793,0
16,202,4.127,73.46,4.609,0.927,0
16,203,4.322,74.97,4.509,0.931,0
16,204,4.034,74.72,4.655,0.883,0
16,205,4.196,70.36,4.419,0.608,0
16,206,4.162,72.86,4.668,0.606,0
16,207,4.32,72.28,4.524,0.688,0
16,208,4.152,73.37,4.463,0.748,0
16,209,4.381,75.25,4.387,0.903,0
16,210,4.835,72.2,4.355,0.617,0
16,211,4.586,75.38,4.407,0.884,0
16,212,4.57,73.8,4.567,0.744,0
16,213,4.528,74.27,4.344,0.62,0
16,214,4.556,73.81,4.274,0.625,0
16,215,4.803,73.02,4.182,0.8,1
16,216,2.366,65.09,5.17,0.664,0
16,217,2.425,64.02,5.158,0.724,0
16,218,2.106,62.74,5.146,0.689,0
16,219,2.417,64.06,5.455,0.628,0
16,220,2.49,66.37,5.141,0.93,0
16,221,1.972,65.16,5.075,0.792,0
16,222,2.156,65.15,5.069,0.822,0
16,223,2.245,62.75,5.233,0.778,0
16,224,2.124,65.13,5.064,0.863,0
16,225,2.217,64.1,5.409,0.912,0
16,226,2.301,64.23,5.137,0.757,0
16,227,2.218,65.78,5.317,0.884,0
16,228,2.219,63.56,5.225,0.815,0
16,229,2.393,64.79,5.115,0.859,0
16,230,2.056,62.79,5.208,0.609,0
16,231,2.372,64.59,5.196,0.744,0
16,232,2.405,65.35,5.268,0.605,0
16,233,2.213,65.67,5.031,0.787,0
16,234,2.146,66.88,5.216,0.931,0
16,235,2.036,64.66,5.121,0.801,0
16,236,2.537,64.63,5.205,0.827,0
16,237,2.347,62.75,5.407,0.61,0
16,238,1.886,66.56,5.198,0.95,0
16,239,2.442,64.01,5.065,0.844,0
16,240,2.321,65.57,5.139,0.972,0
16,241,4.678,65.23,5.11,0.656,0
16,242,2.191,62.92,5.484,0.621,0
16,243,2.332,66.32,5.067,0.973,0
16,244,2.294,66.03,5.222,0.949,0
16,245,2.083,63.67,5.064,0.624,0
16,246,2.189,65.24,5.234,0.651,0
16,247,2.473,63.78,5.271,0.647,0
16,248,2.44,64.3,5.277,0.698,0
16,249,2.17,65.18,5.217,0.76,0
16,250,2.251,64.38,5.172,0.821,0
16,251,2.6,63.56,5.404,0.731,0
16,252,2.204,66.12,5.109,0.764,0
16,253,2.613,67.42,5.268,0.871,0
16,254,2.045,65.73,5.18,0.908,0
16,255,2.101,66.09,5.133,0.88,0
16,256,2.229,65.87,5.213,0.985,0
16,257,2.429,66.17,5.19,0.709,0
16,258,2.014,65.08,5.17,0.889,0
16,259,2.439,64.63,5.294,0.69,0
16,260,1.968,65.94,5.006,0.816,0
16,261,2.2,64.9,5.355,0.679,0
16,262,2.029,65.69,5.15,0.88,0
16,263,2.323,63.86,5.185,0.632,0
16,264,2.379,65.59,5.186,0.768,0
16,265,2.32,65.91,5.065,0.926,0
16,266,2.307,67.18,5.268,0.785,0
16,267,2.634,68.3,4.97,0.845,0
16,268,2.191,66.29,5.113,0.678,0
16,269,2.522,67.62,5.052,0.872,0
16,270,2.588,65.08,5.084,0.714,0
16,271,2.302,65.44,5.045,0.854,0
16,272,2.579,68.72,5.169,0.969,0
16,273,2.197,65.5,5.089,0.766,0
16,274,2.796,68.29,5.276,0.891,0
16,275,2.173,66.73,5.133,0.738,0
16,276,2.523,65.87,5.052,0.844,0
16,277,2.591,65.06,5.046,0.677,0
16,278,2.796,66.95,5.075,0.838,0
16,279,2.293,69.4,4.937,0.999,0
16,280,2.374,64.4,5.121,0.775,0
16,281,2.383,67.1,4.983,0.778,0
16,282,2.62,65.77,4.977,0.774,0
16,283,2.665,69.08,5.119,0.988,0
16,284,2.481,68.02,5.303,0.807,0
16,285,2.33,66.49,5.054,0.869,0
16,286,2.819,68.57,5.094,0.945,0
16,287,2.588,66.65,5.09,0.863,0
16,288,2.38,66.05,5.134,0.702,0
16,289,2.437,65.96,5.029,0.658,0
16,290,2.354,66.25,4.945,0.706,0
16,291,2.57,68.82,4.918,0.976,0
16,292,2.812,67.58,5.036,0.966,0
16,293,2.737,70.11,4.93,0.942,0
16,294,2.478,66.93,4.973,0.612,0
16,295,2.366,67.2,5.033,0.633,0
16,296,2.682,69.73,5.017,0.914,0
16,297,2.679,68.1,4.826,0.965,0
16,298,2.925,69.02,4.864,0.859,0
16,299,2.682,67.53,4.913,0.947,0
16,300,2.744,66.79,4.838,0.84,0
16,301,2.868,65.47,4.903,0.608,0
16,302,2.786,68.98,4.918,0.878,0
16,303,2.936,69.56,4.851,0.787,0
16,304,2.999,68.21,4.934,0.743,0
16,305,2.803,68.07,5.043,0.738,0
16,306,2.988,69.1,4.931,0.813,0
16,307,2.772,69.21,4.863,0.867,0
16,308,3.134,69.14,4.847,0.84,0
16,309,2.825,70.17,4.667,0.886,0
16,310,3.019,69.61,4.769,0.674,0
16,311,3.343,70.15,4.936,0.92,0
16,312,3.061,69.91,4.813,0.662,0
16,313,2.932,69.09,4.798,0.719,0
16,314,3.279,70.45,4.983,0.819,0
16,315,3.263,69.97,4.8,0.786,0
16,316,3.112,69.52,4.843,0.81,0
16,317,2.998,67.39,4.867,0.722,0
16,318,3.196,68.72,4.795,0.724,0
16,319,3.134,69.01,4.699,0.685,0
16,320,3.357,70.15,4.488,0.826,0
16,321,3.024,68.87,4.768,0.903,0
16,322,3.237,69.44,4.674,0.775,0
16,323,3.443,69.53,4.732,0.652,0
16,324,3.302,70.73,4.734,0.73,0
16,325,3.456,69.04,4.765,0.844,0
16,326,5.026,68.92,4.655,0.78,0
16,327,3.541,72.22,4.616,0.734,0
16,328,3.609,71.17,4.747,0.944,0
16,329,3.781,68.66,4.763,0.683,0
16,330,3.411,68.45,4.592,0.619,0
16,331,3.714,69.78,4.66,0.661,0
16,332,3.486,72.46,4.761,0.774,0
16,333,3.787,69.32,4.68,0.794,0
16,334,3.589,70.13,4.762,0.676,0
16,335,3.568,72.05,4.66,0.6,0
16,336,3.956,71.7,4.59,0.908,0
16,337,3.996,72.38,4.542,0.981,0
16,338,3.822,72.56,4.493,0.823,0
16,339,4.232,74.97,4.729,0.869,0
16,340,4.35,73.95,4.613,0.927,0
16,341,4.372,73.33,4.542,0.912,0
16,342,3.858,72.15,4.445,0.719,0
16,343,4.121,71.66,4.699,0.797,0
16,344,3.987,72.8,4.456,0.965,0
16,345,4.018,73.77,4.57,0.929,0
16,346,4.273,72.08,4.752,0.659,0
16,347,4.374,72.33,4.336,0.601,0
16,348,4.382,74.47,4.443,0.935,0
16,349,4.293,74.04,4.55,0.736,0
16,350,4.732,75.03,4.42,0.938,0
16,351,4.473,74.04,4.422,0.755,0
16,352,4.436,74.47,4.423,0.827,0
16,353,4.553,72.27,4.457,0.679,0
16,354,4.626,73.96,4.502,0.669,0
16,355,4.551,76.33,4.521,0.915,0
16,356,4.517,76.89,4.297,1.0,1
16,357,2.175,63.99,5.136,0.862,0
16,358,2.223,63.45,5.084,0.658,0
16,359,2.378,65.75,5.396,0.72,0
16,360,2.359,64.95,5.328,0.899,0
16,361,2.192,65.04,5.319,0.87,0
16,362,2.032,65.53,5.301,0.944,0
16,363,2.477,64.46,5.246,0.861,0
16,364,2.266,63.21,5.284,0.731,0
17,0,2.461,65.98,4.681,0.65,0
17,1,2.526,66.23,4.69,0.835,0
17,2,2.423,68.77,4.82,0.934,0
17,3,2.507,65.53,5.006,0.723,0
17,4,2.35,65.7,4.71,0.641,0
17,5,2.787,68.23,4.727,0.948,0
17,6,2.463,68.63,4.805,0.697,0
17,7,2.243,66.28,4.693,0.746,0
17,8,2.637,69.15,4.694,0.984,0
17,9,2.779,67.92,4.764,0.805,0
17,10,2.782,66.1,4.807,0.67,0
17,11,2.686,65.94,4.675,0.672,0
17,12,2.663,68.21,4.76,0.697,0
17,13,2.591,67.85,4.458,0.825,0
17,14,2.644,68.1,4.786,0.954,0
17,15,2.638,69.1,4.762,0.848,0
17,16,2.622,68.74,4.677,0.99,0
17,17,2.837,68.98,4.693,0.954,0
17,18,2.83,66.01,4.796,0.6,0
17,19,2.861,68.34,4.723,0.831,0
17,20,2.527,67.62,4.757,0.845,0
17,21,2.626,67.61,4.687,0.835,0
17,22,2.643,69.03,4.687,0.949,0
17,23,2.41,68.69,4.633,0.991,0
17,24,2.752,67.79,4.621,0.669,0
17,25,2.989,66.36,4.712,0.787,0
17,26,2.623,67.06,4.697,0.609,0
17,27,2.895,69.97,4.664,0.717,0
17,28,2.767,68.99,4.756,0.611,0
17,29,2.758,68.38,4.665,0.875,0
17,30,2.632,69.41,4.851,0.8,0
17,31,2.88,68.29,4.669,0.725,0
17,32,2.941,67.64,4.615,0.738,0
17,33,2.915,67.29,4.623,0.685,0
17,34,2.699,68.56,4.567,0.875,0
17,35,2.686,69.44,4.717,0.737,0
17,36,3.043,68.94,4.64,0.764,0
17,37,2.804,68.07,4.734,0.91,0
17,38,3.023,69.02,4.517,0.954,0
17,39,3.025,67.2,4.66,0.71,0
17,40,2.88,69.0,4.55,0.776,0
17,41,3.175,66.68,4.489,0.838,0
17,42,3.046,69.17,4.599,0.856,0
17,43,3.072,70.19,4.494,0.892,0
17,44,3.149,69.56,4.456,0.679,0
17,45,3.29,69.27,4.557,0.824,0
17,46,3.361,69.11,4.483,0.66,0
17,47,3.513,68.1,4.604,0.636,0
17,48,3.011,70.2,4.588,0.976,0
17,49,3.195,70.44,4.397,0.919,0
17,50,3.165,69.47,4.643,0.799,0
17,51,3.267,70.51,4.833,0.642,0
17,52,3.274,73.15,4.582,0.979,0
17,53,3.311,67.32,4.516,0.835,0
17,54,3.328,67.16,4.436,0.669,0
17,55,3.361,72.06,4.452,0.737,0
17,56,3.222,71.43,4.556,0.779,0
17,57,5.414,71.15,4.396,0.754,0
17,58,3.353,69.98,4.527,0.775,0
17,59,3.465,70.93,4.473,0.842,0
17,60,3.053,69.66,4.498,0.881,0
17,61,3.409,70.94,4.565,0.891,0
17,62,3.318,72.5,4.434,0.926,0
17,63,3.26,70.72,4.276,0.826,0
17,64,3.702,70.06,4.572,0.615,0
17,65,3.543,68.95,4.469,0.757,0
17,66,3.354,71.25,4.554,0.913,0
17,67,3.831,71.79,4.529,0.827,0
17,68,3.74,69.38,4.339,0.615,0
17,69,3.491,70.79,4.399,0.681,0
17,70,3.853,70.87,4.27,0.866,0
17,71,3.657,72.66,4.281,0.898,0
17,72,3.696,69.7,4.545,0.648,0
17,73,3.883,70.43,4.35,0.744,0
17,74,3.778,70.5,4.495,0.688,0
17,75,3.8,72.82,4.379,0.741,0
17,76,3.982,72.64,4.46,0.987,0
17,77,3.674,72.65,4.281,0.794,0
17,78,3.812,72.57,4.517,0.824,0
17,79,3.715,70.76,4.41,0.813,0
17,80,3.923,72.14,4.336,0.945,0
17,81,3.969,72.73,4.395,0.949,0
17,82,5.775,68.68,4.355,0.68,0
17,83,4.098,72.49,4.483,0.638,0
17,84,4.175,73.03,4.246,0.611,0
17,85,4.314,71.23,4.385,0.642,0
17,86,4.1,72.58,4.234,0.656,0
17,87,4.183,72.43,4.301,0.76,0
17,88,4.106,72.61,4.286,0.943,0
17,89,4.095,74.65,4.406,0.956,0
17,90,4.225,72.27,4.229,0.821,0
17,91,4.236,72.73,4.371,0.757,0
17,92,4.326,74.21,4.095,0.894,0
17,93,4.128,74.0,4.404,0.759,0
17,94,4.188,73.99,4.503,0.714,0
17,95,4.553,71.88,4.144,0.615,0
17,96,4.331,73.14,4.296,0.672,0
17,97,4.227,74.37,4.152,0.884,0
17,98,4.454,73.32,4.389,0.653,0
17,99,4.691,74.39,4.171,0.712,0
17,100,4.569,72.69,4.287,0.655,0
17,101,4.553,73.13,4.098,0.833,0
17,102,4.744,73.05,4.085,0.649,0
17,103,4.632,74.62,4.115,0.672,1
17,104,2.328,63.5,5.039,0.77,0
17,105,2.28,62.26,5.053,0.709,0
17,106,2.249,64.82,5.006,0.849,0
17,107,2.202,64.37,5.114,0.782,0
17,108,2.169,66.27,4.899,0.846,0
17,109,2.218,62.79,5.043,0.741,0
17,110,2.167,64.57,5.089,0.997,0
17,111,2.349,64.4,4.97,0.884,0
17,112,2.112,65.7,5.092,0.841,0
17,113,2.01,65.51,5.062,0.822,0
17,114,2.366,61.55,5.019,0.934,0
17,115,2.245,64.57,4.793,0.869,0
17,116,2.223,64.51,5.048,0.927,0
17,117,2.041,66.16,5.056,0.931,0
17,118,2.197,61.91,4.978,0.705,0
17,119,2.078,62.26,4.879,0.709,0
17,120,2.19,62.55,4.888,0.675,0
17,121,2.125,63.08,4.93,0.726,0
17,122,2.31,62.07,5.123,0.622,0
17,123,2.115,66.45,5.095,0.74,0
17,124,2.147,63.96,4.993,0.753,0
17,125,2.224,64.8,4.971,0.953,0
17,126,2.35,64.06,4.95,0.907,0
17,127,2.152,63.77,5.197,0.601,0
17,128,2.145,63.53,5.109,0.987,0
17,129,2.234,63.78,5.096,0.622,0
17,130,2.336,64.37,4.924,0.682,0
17,131,2.064,65.43,5.016,0.953,0
17,132,2.072,64.53,4.962,0.666,0
17,133,2.11,64.65,4.885,0.899,0
17,134,2.129,61.23,4.928,0.69,0
17,135,2.004,63.67,4.971,0.652,0
17,136,2.347,62.86,4.984,0.687,0
17,137,1.991,64.71,5.016,0.896,0
17,138,2.418,62.31,5.043,0.622,0
17,139,2.209,63.94,4.728,0.731,0
17,140,2.037,63.02,5.027,0.616,0
17,141,2.123,64.18,5.0,0.762,0
17,142,2.039,63.95,4.857,0.678,0
17,143,2.037,63.61,5.128,0.795,0
17,144,2.302,64.73,5.015,0.901,0
17,145,2.171,63.16,5.026,0.622,0
17,146,2.206,64.96,4.96,0.809,0
17,147,2.043,63.78,4.896,0.731,0
17,148,2.339,65.0,4.861,0.628,0
17,149,2.384,64.07,5.032,0.932,0
17,150,1.973,64.69,4.904,0.761,0
17,151,2.282,62.35,4.959,0.662,0
17,152,2.39,64.05,5.007,0.888,0
17,153,1.937,64.63,5.0,0.754,0
17,154,2.204,65.43,5.11,0.783,0
17,155,2.382,64.54,4.986,0.863,0
17,156,2.31,65.55,4.888,0.916,0
17,157,2.305,66.24,5.058,0.932,0
17,158,2.451,66.47,4.925,0.962,0
17,159,2.111,64.05,5.046,0.666,0
17,160,2.139,66.17,4.962,0.75,0
17,161,2.461,66.43,4.972,0.904,0
17,162,2.305,63.47,4.885,0.87,0
17,163,1.957,63.35,4.945,0.715,0
17,164,2.123,63.83,4.897,0.651,0
17,165,2.256,65.61,5.03,0.778,0
17,166,2.325,63.58,4.931,0.685,0
17,167,2.485,64.33,4.889,0.797,0
17,168,2.274,64.05,4.863,0.963,0
17,169,2.217,63.59,4.981,0.74,0
17,170,2.267,65.29,5.066,0.904,0
17,171,2.218,65.71,5.082,0.861,0
17,172,2.201,66.24,4.964,0.848,0
17,173,2.221,65.69,4.996,0.937,0
17,174,2.085,65.46,4.886,0.649,0
17,175,2.305,64.36,4.864,0.946,0
17,176,2.464,67.69,4.952,0.92,0
17,177,2.183,63.36,4.951,0.845,0
17,178,2.302,66.7,4.878,0.958,0
17,179,2.459,66.76,4.994,0.956,0
17,180,2.539,64.41,4.747,0.869,0
17,181,2.418,66.09,4.853,0.845,0
17,182,2.183,64.42,5.077,0.703,0
17,183,2.376,64.75,4.923,0.821,0
17,184,2.561,63.35,4.743,0.666,0
17,185,2.343,66.22,4.813,0.855,0
17,186,2.229,65.24,5.066,0.713,0
17,187,2.252,66.04,4.496,0.952,0
17,188,2.342,65.66,4.829,0.991,0
17,189,2.098,66.15,4.929,0.738,0
17,190,2.374,66.51,5.051,0.883,0
17,191,2.361,68.21,5.038,0.96,0
17,192,2.285,66.5,4.923,0.734,0
17,193,2.367,63.05,4.927,0.604,0
17,194,2.465,65.75,4.773,0.66,0
17,195,2.487,66.61,4.883,0.74,0
17,196,2.038,65.9,4.925,0.718,0
17,197,2.538,68.09,4.743,0.861,0
17,198,2.53,65.43,4.78,0.841,0
17,199,2.501,65.05,4.912,0.662,0
17,200,2.456,66.34,5.001,0.652,0
17,201,2.396,68.35,4.942,0.949,0
17,202,2.259,65.46,4.904,0.757,0
17,203,2.396,66.76,4.963,0.915,0
17,204,2.47,66.33,4.928,0.957,0
17,205,2.46,66.18,4.671,0.855,0
17,206,2.485,67.41,4.736,0.95,0
17,207,2.486,68.62,4.831,0.952,0
17,208,2.681,70.0,4.674,0.943,0
17,209,2.525,67.82,4.69,0.786,0
17,210,2.3,64.2,4.794,0.67,0
17,211,2.492,65.43,4.831,0.795,0
17,212,2.646,66.57,4.77,0.808,0
17,213,2.517,65.8,4.831,0.647,0
17,214,2.426,67.08,4.792,0.714,0
17,215,2.725,68.54,4.673,0.92,0
17,216,2.531,66.33,4.821,0.644,0
17,217,2.848,67.24,4.692,0.995,0
17,218,2.321,66.46,4.735,0.666,0
17,219,2.657,67.08,4.64,0.69,0
17,220,2.664,67.89,4.915,0.798,0
17,221,2.55,65.42,4.703,0.661,0
17,222,2.593,67.36,4.651,0.839,0
17,223,2.696,67.25,4.685,0.728,0
17,224,2.522,69.11,4.906,0.993,0
17,225,2.769,68.99,4.652,0.962,0
17,226,2.645,69.56,4.848,0.917,0
17,227,2.726,68.75,4.908,0.84,0
17,228,2.693,67.79,4.863,0.777,0
17,229,2.615,66.84,4.678,0.981,0
17,230,2.555,66.61,4.563,0.669,0
17,231,2.76,67.56,4.564,0.798,0
17,232,2.759,66.27,4.762,0.686,0
17,233,2.789,68.89,4.608,0.828,0
17,234,2.829,69.31,4.753,0.937,0
17,235,2.85,68.35,4.67,0.727,0
17,236,2.803,68.67,4.509,0.942,0
17,237,2.687,70.78,4.522,0.998,0
17,238,2.911,68.71,4.635,0.989,0
17,239,2.675,68.01,4.63,0.82,0
17,240,2.692,69.39,4.789,0.905,0
17,241,2.589,67.89,4.576,0.815,0
17,242,3.146,68.72,4.787,0.986,0
17,243,2.948,70.85,4.559,0.983,0
17,244,3.168,67.89,4.748,0.648,0
17,245,2.942,66.2,4.659,0.698,0
17,246,3.104,67.96,4.531,0.824,0
17,247,3.094,69.09,4.719,0.867,0
17,248,3.239,68.87,4.644,0.644,0
17,249,2.852,70.55,4.449,0.863,0
17,250,2.812,69.84,4.597,0.627,0
17,251,3.061,68.75,4.425,0.616,0
17,252,3.002,70.41,4.611,0.893,0
17,253,3.005,67.72,4.604,0.619,0
17,254,3.024,68.81,4.561,0.736,0
17,255,3.122,69.56,4.647,0.733,0
17,256,3.048,69.68,4.553,0.905,0
17,257,3.158,68.66,4.564,0.704,0
17,258,2.982,71.62,4.492,0.926,0
17,259,3.213,69.03,4.488,0.818,0
17,260,2.865,69.49,4.584,0.844,0
17,261,3.405,69.16,4.461,0.833,0
17,262,3.346,70.43,4.617,0.768,0
17,263,3.572,68.86,4.446,0.613,0
17,264,3.286,72.23,4.459,0.865,0
17,265,3.453,69.08,4.568,0.791,0
17,266,3.198,71.25,4.405,0.934,0
17,267,3.482,72.33,4.601,0.925,0
17,268,3.589,70.11,4.424,0.777,0
17,269,3.462,68.71,4.538,0.71,0
17,270,3.506,69.23,4.458,0.71,0
17,271,3.669,70.25,4.535,0.828,0
17,272,3.544,70.51,4.469,0.703,0
17,273,3.45,70.43,4.308,0.88,0
17,274,3.756,71.93,4.225,0.956,0
17,275,3.697,71.57,4.591,0.702,0
17,276,3.716,71.11,4.472,0.696,0
17,277,3.92,72.98,4.376,0.879,0
17,278,6.571,71.12,4.45,0.747,0
17,279,3.733,73.79,4.511,0.933,0
17,280,3.577,70.77,4.402,0.882,0
17,281,3.437,70.4,4.367,0.798,0
17,282,3.92,70.46,4.373,0.701,0
17,283,3.618,72.64,4.387,0.842,0
17,284,3.662,71.87,4.271,0.754,0
17,285,3.537,70.12,4.416,0.645,0
17,286,3.743,71.95,4.267,0.814,0
17,287,3.718,72.86,4.394,0.977,0
17,288,3.706,71.99,4.277,0.735,0
17,289,3.917,73.97,4.382,0.924,0
17,290,3.984,73.83,4.356,0.8,0
17,291,3.93,73.94,4.574,0.993,0
17,292,3.889,70.81,4.156,0.643,0
17,293,4.404,72.83,4.359,0.851,0
17,294,4.036,72.64,4.145,0.741,0
17,295,4.232,74.45,4.575,0.904,0
17,296,4.111,72.02,4.31,0.723,0
17,297,4.373,72.09,4.352,0.605,0
17,298,4.08,75.81,4.218,0.977,0
17,299,4.137,75.26,4.387,0.985,0
17,300,4.042,72.98,4.089,0.749,0
17,301,4.429,74.57,4.276,0.634,0
17,302,4.588,73.8,4.19,0.916,0
17,303,4.463,72.86,4.202,0.648,0
17,304,4.16,72.99,4.183,0.665,0
17,305,4.643,75.9,4.107,0.925,0
17,306,4.41,76.18,4.219,0.847,0
17,307,4.655,74.8,4.246,0.752,0
17,308,4.528,72.52,4.241,0.716,0
17,309,4.784,75.95,4.175,0.916,0
17,310,4.57,73.83,4.175,0.916,0
17,311,4.551,73.61,4.125,0.618,0
17,312,4.737,75.17,4.142,0.845,1
17,313,2.357,64.83,4.842,0.862,0
17,314,2.32,65.91,4.953,0.99,0
17,315,3.543,64.99,5.066,0.837,0
17,316,2.207,65.56,5.114,0.691,0
17,317,2.256,64.4,5.061,0.831,0
17,318,2.163,66.16,4.917,0.81,0
17,319,2.266,64.06,4.899,0.738,0
17,320,2.251,64.72,4.931,0.877,0
17,321,2.158,63.66,4.869,0.659,0
17,322,2.153,65.56,4.906,0.729,0
17,323,2.232,65.42,4.657,0.798,0
17,324,2.186,65.8,4.997,0.867,0
17,325,2.237,64.98,5.083,0.868,0
17,326,2.209,65.57,4.949,0.741,0
17,327,2.325,65.3,4.948,0.942,0
17,328,2.203,64.54,4.886,0.648,0
17,329,2.364,65.13,4.98,0.71,0
17,330,2.31,65.81,5.085,0.956,0
17,331,2.238,64.14,4.873,0.905,0
17,332,5.037,65.83,5.034,0.701,0
17,333,2.375,65.04,4.784,0.768,0
17,334,1.969,64.54,4.96,0.984,0
17,335,2.176,66.38,5.035,0.941,0
17,336,2.421,64.59,4.756,0.798,0
17,337,2.169,66.59,4.827,0.935,0
17,338,2.176,64.64,4.771,0.793,0
17,339,2.254,65.91,4.968,0.796,0
17,340,2.152,64.38,4.844,0.698,0
17,341,2.344,66.64,4.913,0.926,0
17,342,2.293,66.65,4.745,0.957,0
17,343,2.429,67.43,4.892,0.996,0
17,344,2.123,68.42,4.731,0.969,0
17,345,2.389,65.59,4.817,0.73,0
17,346,2.624,65.23,4.794,0.622,0
17,347,2.443,68.14,4.721,0.608,0
17,348,2.331,66.82,4.819,0.971,0
17,349,2.547,65.56,4.81,0.881,0
17,350,2.923,67.09,4.76,0.761,0
17,351,2.637,66.56,4.718,0.832,0
17,352,2.496,65.72,4.767,0.623,0
17,353,2.512,69.14,4.98,0.968,0
17,354,2.332,66.67,4.837,0.888,0
17,355,2.305,68.16,4.821,0.895,0
17,356,2.804,69.85,4.636,0.814,0
17,357,2.705,66.5,4.825,0.683,0
17,358,2.738,68.21,4.743,0.99,0
17,359,2.908,68.06,4.675,0.924,0
17,360,2.664,68.85,4.502,0.955,0
17,361,2.943,68.71,4.645,0.886,0
17,362,2.93,67.51,4.606,0.955,0
17,363,3.074,68.68,4.649,0.788,0
17,364,3.15,70.62,4.562,0.755,0
18,0,2.382,67.48,4.663,0.775,0
18,1,2.472,69.32,4.633,0.872,0
18,2,2.268,67.33,4.684,0.901,0
18,3,2.584,68.89,4.871,0.832,0
18,4,2.381,65.1,4.892,0.606,0
18,5,2.418,69.2,4.681,0.723,0
18,6,2.592,68.42,4.651,0.76,0
18,7,2.237,68.74,4.639,0.786,0
18,8,2.386,67.53,4.381,0.628,0
18,9,2.308,66.96,4.562,0.663,0
18,10,2.533,68.29,4.661,0.767,0
18,11,2.344,67.75,4.799,0.603,0
18,12,2.412,66.62,4.722,0.693,0
18,13,2.213,66.04,4.746,0.659,0
18,14,2.249,68.44,4.757,0.7,0
18,15,2.108,70.45,4.664,0.902,0
18,16,2.544,70.26,4.678,0.915,0
18,17,2.444,69.08,4.602,0.924,0
18,18,2.529,69.37,4.806,0.795,0
18,19,2.428,67.67,4.777,0.815,0
18,20,2.228,70.67,4.673,0.759,0
18,21,2.552,68.03,4.724,0.673,0
18,22,2.484,68.34,4.692,0.725,0
18,23,2.452,70.59,4.509,0.895,0
18,24,2.386,68.22,4.801,0.651,0
18,25,2.555,70.81,4.912,1.0,0
18,26,2.78,70.04,4.637,0.83,0
18,27,2.543,68.06,4.668,0.757,0
18,28,2.815,68.85,4.653,0.704,0
18,29,2.379,68.11,4.505,0.66,0
18,30,2.675,68.47,4.55,0.735,0
18,31,2.693,69.01,4.666,0.718,0
18,32,2.686,70.21,4.672,0.883,0
18,33,2.469,68.98,4.455,0.676,0
18,34,2.547,68.66,4.607,0.699,0
18,35,2.585,71.3,4.663,0.944,0
18,36,2.509,69.72,4.534,0.783,0
18,37,2.633,69.61,4.829,0.786,0
18,38,2.469,69.04,4.495,0.898,0
18,39,2.613,68.51,4.707,0.683,0
18,40,2.508,68.96,4.606,0.847,0
18,41,2.652,69.02,4.712,0.732,0
18,42,2.631,72.2,4.422,0.816,0
18,43,2.841,70.82,4.644,0.897,0
18,44,2.529,69.42,4.454,0.826,0
18,45,2.618,70.33,4.633,0.698,0
18,46,2.42,69.34,4.551,0.936,0
18,47,2.447,69.06,4.726,0.771,0
18,48,2.929,68.83,4.628,0.643,0
18,49,2.851,71.87,4.544,0.993,0
18,50,2.657,70.51,4.455,0.812,0
18,51,2.635,68.83,4.516,0.628,0
18,52,2.667,72.68,4.647,0.955,0
18,53,2.799,70.34,4.638,0.716,0
18,54,3.124,72.11,4.558,0.889,0
18,55,2.574,70.11,4.536,0.783,0
18,56,3.008,70.4,4.555,0.739,0
18,57,2.977,70.05,4.542,0.998,0
18,58,2.981,72.88,4.66,0.919,0
18,59,2.848,70.96,4.563,0.86,0
18,60,2.825,72.19,4.473,0.91,0
18,61,2.896,72.09,4.641,0.889,0
18,62,3.089,71.29,4.627,0.752,0
18,63,2.815,71.63,4.755,0.772,0
18,64,2.926,73.36,4.515,0.742,0
18,65,2.734,69.84,4.439,0.762,0
18,66,3.199,71.36,4.584,0.818,0
18,67,2.999,73.64,4.45,0.927,0
18,68,3.24,71.04,4.653,0.925,0
18,69,3.01,70.22,4.395,0.683,0
18,70,3.173,70.34,4.443,0.613,0
18,71,3.208,73.48,4.481,0.955,0
18,72,3.114,69.88,4.396,0.662,0
18,73,2.922,69.94,4.433,0.685,0
18,74,3.006,70.64,4.396,0.745,0
18,75,3.006,69.83,4.412,0.723,0
18,76,3.123,70.86,4.487,0.765,0
18,77,3.094,74.1,4.602,0.961,0
18,78,2.98,72.2,4.481,0.837,0
18,79,3.099,71.59,4.276,0.92,0
18,80,3.311,72.93,4.543,0.998,0
18,81,3.265,73.95,4.413,0.789,0
18,82,3.179,71.14,4.522,0.967,0
18,83,3.375,72.21,4.527,0.616,0
18,84,3.466,73.66,4.478,0.95,0
18,85,3.286,72.24,4.515,0.767,0
18,86,3.692,71.51,4.304,0.626,0
18,87,3.409,72.49,4.258,0.801,0
18,88,3.314,74.98,4.352,0.888,0
18,89,3.532,72.31,4.378,0.69,0
18,90,3.233,72.75,4.488,0.893,0
18,91,3.667,72.98,4.365,0.978,0
18,92,3.537,74.59,4.248,0.844,0
18,93,3.239,74.27,4.344,0.912,0
18,94,3.419,72.68,4.547,0.917,0
18,95,3.391,71.05,4.293,0.727,0
18,96,5.963,75.0,4.365,0.987,0
18,97,3.486,73.12,4.358,0.908,0
18,98,3.406,72.2,4.326,0.672,0
18,99,3.799,72.7,4.325,0.737,0
18,100,3.807,72.59,4.184,0.863,0
18,101,3.65,72.83,4.345,0.759,0
18,102,3.729,75.36,4.254,0.841,0
18,103,3.806,74.55,4.308,0.759,0
18,104,3.979,74.62,4.375,0.765,0
18,105,3.533,74.8,4.174,0.841,0
18,106,3.885,73.97,4.346,0.649,0
18,107,3.962,72.22,4.212,0.604,0
18,108,3.906,73.31,4.313,0.77,0
18,109,3.651,75.21,4.079,0.96,0
18,110,3.986,75.53,4.164,0.9,0
18,111,5.587,74.24,4.229,1.0,0
18,112,4.013,74.63,4.154,0.927,0
18,113,3.979,78.24,4.151,0.972,0
18,114,3.855,73.61,4.276,0.831,0
18,115,3.863,74.9,4.289,0.896,0
18,116,4.087,73.29,4.197,0.726,0
18,117,5.613,73.45,4.27,0.715,0
18,118,4.081,73.51,4.289,0.639,0
18,119,4.124,73.97,4.221,0.715,0
18,120,3.888,74.87,4.075,0.833,0
18,121,4.106,75.25,4.321,0.702,0
18,122,4.231,74.35,4.21,0.617,0
18,123,4.224,73.88,3.986,0.764,0
18,124,4.269,76.35,4.054,0.863,0
18,125,4.144,74.72,4.308,0.803,0
18,126,4.165,77.37,4.112,0.665,0
18,127,4.072,76.48,4.125,0.804,0
18,128,4.449,76.92,4.124,0.824,0
18,129,4.412,74.61,4.022,0.862,0
18,130,4.319,74.94,4.185,0.713,0
18,131,4.356,77.53,4.136,0.997,0
18,132,4.618,76.88,4.131,0.728,0
18,133,4.302,75.69,4.219,0.933,0
18,134,4.341,76.77,4.254,0.819,0
18,135,4.759,74.01,4.174,0.639,0
18,136,4.414,76.74,4.004,0.727,0
18,137,4.822,77.1,4.192,0.755,1
18,138,2.062,67.31,4.877,0.611,0
18,139,2.156,66.53,4.947,0.819,0
18,140,2.02,65.31,4.873,0.656,0
18,141,2.04,66.25,5.032,0.751,0
18,142,2.215,67.62,4.791,0.759,0
18,143,2.099,65.65,4.743,0.723,0
18,144,1.797,65.32,5.048,0.768,0
18,145,1.884,65.5,5.009,0.705,0
18,146,1.922,66.96,4.839,0.817,0
18,147,2.041,65.62,4.766,0.683,0
18,148,2.138,65.33,4.966,0.647,0
18,149,2.206,65.22,5.101,0.696,0
18,150,2.024,68.3,4.857,0.982,0
18,151,2.047,66.46,4.829,0.773,0
18,152,1.999,67.0,4.754,0.676,0
18,153,1.985,66.06,4.784,0.671,0
18,154,2.128,67.17,4.887,0.869,0
18,155,2.099,66.68,4.866,0.637,0
18,156,2.418,66.71,5.038,0.714,0
18,157,2.117,66.32,4.89,0.749,0
18,158,2.218,66.11,5.066,0.874,0
18,159,2.208,66.89,4.852,0.878,0
18,160,2.099,66.8,5.041,0.903,0
18,161,2.085,65.57,5.03,0.757,0
18,162,2.116,66.12,4.787,0.944,0
18,163,2.059,66.65,4.991,0.958,0
18,164,2.069,66.88,4.937,0.853,0
18,165,2.135,67.02,5.048,0.762,0
18,166,2.142,66.43,5.003,0.655,0
18,167,2.058,67.86,4.91,0.82,0
18,168,1.945,66.58,4.749,0.761,0
18,169,2.071,65.85,4.887,0.937,0
18,170,2.117,67.16,4.866,0.842,0
18,171,1.732,65.38,5.068,0.682,0
18,172,2.165,68.34,4.763,0.93,0
18,173,1.901,65.99,4.966,0.742,0
18,174,2.238,67.48,4.857,0.976,0
18,175,2.084,68.08,4.665,0.885,0
18,176,2.09,65.32,4.891,0.906,0
18,177,2.118,66.49,4.938,0.807,0
18,178,2.123,65.92,4.996,0.695,0
18,179,2.496,68.37,4.636,0.999,0
18,180,2.257,67.07,4.872,0.773,0
18,181,2.325,67.84,4.79,0.933,0
18,182,2.229,68.28,4.829,0.967,0
18,183,2.108,63.91,4.841,0.634,0
18,184,2.204,66.97,4.959,0.823,0
18,185,1.861,64.31,4.963,0.695,0
18,186,1.937,64.7,4.902,0.603,0
18,187,2.079,65.72,4.946,0.903,0
18,188,2.146,65.02,4.881,0.794,0
18,189,2.002,66.27,4.81,0.634,0
18,190,2.087,67.15,4.742,0.751,0
18,191,2.058,67.76,5.013,0.996,0
18,192,1.877,66.25,4.699,0.669,0
18,193,2.21,67.91,4.899,0.856,0
18,194,2.141,64.29,4.825,0.607,0
18,195,2.246,68.97,4.774,0.998,0
18,196,2.032,65.96,4.724,0.799,0
18,197,2.207,65.86,4.884,0.768,0
18,198,2.241,67.66,4.764,0.733,0
18,199,2.144,68.77,4.895,0.94,0
18,200,2.14,67.81,4.923,0.804,0
18,201,2.27,67.52,4.888,0.907,0
18,202,1.988,66.96,5.055,0.87,0
18,203,1.946,64.86,4.923,0.628,0
18,204,2.395,66.89,5.037,0.932,0
18,205,2.318,66.51,4.828,0.663,0
18,206,2.296,67.61,4.818,0.869,0
18,207,2.066,67.13,4.949,0.731,0
18,208,2.187,68.8,4.968,1.0,0
18,209,2.229,65.91,4.835,0.867,0
18,210,2.196,66.64,5.064,0.776,0
18,211,2.167,66.82,4.781,0.982,0
18,212,2.071,67.93,4.838,0.695,0
18,213,2.307,66.13,4.8,0.767,0
18,214,2.015,67.2,4.9,0.757,0
18,215,2.058,67.49,4.938,0.919,0
18,216,2.012,68.07,4.81,0.749,0
18,217,2.155,66.18,4.665,0.699,0
18,218,2.235,65.56,4.855,0.683,0
18,219,1.923,66.46,4.887,0.928,0
18,220,2.289,64.92,4.805,0.719,0
18,221,2.271,65.59,4.675,0.622,0
18,222,2.24,68.07,4.767,0.815,0
18,223,2.215,67.54,4.972,0.902,0
18,224,1.801,66.96,4.728,0.713,0
18,225,2.108,64.95,4.783,0.67,0
18,226,2.112,66.83,4.735,0.886,0
18,227,2.213,67.83,4.721,0.9,0
18,228,2.106,66.16,4.685,0.814,0
18,229,2.385,64.72,4.879,0.602,0
18,230,2.286,68.23,4.834,0.954,0
18,231,2.093,70.43,4.71,0.932,0
18,232,2.233,65.45,4.898,0.744,0
18,233,2.385,67.35,4.741,0.758,0
18,234,2.062,65.22,4.847,0.739,0
18,235,2.216,68.15,4.891,0.854,0
18,236,2.226,67.74,4.64,0.818,0
18,237,2.118,66.96,4.812,0.758,0
18,238,2.24,66.16,4.708,0.694,0
18,239,2.083,69.12,4.678,0.916,0
18,240,2.306,67.95,4.843,0.842,0
18,241,2.045,66.29,4.775,0.706,0
18,242,2.413,70.34,4.602,0.756,0
18,243,2.174,68.42,4.843,0.919,0
18,244,2.228,68.13,4.825,0.983,0
18,245,2.238,65.23,4.796,0.658,0
18,246,1.941,70.35,4.827,0.948,0
18,247,2.163,67.14,4.847,0.758,0
18,248,2.175,66.17,4.932,0.786,0
18,249,2.173,69.51,4.888,0.99,0
18,250,2.198,67.1,4.803,0.644,0
18,251,2.414,66.46,4.94,0.862,0
18,252,2.236,67.08,4.618,0.637,0
18,253,1.965,66.31,4.712,0.612,0
18,254,2.576,68.64,5.02,0.896,0
18,255,1.937,68.93,4.555,0.976,0
18,256,2.143,68.69,4.67,0.846,0
18,257,2.247,65.82,4.727,0.641,0
18,258,2.266,67.43,4.879,0.953,0
18,259,2.284,66.55,4.74,0.644,0
18,260,2.331,67.31,4.663,0.709,0
18,261,2.255,69.46,4.827,0.788,0
18,262,2.243,67.39,4.83,0.749,0
18,263,2.127,66.24,4.816,0.76,0
18,264,1.941,68.05,4.559,0.862,0
18,265,2.202,67.53,4.56,0.88,0
18,266,2.265,69.81,4.57,0.89,0
18,267,2.174,68.83,4.759,0.711,0
18,268,2.307,66.63,4.688,0.61,0
18,269,2.18,68.98,4.846,0.687,0
18,270,2.271,66.85,4.862,0.879,0
18,271,2.433,68.75,4.435,0.857,0
18,272,2.477,69.16,4.728,0.739,0
18,273,2.358,67.05,4.813,0.838,0
18,274,2.606,67.71,4.563,0.649,0
18,275,2.286,68.08,4.854,0.845,0
18,276,2.246,67.18,4.622,0.626,0
18,277,2.277,68.19,4.737,0.685,0
18,278,2.259,69.21,4.648,0.725,0
18,279,2.274,68.68,4.709,0.875,0
18,280,2.228,67.92,4.725,0.85,0
18,281,2.101,66.36,4.716,0.66,0
18,282,2.039,71.08,4.794,0.957,0
18,283,2.531,69.28,4.68,0.776,0
18,284,2.181,69.72,4.57,0.922,0
18,285,2.307,69.85,4.757,0.914,0
18,286,2.218,66.16,4.667,0.72,0
18,287,2.513,70.5,4.697,0.935,0
18,288,2.409,68.94,4.712,0.659,0
18,289,2.139,69.39,4.753,0.783,0
18,290,2.57,67.94,4.645,0.767,0
18,291,2.218,69.24,4.734,0.748,0
18,292,2.557,69.67,4.617,0.945,0
18,293,2.213,69.32,4.728,0.898,0
18,294,2.274,69.31,4.73,0.674,0
18,295,2.491,68.97,4.706,0.908,0
18,296,2.12,70.2,4.59,0.72,0
18,297,2.4,69.13,4.541,0.876,0
18,298,2.129,67.71,4.668,0.658,0
18,299,2.457,69.52,4.763,0.623,0
18,300,2.663,65.96,4.622,0.706,0
18,301,2.309,69.22,4.687,0.921,0
18,302,2.363,70.78,4.604,0.996,0
18,303,2.665,68.2,4.8,0.94,0
18,304,2.431,67.94,4.499,0.703,0
18,305,2.59,70.08,4.591,0.672,0
18,306,2.354,69.78,4.737,0.817,0
18,307,2.292,70.76,4.551,0.894,0
18,308,2.811,69.79,4.574,0.942,0
18,309,2.726,70.02,4.668,0.682,0
18,310,2.497,67.5,4.449,0.763,0
18,311,2.658,68.47,4.516,0.645,0
18,312,2.515,71.5,4.396,0.771,0
18,313,2.582,68.42,4.466,0.647,0
18,314,2.52,70.27,4.742,0.916,0
18,315,2.809,69.06,4.539,0.606,0
18,316,2.656,69.22,4.649,0.76,0
18,317,2.662,69.48,4.524,0.717,0
18,318,2.575,71.35,4.457,0.821,0
18,319,2.564,69.32,4.555,0.785,0
18,320,3.761,68.36,4.634,0.715,0
18,321,2.595,70.43,4.609,0.972,0
18,322,2.367,71.45,4.565,0.843,0
18,323,4.414,71.23,4.703,0.857,0
18,324,2.596,70.62,4.48,0.832,0
18,325,2.657,67.63,4.597,0.697,0
18,326,2.785,69.47,4.58,0.885,0
18,327,2.797,69.95,4.627,0.795,0
18,328,2.829,71.68,4.518,0.952,0
18,329,2.662,68.85,4.727,0.757,0
18,330,2.676,69.27,4.579,0.886,0
18,331,2.609,68.93,4.661,0.709,0
18,332,2.776,70.06,4.571,0.699,0
18,333,2.803,69.71,4.626,0.802,0
18,334,2.696,68.91,4.428,0.761,0
18,335,2.747,69.14,4.671,0.685,0
18,336,2.568,71.71,4.627,0.946,0
18,337,2.686,69.18,4.534,0.768,0
18,338,2.797,70.49,4.539,0.929,0
18,339,2.844,71.11,4.665,0.838,0
18,340,2.564,69.79,4.676,0.657,0
18,341,2.766,71.56,4.716,0.887,0
18,342,2.955,69.41,4.502,0.784,0
18,343,2.677,69.39,4.528,0.703,0
18,344,2.872,70.5,4.48,0.852,0
18,345,2.981,72.8,4.572,0.773,0
18,346,2.824,71.59,4.631,0.627,0
18,347,2.669,69.42,4.519,0.799,0
18,348,3.577,72.64,4.435,0.933,0
18,349,2.808,70.91,4.683,0.782,0
18,350,2.785,72.35,4.487,0.723,0
18,351,2.665,70.2,4.628,0.671,0
18,352,2.838,68.81,4.532,0.657,0
18,353,2.808,69.04,4.538,0.601,0
18,354,2.994,73.11,4.537,0.747,0
18,355,2.697,69.47,4.666,0.629,0
18,356,2.83,70.08,4.358,0.73,0
18,357,2.962,72.82,4.543,0.968,0
18,358,3.056,70.73,4.457,0.916,0
18,359,3.194,70.5,4.513,0.605,0
18,360,3.069,70.13,4.712,0.853,0
18,361,2.937,71.64,4.484,0.966,0
18,362,3.083,68.71,4.679,0.662,0
18,363,2.864,68.89,4.45,0.664,0
18,364,3.069,72.81,4.35,0.984,0
19,0,2.295,57.76,4.68,0.61,0
19,1,2.149,59.19,4.699,0.714,0
19,2,2.408,59.24,4.464,0.693,0
19,3,2.198,59.92,4.45,0.601,0
19,4,2.424,59.4,4.68,0.946,0
19,5,2.572,60.05,4.508,0.889,0
19,6,2.386,60.33,4.637,0.893,0
19,7,2.761,60.59,4.556,0.926,0
19,8,2.171,58.05,4.625,0.627,0
19,9,2.367,62.78,4.647,0.943,0
19,10,2.36,59.17,4.431,0.782,0
19,11,2.254,60.32,4.539,0.697,0
19,12,2.537,58.47,4.397,0.853,0
19,13,2.429,61.64,4.597,0.932,0
19,14,2.171,60.78,4.755,0.889,0
19,15,2.58,60.79,4.56,0.817,0
19,16,2.484,61.41,4.537,0.747,0
19,17,2.558,60.08,4.565,0.657,0
19,18,2.661,61.36,4.54,0.898,0
19,19,2.562,63.48,4.606,0.911,0
19,20,2.396,60.61,4.554,0.729,0
19,21,2.812,58.77,4.51,0.647,0
19,22,2.597,60.89,4.433,0.884,0
19,23,2.606,59.26,4.432,0.739,0
19,24,2.638,60.13,4.455,0.734,0
19,25,2.608,61.69,4.689,0.877,0
19,26,2.64,60.01,4.463,0.822,0
19,27,2.895,60.57,4.627,0.847,0
19,28,2.512,60.05,4.413,0.72,0
19,29,2.816,61.14,4.476,0.685,0
19,30,2.705,60.46,4.502,0.623,0
19,31,2.492,63.74,4.575,0.914,0
19,32,2.927,62.63,4.648,0.738,0
19,33,2.643,59.66,4.516,0.802,0
19,34,2.837,60.88,4.403,0.779,0
19,35,2.979,60.95,4.519,0.821,0
19,36,2.782,63.06,4.478,0.844,0
19,37,3.097,62.96,4.47,0.994,0
19,38,2.757,63.65,4.482,0.722,0
19,39,2.858,62.17,4.569,0.996,0
19,40,3.092,61.35,4.566,0.634,0
19,41,3.264,60.29,4.374,0.63,0
19,42,2.7,61.69,4.587,0.651,0
19,43,2.905,61.11,4.308,0.696,0
19,44,3.115,61.35,4.324,0.613,0
19,45,3.114,62.18,4.313,0.894,0
19,46,2.938,61.85,4.609,0.668,0
19,47,2.929,62.18,4.253,0.666,0
19,48,3.203,62.55,4.297,0.953,0
19,49,3.122,62.55,4.169,0.718,0
19,50,3.052,62.93,4.528,0.79,0
19,51,3.189,61.45,4.454,0.6,0
19,52,3.163,61.14,4.489,0.903,0
19,53,3.231,63.31,4.346,0.898,0
19,54,3.265,63.43,4.213,0.885,0
19,55,3.17,60.96,4.227,0.601,0
19,56,3.371,63.4,4.261,0.953,0
19,57,3.186,63.87,4.371,0.991,0
19,58,3.271,62.59,4.521,0.861,0
19,59,3.275,62.36,4.191,0.945,0
19,60,3.273,62.29,4.351,0.752,0
19,61,3.379,59.51,4.125,0.608,0
19,62,3.562,60.05,4.195,0.641,0
19,63,3.423,61.89,4.279,0.815,0
19,64,3.125,62.85,4.405,0.684,0
19,65,3.613,62.71,4.267,0.857,0
19,66,3.426,63.42,4.228,0.806,0
19,67,3.517,66.08,4.288,0.96,0
19,68,3.508,63.25,4.36,0.848,0
19,69,3.598,66.27,4.155,0.929,0
19,70,3.458,62.7,4.08,0.657,0
19,71,3.51,64.58,4.214,0.901,0
19,72,3.688,64.55,4.18,0.95,0
19,73,3.593,64.94,4.296,0.837,0
19,74,3.344,66.13,4.354,0.891,0
19,75,3.805,64.42,4.203,0.63,0
19,76,3.545,63.9,4.333,0.748,0
19,77,3.539,64.44,4.147,0.723,0
19,78,3.638,66.44,4.148,0.92,0
19,79,3.715,63.08,4.243,0.66,0
19,80,3.794,63.93,4.187,0.62,0
19,81,3.625,63.09,4.109,0.647,0
19,82,3.612,66.07,4.131,0.767,0
19,83,3.701,63.27,3.936,0.674,0
19,84,3.746,65.79,4.198,0.997,0
19,85,4.109,63.07,3.998,0.774,0
19,86,3.78,64.62,4.19,0.979,0
19,87,3.993,64.35,3.968,0.631,0
19,88,3.893,66.65,4.226,0.793,0
19,89,3.766,64.49,3.961,0.677,0
19,90,3.86,66.51,4.153,0.962,0
19,91,3.834,63.97,3.946,0.715,0
19,92,4.048,63.34,4.218,0.867,0
19,93,3.957,65.6,4.019,0.875,0
19,94,3.734,63.79,4.154,0.766,0
19,95,4.213,64.3,4.167,0.824,0
19,96,4.281,65.21,4.055,0.816,0
19,97,4.04,65.54,4.196,0.859,0
19,98,4.33,66.56,4.053,0.895,0
19,99,4.454,66.67,4.048,0.829,0
19,100,4.31,69.6,4.127,0.963,0
19,101,4.42,65.44,4.021,0.68,0
19,102,4.542,64.25,3.996,0.778,0
19,103,4.59,65.01,4.187,0.784,0
19,104,4.553,65.04,4.105,0.87,0
19,105,4.177,66.99,3.951,0.943,1
19,106,1.896,55.08,4.815,0.677,0
19,107,1.765,57.01,4.911,0.761,0
19,108,1.811,55.25,4.95,0.685,0
19,109,2.222,57.05,4.993,0.784,0
19,110,1.951,53.89,5.067,0.615,0
19,111,2.075,54.61,4.65,0.652,0
19,112,1.794,56.49,4.779,0.851,0
19,113,2.032,54.39,4.768,0.628,0
19,114,2.031,56.01,4.825,0.624,0
19,115,1.955,57.91,4.846,0.797,0
19,116,1.801,54.77,4.906,0.719,0
19,117,1.717,56.52,4.841,0.736,0
19,118,1.878,55.01,4.763,0.858,0
19,119,1.963,56.65,4.835,0.883,0
19,120,1.825,56.73,4.927,0.905,0
19,121,1.815,56.98,4.866,0.907,0
19,122,1.858,57.52,4.814,0.986,0
19,123,2.122,57.67,4.788,0.892,0
19,124,1.927,57.07,4.896,0.852,0
19,125,1.864,57.04,4.822,0.995,0
19,126,2.146,57.59,4.799,0.984,0
19,127,1.712,57.77,4.977,0.991,0
19,128,1.945,54.75,4.741,0.727,0
19,129,2.131,57.08,4.821,0.641,0
19,130,1.703,55.05,4.845,0.689,0
19,131,2.002,56.3,4.747,0.77,0
19,132,1.752,54.72,4.78,0.689,0
19,133,2.109,54.3,4.95,0.696,0
19,134,2.159,57.32,4.804,0.802,0
19,135,1.736,55.61,4.909,0.874,0
19,136,1.903,57.76,4.704,0.96,0
19,137,1.717,57.86,4.812,0.857,0
19,138,1.764,55.68,4.832,0.92,0
19,139,1.742,53.61,4.996,0.629,0
19,140,1.929,55.05,4.887,0.643,0
19,141,1.913,54.34,4.917,0.782,0
19,142,1.953,56.44,4.759,0.872,0
19,143,1.714,55.63,4.752,0.655,0
19,144,1.714,56.2,4.762,0.851,0
19,145,1.961,54.9,4.895,0.671,0
19,146,1.786,58.91,4.999,0.908,0
19,147,2.121,57.35,4.872,0.803,0
19,148,1.967,56.75,4.961,0.875,0
19,149,1.877,56.6,4.845,0.756,0
19,150,1.747,53.78,4.943,0.681,0
19,151,1.945,54.08,5.131,0.652,0
19,152,1.992,58.26,4.933,0.964,0
19,153,1.966,57.06,4.894,0.71,0
19,154,1.878,55.91,4.765,0.933,0
19,155,1.762,55.37,4.989,0.768,0
19,156,1.801,55.72,4.836,0.883,0
19,157,1.482,56.58,4.817,0.866,0
19,158,1.919,59.03,4.794,0.978,0
19,159,1.992,58.17,4.961,0.844,0
19,160,1.745,56.55,4.904,0.752,0
19,161,1.753,57.54,4.86,0.856,0
19,162,2.191,58.02,4.876,0.994,0
19,163,2.092,56.9,4.879,0.718,0
19,164,2.319,57.99,4.855,0.746,0
19,165,1.877,57.78,4.88,0.895,0
19,166,1.907,57.14,5.109,0.978,0
19,167,1.982,56.6,4.89,0.643,0
19,168,2.07,57.43,4.959,0.68,0
19,169,1.84,56.7,5.0,0.799,0
19,170,1.926,58.2,4.882,0.977,0
19,171,1.931,55.36,4.762,0.64,0
19,172,1.8,55.66,4.696,0.829,0
19,173,2.138,57.73,4.779,0.829,0
19,174,1.993,57.81,4.632,0.851,0
19,175,1.896,59.31,4.87,0.966,0
19,176,2.149,59.7,4.752,0.866,0
19,177,2.035,57.34,4.787,0.953,0
19,178,2.105,59.16,4.995,0.928,0
19,179,1.858,56.69,4.799,0.627,0
19,180,2.012,56.44,4.878,0.968,0
19,181,1.86,55.22,4.824,0.687,0
19,182,2.03,57.8,4.702,0.762,0
19,183,1.783,56.94,4.743,0.86,0
19,184,1.795,55.34,4.824,0.649,0
19,185,2.108,56.53,4.769,0.702,0
19,186,2.047,56.77,4.73,0.763,0
19,187,1.795,57.64,4.782,0.896,0
19,188,2.006,59.27,4.861,0.851,0
19,189,1.983,58.97,4.778,0.916,0
19,190,1.95,56.79,4.722,0.844,0
19,191,2.021,56.67,4.698,0.629,0
19,192,1.767,56.19,4.71,0.706,0
19,193,1.918,58.25,4.693,0.753,0
19,194,2.069,56.87,4.811,0.902,0
19,195,2.194,57.44,4.695,0.829,0
19,196,1.926,55.69,4.917,0.607,0
19,197,1.927,56.83,4.661,0.978,0
19,198,1.858,57.61,4.853,0.893,0
19,199,2.08,57.13,4.598,0.602,0
19,200,1.929,57.81,4.749,0.719,0
19,201,2.038,59.37,4.721,0.92,0
19,202,2.076,57.26,4.784,0.998,0
19,203,2.049,59.38,4.666,0.927,0
19,204,2.279,57.31,4.642,0.657,0
19,205,1.863,57.32,4.565,0.648,0
19,206,2.075,58.02,4.526,0.977,0
19,207,2.054,57.69,4.752,0.628,0
19,208,2.052,58.11,4.817,0.636,0
19,209,1.829,57.65,4.576,0.659,0
19,210,2.212,58.1,4.61,0.732,0
19,211,2.04,56.62,4.632,0.749,0
19,212,2.097,55.55,4.581,0.675,0
19,213,2.347,60.06,4.67,0.965,0
19,214,2.067,57.06,4.691,0.687,0
19,215,1.949,55.95,4.558,0.739,0
19,216,2.114,58.37,4.599,0.844,0
19,217,2.241,61.18,4.711,0.973,0
19,218,2.312,58.25,4.61,0.615,0
19,219,1.924,57.96,4.536,0.661,0
19,220,1.78,58.0,4.684,0.784,0
19,221,2.065,56.89,4.539,0.744,0
19,222,2.196,56.84,4.577,0.737,0
19,223,2.124,60.15,4.645,0.809,0
19,224,2.131,59.7,4.809,0.953,0
19,225,2.187,59.7,4.73,0.83,0
19,226,1.93,58.3,4.573,0.888,0
19,227,2.541,57.62,4.755,0.701,0
19,228,2.286,56.81,4.536,0.678,0
19,229,2.399,57.76,4.637,0.731,0
19,230,2.524,58.11,4.595,0.925,0
19,231,2.578,59.04,4.674,0.775,0
19,232,2.178,57.29,4.765,0.681,0
19,233,2.462,60.96,4.691,0.903,0
19,234,2.266,60.77,4.534,0.984,0
19,235,2.579,60.21,4.655,0.6,0
19,236,2.397,61.15,4.701,0.959,0
19,237,2.554,60.12,4.48,0.715,0
19,238,2.47,60.35,4.639,0.85,0
19,239,2.347,59.04,4.657,0.624,0
19,240,2.364,61.53,4.533,0.947,0
19,241,2.441,59.69,4.428,0.739,0
19,242,2.678,58.26,4.484,0.666,0
19,243,2.559,58.72,4.501,0.639,0
19,244,2.506,59.89,4.631,0.612,0
19,245,2.474,60.26,4.615,0.767,0
19,246,2.627,60.48,4.668,0.779,0
19,247,2.524,60.91,4.623,0.936,0
19,248,2.756,61.57,4.372,0.98,0
19,249,2.462,59.37,4.481,0.656,0
19,250,2.846,59.84,4.628,0.819,0
19,251,2.548,60.68,4.458,0.975,0
19,252,2.754,58.88,4.423,0.678,0
19,253,2.86,60.84,4.337,0.895,0
19,254,2.826,59.01,4.589,0.784,0
19,255,2.58,58.91,4.497,0.684,0
19,256,2.711,60.98,4.402,0.813,0
19,257,2.739,61.3,4.631,0.744,0
19,258,2.788,58.61,4.589,0.657,0
19,259,2.607,59.7,4.639,0.932,0
19,260,2.627,60.39,4.583,0.685,0
19,261,2.669,60.98,4.428,0.765,0
19,262,2.948,62.32,4.31,0.845,0
19,263,2.979,62.14,4.502,0.997,0
19,264,3.035,61.76,4.42,0.616,0
19,265,3.098,62.27,4.431,0.766,0
19,266,2.793,63.48,4.385,0.837,0
19,267,2.788,61.27,4.358,0.886,0
19,268,3.072,59.78,4.374,0.728,0
19,269,3.039,60.62,4.395,0.615,0
19,270,3.186,62.61,4.538,0.73,0
19,271,3.24,64.78,4.459,0.959,0
19,272,2.976,62.93,4.351,0.887,0
19,273,2.975,61.72,4.451,0.699,0
19,274,3.045,63.4,4.397,0.915,0
19,275,3.234,61.56,4.427,0.828,0
19,276,3.0,63.38,4.474,0.879,0
19,277,3.217,61.77,4.442,0.612,0
19,278,3.215,62.64,4.301,0.637,0
19,279,3.197,64.43,4.427,0.848,0
19,280,3.203,61.93,4.432,0.775,0
19,281,3.028,63.17,4.296,0.926,0
19,282,3.223,63.46,4.196,0.886,0
19,283,3.209,61.82,4.378,0.773,0
19,284,3.506,62.82,4.356,0.728,0
19,285,3.216,61.76,4.412,0.609,0
19,286,3.34,60.98,4.348,0.642,0
19,287,3.111,64.81,4.006,0.882,0
19,288,3.243,63.1,4.258,0.861,0
19,289,3.646,62.23,4.276,0.7,0
19,290,3.407,62.54,4.1,0.715,0
19,291,3.497,61.51,4.213,0.956,0
19,292,3.278,63.08,4.408,0.692,0
19,293,3.247,63.7,4.243,0.945,0
19,294,3.528,63.91,4.196,0.724,0
19,295,3.602,64.05,4.31,0.817,0
19,296,3.544,65.11,4.338,0.824,0
19,297,3.441,63.22,4.247,0.762,0
19,298,3.351,63.55,4.161,0.997,0
19,299,3.696,63.38,4.124,0.616,0
19,300,3.546,64.25,4.239,0.781,0
19,301,3.602,65.28,4.145,0.75,0
19,302,3.711,63.81,4.293,0.967,0
19,303,3.836,65.07,4.249,0.915,0
19,304,3.837,63.33,4.08,0.715,0
19,305,3.92,63.73,3.992,0.738,0
19,306,3.906,63.74,4.052,0.781,0
19,307,3.696,65.36,4.186,0.955,0
19,308,3.763,63.23,4.294,0.729,0
19,309,4.059,64.2,4.052,0.837,0
19,310,3.893,65.61,4.117,0.629,0
19,311,4.143,65.08,4.107,0.778,0
19,312,3.898,65.84,4.123,0.996,0
19,313,4.454,66.68,3.972,0.925,0
19,314,4.414,63.4,4.115,0.736,0
19,315,3.913,67.33,4.086,0.898,0
19,316,4.154,63.18,4.272,0.633,0
19,317,4.241,63.23,4.108,0.668,0
19,318,4.095,65.04,3.908,0.642,0
19,319,4.056,68.5,4.355,0.845,0
19,320,4.188,65.83,4.074,0.824,0
19,321,4.239,67.94,4.003,0.927,0
19,322,4.209,64.36,4.345,0.641,0
19,323,4.262,64.54,4.06,0.6,0
19,324,4.199,65.86,4.079,0.665,0
19,325,4.268,63.84,4.014,0.648,0
19,326,4.582,63.29,3.91,0.715,1
19,327,1.959,55.99,4.787,0.73,0
19,328,1.718,57.12,4.786,0.872,0
19,329,2.096,56.84,4.865,0.901,0
19,330,2.151,55.93,4.712,0.828,0
19,331,1.618,57.11,4.88,0.951,0
19,332,1.849,56.1,4.989,0.692,0
19,333,1.852,54.65,4.82,0.652,0
19,334,2.021,56.34,4.806,0.832,0
19,335,1.959,55.81,4.798,0.861,0
19,336,1.987,56.13,4.786,0.898,0
19,337,2.296,57.71,4.765,0.96,0
19,338,1.611,55.77,5.016,0.844,0
19,339,1.891,56.22,4.974,0.827,0
19,340,2.063,55.16,4.782,0.733,0
19,341,1.823,56.53,4.859,0.774,0
19,342,1.819,55.43,5.055,0.67,0
19,343,2.008,56.95,4.711,0.814,0
19,344,1.892,57.08,4.797,0.756,0
19,345,1.957,56.23,4.715,0.89,0
19,346,1.641,56.36,4.791,0.898,0
19,347,1.831,57.1,4.967,0.946,0
19,348,1.84,55.98,4.988,0.847,0
19,349,1.92,55.83,4.826,0.895,0
19,350,1.812,56.03,4.791,0.923,0
19,351,1.956,55.55,4.734,0.697,0
19,352,1.738,54.05,4.863,0.613,0
19,353,1.877,56.63,4.823,0.996,0
19,354,1.869,58.79,5.084,0.765,0
19,355,2.178,55.7,4.882,0.75,0
19,356,1.978,56.49,4.836,0.915,0
19,357,1.757,55.36,4.813,0.65,0
19,358,2.082,55.71,4.926,0.675,0
19,359,1.785,56.34,4.927,0.626,0
19,360,1.852,56.38,4.838,0.832,0
19,361,1.938,56.95,4.686,0.889,0
19,362,2.762,59.21,4.717,0.872,0
19,363,1.815,55.15,4.717,0.645,0
19,364,1.607,55.66,4.891,0.604,0
20,0,2.229,65.41,5.158,0.968,0
20,1,2.31,62.87,5.235,0.873,0
20,2,2.074,64.63,5.247,0.696,0
20,3,2.069,63.97,5.527,0.89,0
20,4,2.29,64.13,5.109,0.864,0
20,5,1.828,64.74,5.341,0.739,0
20,6,2.296,64.96,5.251,0.994,0
20,7,2.044,64.13,5.395,0.819,0
20,8,1.965,64.33,5.334,0.976,0
20,9,2.361,63.73,5.416,0.908,0
20,10,1.943,62.77,5.298,0.62,0
20,11,2.216,64.16,5.156,0.899,0
20,12,2.141,64.76,5.357,0.918,0
20,13,2.04,64.81,5.34,0.746,0
20,14,2.016,63.42,5.199,0.841,0
20,15,2.299,62.45,5.273,0.789,0
20,16,2.21,64.17,5.036,0.834,0
20,17,2.365,63.82,5.231,0.819,0
20,18,2.32,64.85,5.016,0.959,0
20,19,1.988,64.94,5.254,0.922,0
20,20,2.204,65.67,5.261,0.762,0
20,21,4.994,63.73,5.21,0.644,0
20,22,2.262,64.47,5.368,0.864,0
20,23,2.111,65.88,5.336,0.964,0
20,24,2.197,64.08,5.188,0.65,0
20,25,2.323,62.9,5.157,0.728,0
20,26,2.266,65.28,5.309,0.759,0
20,27,2.446,66.3,5.145,0.84,0
20,28,1.953,63.07,5.333,0.612,0
20,29,2.206,65.83,5.237,0.962,0
20,30,2.192,63.72,5.297,0.87,0
20,31,2.162,64.59,5.2,0.698,0
20,32,2.363,63.04,5.113,0.835,0
20,33,2.394,64.23,5.142,0.698,0
20,34,2.281,64.55,5.063,0.671,0
20,35,2.082,64.22,5.231,0.648,0
20,36,2.308,64.54,5.207,0.708,0
20,37,2.567,66.57,5.169,0.965,0
20,38,2.09,66.47,5.244,0.96,0
20,39,2.267,65.85,5.27,0.937,0
20,40,2.438,65.26,5.005,0.961,0
20,41,2.558,61.99,5.074,0.626,0
20,42,2.17,65.04,5.427,0.682,0
20,43,2.437,65.11,5.039,0.833,0
20,44,2.365,65.23,5.06,0.942,0
20,45,2.301,64.22,5.054,0.632,0
20,46,2.272,62.36,5.21,0.621,0
20,47,2.261,64.24,5.151,0.833,0
20,48,2.235,64.14,5.065,0.764,0
20,49,2.251,64.81,5.104,0.885,0
20,50,2.487,64.07,5.225,0.996,0
20,51,2.479,65.9,5.007,0.901,0
20,52,2.096,66.68,5.109,0.994,0
20,53,2.168,64.46,5.177,0.622,0
20,54,2.227,63.82,5.013,0.68,0
20,55,2.428,64.82,5.168,0.779,0
20,56,2.221,66.61,5.069,0.963,0
20,57,2.117,65.39,5.098,0.916,0
20,58,2.521,64.68,5.1,0.673,0
20,59,2.284,67.66,5.166,0.9,0
20,60,2.268,66.02,5.068,0.9,0
20,61,2.561,64.86,5.005,0.759,0
20,62,2.319,67.13,5.149,0.868,0
20,63,2.533,65.93,5.025,0.833,0
20,64,2.34,64.23,5.056,0.728,0
20,65,2.385,66.9,5.282,0.776,0
20,66,2.433,64.09,5.076,0.629,0
20,67,2.313,65.67,4.979,0.734,0
20,68,2.339,64.95,5.057,0.836,0
20,69,2.346,64.81,5.16,0.817,0
20,70,2.539,66.5,5.315,0.631,0
20,71,2.645,63.97,4.878,0.627,0
20,72,2.47,64.36,5.138,0.637,0
20,73,2.407,67.79,4.995,0.86,0
20,74,2.591,66.4,5.036,0.798,0
20,75,2.505,66.91,5.006,0.962,0
20,76,2.337,65.46,5.061,0.91,0
20,77,2.695,67.47,4.866,0.915,0
20,78,2.395,66.52,5.055,0.8,0
20,79,2.609,65.4,4.974,0.664,0
20,80,2.75,66.37,4.895,0.825,0
20,81,2.76,65.75,5.11,0.682,0
20,82,2.662,68.41,5.012,0.923,0
20,83,2.66,64.64,4.995,0.746,0
20,84,2.472,66.89,5.071,0.883,0
20,85,2.673,66.63,5.097,0.758,0
20,86,2.789,64.35,4.853,0.745,0
20,87,2.552,66.65,5.0,0.832,0
20,88,2.74,66.94,4.924,0.807,0
20,89,2.611,67.52,4.864,0.909,0
20,90,3.022,67.58,4.852,0.685,0
20,91,2.729,69.22,5.156,0.93,0
20,92,2.74,65.66,4.925,0.854,0
20,93,2.828,65.53,5.072,0.716,0
20,94,2.872,69.07,4.906,0.962,0
20,95,2.562,70.36,5.047,0.95,0
20,96,2.728,67.4,4.914,0.851,0
20,97,2.653,67.95,4.977,0.967,0
20,98,2.735,68.4,4.949,0.77,0
20,99,2.559,67.73,5.072,0.766,0
20,100,2.959,65.69,5.0,0.64,0
20,101,2.857,68.51,4.886,0.754,0
20,102,2.953,67.74,4.948,0.801,0
20,103,3.011,67.4,4.982,0.891,0
20,104,2.867,69.13,4.933,0.931,0
20,105,2.969,69.42,4.751,0.999,0
20,106,3.292,66.01,4.794,0.667,0
20,107,2.891,69.16,5.02,0.804,0
20,108,3.219,68.14,4.997,0.643,0
20,109,3.102,67.99,4.924,0.843,0
20,110,3.11,68.91,5.126,0.915,0
20,111,2.966,69.32,4.712,0.916,0
20,112,3.183,67.15,5.07,0.794,0
20,113,2.821,67.0,5.174,0.64,0
20,114,3.27,68.29,4.814,0.886,0
20,115,3.2,68.22,4.892,0.769,0
20,116,3.114,68.31,4.721,0.7,0
20,117,5.446,68.31,4.958,0.613,0
20,118,3.089,69.79,4.79,0.917,0
20,119,3.19,67.32,4.847,0.929,0
20,120,3.024,66.61,4.933,0.795,0
20,121,3.203,69.53,4.691,0.768,0
20,122,3.278,67.32,4.628,0.687,0
20,123,3.168,71.46,4.719,0.992,0
20,124,3.225,67.98,4.768,0.872,0
20,125,3.285,70.04,4.708,0.868,0
20,126,3.037,68.47,5.036,0.695,0
20,127,3.407,68.79,4.853,0.801,0
20,128,3.297,69.8,4.904,0.998,0
20,129,3.445,68.47,4.775,0.674,0
20,130,3.707,68.9,4.598,0.627,0
20,131,3.429,71.94,4.707,0.877,0
20,132,3.466,70.12,4.857,0.823,0
20,133,3.429,69.66,4.669,0.684,0
20,134,3.474,70.17,4.781,0.947,0
20,135,3.389,70.8,4.831,0.867,0
20,136,3.358,70.03,4.688,0.889,0
20,137,3.57,72.11,4.808,0.856,0
20,138,3.153,69.74,4.65,0.8,0
20,139,3.593,67.87,4.751,0.658,0
20,140,3.955,69.87,4.763,0.881,0
20,141,3.723,70.85,4.859,0.795,0
20,142,3.473,70.23,4.794,0.687,0
20,143,3.523,70.03,4.696,0.658,0
20,144,3.799,71.46,4.869,0.948,0
20,145,3.729,69.65,4.806,0.991,0
20,146,3.867,68.79,4.627,0.69,0
20,147,3.728,70.65,4.82,0.979,0
20,148,3.708,70.88,4.627,0.847,0
20,149,3.784,71.72,4.698,0.851,0
20,150,4.023,70.39,4.824,0.857,0
20,151,3.938,70.57,4.805,0.667,0
20,152,3.979,71.54,4.579,0.877,0
20,153,4.04,69.92,4.532,0.703,0
20,154,3.927,72.79,4.716,0.882,0
20,155,3.853,71.13,4.467,0.876,0
20,156,3.88,70.24,4.484,0.899,0
20,157,4.187,72.63,4.669,0.922,0
20,158,4.262,73.24,4.662,0.844,0
20,159,4.405,72.35,4.62,0.925,0
20,160,4.22,72.03,4.458,0.736,0
20,161,4.129,71.52,4.654,0.796,0
20,162,4.049,71.5,4.56,0.639,0
20,163,4.214,72.66,4.875,0.905,0
20,164,4.214,69.78,4.788,0.61,0
20,165,3.783,73.98,4.475,0.807,0
20,166,4.215,72.73,4.747,0.68,0
20,167,4.41,71.72,4.486,0.63,0
20,168,4.468,75.0,4.355,0.954,0
20,169,4.089,72.92,4.351,0.865,0
20,170,4.317,73.38,4.544,0.955,0
20,171,4.38,72.11,4.466,0.88,0
20,172,4.616,71.94,4.527,0.69,0
20,173,4.34,72.76,4.609,0.716,0
20,174,4.666,73.91,4.493,0.894,0
20,175,4.729,72.05,4.428,0.847,0
20,176,4.565,72.61,4.686,0.7,1
20,177,2.122,63.04,5.432,0.667,0
20,178,2.069,64.19,5.386,0.923,0
20,179,2.073,62.45,5.362,0.774,0
20,180,2.004,62.61,5.376,0.611,0
20,181,2.29,62.31,5.44,0.875,0
20,182,2.065,63.6,5.329,0.949,0
20,183,2.379,61.98,5.21,0.667,0
20,184,2.274,61.68,5.163,0.623,0
20,185,1.946,62.63,5.286,0.7,0
20,186,2.218,66.26,5.367,0.962,0
20,187,2.064,65.33,5.29,0.969,0
20,188,1.92,62.22,5.295,0.672,0
20,189,2.223,61.13,5.295,0.762,0
20,190,2.183,63.14,5.364,0.868,0
20,191,1.791,63.08,5.208,0.821,0
20,192,2.081,61.7,5.215,0.88,0
20,193,1.942,62.97,5.387,0.605,0
20,194,1.905,63.45,5.275,0.804,0
20,195,2.228,63.12,5.394,0.615,0
20,196,2.064,63.0,5.216,0.855,0
20,197,2.126,63.2,5.308,0.85,0
20,198,2.35,64.67,5.376,0.978,0
20,199,2.259,60.24,5.239,0.609,0
20,200,1.927,64.16,5.119,0.819,0
20,201,2.016,66.04,5.43,0.922,0
20,202,2.091,63.6,5.39,0.925,0
20,203,1.95,62.98,5.297,0.733,0
20,204,2.182,60.48,5.277,0.657,0
20,205,2.223,61.11,5.206,0.688,0
20,206,1.796,61.52,5.175,0.718,0
20,207,2.248,61.77,5.095,0.642,0
20,208,1.876,63.44,5.37,0.956,0
20,209,1.998,63.12,5.424,0.774,0
20,210,2.073,63.85,5.319,0.851,0
20,211,3.904,63.32,5.195,0.638,0
20,212,2.233,63.52,5.17,0.953,0
20,213,2.012,63.16,5.294,0.99,0
20,214,2.134,63.25,5.296,0.764,0
20,215,2.137,63.72,5.427,0.716,0
20,216,1.857,62.22,5.394,0.777,0
20,217,2.181,62.84,5.325,0.654,0
20,218,1.887,65.53,5.161,0.995,0
20,219,1.993,64.03,5.476,0.945,0
20,220,2.232,62.35,5.349,0.737,0
20,221,2.311,61.73,5.461,0.762,0
20,222,2.252,62.35,5.367,0.606,0
20,223,2.112,65.45,5.367,0.797,0
20,224,1.712,63.12,5.296,0.859,0
20,225,2.414,62.6,5.344,0.753,0
20,226,2.125,62.29,5.327,0.681,0
20,227,2.008,63.03,5.307,0.683,0
20,228,2.076,60.29,5.221,0.611,0
20,229,2.134,61.12,5.177,0.612,0
20,230,2.224,63.2,5.401,0.763,0
20,231,2.11,64.78,5.347,0.983,0
20,232,2.401,63.7,5.263,0.875,0
20,233,2.067,63.12,5.393,0.968,0
20,234,2.065,62.43,5.327,0.74,0
20,235,2.155,62.67,5.306,0.815,0
20,236,2.014,63.17,5.366,0.93,0
20,237,1.863,62.87,5.174,0.685,0
20,238,1.954,64.12,5.231,0.89,0
20,239,1.986,63.39,5.226,0.682,0
20,240,1.918,59.32,5.201,0.605,0
20,241,1.87,64.35,5.232,0.926,0
20,242,2.176,62.08,5.452,0.754,0
20,243,2.152,65.85,5.279,0.959,0
20,244,1.99,62.57,5.252,0.634,0
20,245,1.999,63.34,5.087,0.862,0
20,246,2.507,65.03,5.299,0.931,0
20,247,2.078,61.98,5.258,0.677,0
20,248,2.073,62.59,5.415,0.796,0
20,249,2.195,62.24,5.362,0.955,0
20,250,2.019,63.92,5.265,0.643,0
20,251,2.343,64.58,5.406,0.883,0
20,252,2.16,62.65,5.447,0.638,0
20,253,2.275,64.62,5.161,0.768,0
20,254,2.006,60.75,5.224,0.606,0
20,255,2.043,63.3,5.287,0.621,0
20,256,2.146,65.54,5.335,0.931,0
20,257,2.035,62.22,5.341,0.607,0
20,258,2.316,63.76,5.242,0.636,0
20,259,2.173,62.74,5.203,0.702,0
20,260,2.283,62.54,5.164,0.736,0
20,261,2.062,64.93,5.25,0.957,0
20,262,2.134,65.29,5.283,0.801,0
20,263,2.12,64.49,5.258,0.719,0
20,264,2.311,65.19,5.155,0.953,0
20,265,2.087,65.7,5.26,0.799,0
20,266,2.182,63.09,4.98,0.665,0
20,267,2.196,63.71,5.182,0.643,0
20,268,1.886,63.42,5.101,0.758,0
20,269,2.267,63.97,5.068,0.99,0
20,270,2.136,63.96,5.171,0.81,0
20,271,2.067,64.55,5.301,0.947,0
20,272,2.28,62.47,5.107,0.673,0
20,273,2.284,63.86,5.203,0.71,0
20,274,2.259,63.77,5.075,0.68,0
20,275,2.095,62.36,5.153,0.729,0
20,276,2.206,62.58,5.145,0.745,0
20,277,2.348,63.21,5.322,0.837,0
20,278,1.976,64.64,5.249,0.756,0
20,279,2.194,64.63,5.125,0.66,0
20,280,2.375,64.4,5.282,0.693,0
20,281,2.146,63.28,5.267,0.652,0
20,282,2.345,64.31,5.18,0.608,0
20,283,2.393,65.19,5.335,0.991,0
20,284,1.95,65.33,5.246,0.834,0
20,285,2.118,64.1,5.202,0.63,0
20,286,2.305,65.5,5.245,0.963,0
20,287,2.45,63.9,5.257,0.813,0
20,288,2.638,63.86,5.213,0.762,0
20,289,2.226,65.63,5.111,0.87,0
20,290,2.328,63.4,5.17,0.774,0
20,291,2.209,67.01,5.307,0.807,0
20,292,2.105,63.43,5.086,0.608,0
20,293,2.442,65.39,5.15,0.828,0
20,294,2.287,65.29,5.112,0.847,0
20,295,2.293,63.85,5.19,0.749,0
20,296,2.411,66.22,5.253,0.968,0
20,297,2.188,64.76,5.373,0.667,0
20,298,2.106,64.93,5.045,0.814,0
20,299,2.334,65.4,5.151,0.929,0
20,300,2.288,63.42,5.199,0.603,0
20,301,2.157,62.09,5.094,0.67,0
20,302,2.414,63.48,5.211,0.771,0
20,303,2.145,66.8,5.176,0.856,0
20,304,2.363,65.42,5.238,0.92,0
20,305,2.339,62.61,5.17,0.646,0
20,306,2.053,62.07,5.034,0.613,0
20,307,2.228,64.7,5.11,0.621,0
20,308,2.29,65.41,5.218,0.813,0
20,309,2.399,65.31,5.15,0.894,0
20,310,2.353,65.6,4.921,0.857,0
20,311,2.422,67.49,5.028,0.892,0
20,312,2.136,65.04,5.12,0.721,0
20,313,2.248,65.1,5.018,0.784,0
20,314,2.378,62.15,5.074,0.672,0
20,315,2.548,65.09,5.084,0.702,0
20,316,2.454,65.2,5.177,0.776,0
20,317,2.436,66.2,5.171,0.674,0
20,318,2.529,66.32,5.12,0.897,0
20,319,2.371,65.27,4.902,0.78,0
20,320,2.648,65.78,5.124,0.88,0
20,321,2.314,65.51,5.103,0.679,0
20,322,2.436,65.82,5.112,0.696,0
20,323,2.373,65.56,4.976,0.956,0
20,324,2.486,68.33,5.176,0.988,0
20,325,2.584,64.92,5.08,0.671,0
20,326,2.314,65.96,5.256,0.663,0
20,327,2.546,66.01,5.07,0.798,0
20,328,2.522,65.3,4.923,0.852,0
20,329,2.566,66.57,4.861,0.69,0
20,330,2.845,66.44,5.174,0.736,0
20,331,2.812,65.89,5.037,0.671,0
20,332,2.449,67.96,4.838,0.731,0
20,333,2.555,65.61,4.946,0.733,0
20,334,2.702,64.8,4.91,0.712,0
20,335,2.642,66.25,5.396,0.661,0
20,336,2.548,66.11,4.965,0.66,0
20,337,2.827,68.71,5.184,0.895,0
20,338,2.858,67.11,4.771,0.648,0
20,339,2.675,65.7,4.934,0.613,0
20,340,2.572,67.07,5.148,0.82,0
20,341,2.431,65.75,4.965,0.641,0
20,342,2.82,68.62,5.045,0.886,0
20,343,2.796,67.9,4.971,0.802,0
20,344,2.703,64.39,4.838,0.633,0
20,345,2.872,69.0,4.991,0.952,0
20,346,2.794,68.11,4.987,0.824,0
20,347,2.915,66.4,5.033,0.662,0
20,348,2.897,65.78,4.784,0.637,0
20,349,5.341,66.87,5.065,0.934,0
20,350,2.967,67.63,4.852,0.948,0
20,351,2.704,69.18,4.977,0.901,0
20,352,3.035,68.17,4.876,0.798,0
20,353,2.765,67.28,4.873,0.657,0
20,354,3.016,68.23,4.959,0.806,0
20,355,3.046,67.47,5.097,0.643,0
20,356,2.901,65.73,4.889,0.706,0
20,357,2.776,68.52,4.9,0.668,0
20,358,3.192,68.95,4.847,0.83,0
20,359,3.11,70.46,4.998,0.951,0
20,360,3.009,68.63,4.8,0.98,0
20,361,2.942,67.61,4.93,0.801,0
20,362,3.128,66.09,4.901,0.635,0
20,363,2.862,68.25,4.899,0.862,0
20,364,3.126,67.2,4.713,0.868,0
21,0,2.143,59.05,5.506,0.864,0
21,1,2.243,57.77,5.511,0.622,0
21,2,1.797,59.55,5.492,0.99,0
21,3,2.059,60.09,5.486,0.993,0
21,4,1.886,58.92,5.462,0.747,0
21,5,2.205,58.28,5.475,0.61,0
21,6,1.806,59.83,5.454,0.87,0
21,7,2.133,57.87,5.38,0.606,0
21,8,2.041,57.59,5.419,0.758,0
21,9,1.832,59.27,5.348,0.954,0
21,10,1.944,60.26,5.456,0.696,0
21,11,1.802,59.72,5.371,0.662,0
21,12,2.167,58.24,5.253,0.649,0
21,13,2.409,60.96,5.408,0.787,0
21,14,2.129,59.48,5.332,0.888,0
21,15,1.845,57.1,5.327,0.737,0
21,16,2.134,58.72,5.352,0.846,0
21,17,1.946,59.21,5.424,0.621,0
21,18,1.984,57.34,5.226,0.657,0
21,19,1.78,59.63,5.265,0.783,0
21,20,2.219,58.75,5.397,0.914,0
21,21,2.061,59.63,5.232,0.838,0
21,22,1.902,59.79,5.235,0.822,0
21,23,2.116,59.93,5.445,0.851,0
21,24,2.048,59.06,5.412,0.712,0
21,25,2.028,59.19,5.323,0.912,0
21,26,2.173,60.82,5.345,0.948,0
21,27,5.205,60.27,5.345,0.89,0
21,28,2.071,56.79,5.524,0.685,0
21,29,2.269,60.58,5.308,0.808,0
21,30,2.229,61.48,5.356,0.884,0
21,31,2.309,58.32,5.353,0.621,0
21,32,1.97,59.04,5.246,0.835,0
21,33,2.162,58.99,5.413,0.911,0
21,34,2.202,58.72,5.176,0.606,0
21,35,2.003,60.82,5.185,0.822,0
21,36,2.467,60.0,5.345,0.746,0
21,37,2.574,61.84,5.337,0.89,0
21,38,1.976,59.67,5.336,0.684,0
21,39,2.118,60.99,5.292,0.891,0
21,40,2.262,59.69,5.436,0.65,0
21,41,2.313,60.64,5.311,0.99,0
21,42,2.351,58.78,5.292,0.749,0
21,43,2.217,61.29,5.252,0.766,0
21,44,2.314,61.55,5.261,0.843,0
21,45,2.153,61.1,5.539,0.864,0
21,46,2.111,62.26,5.378,0.826,0
21,47,2.235,60.18,5.366,0.953,0
21,48,1.994,59.12,5.412,0.7,0
21,49,2.391,62.15,5.203,0.616,0
21,50,2.172,62.13,5.326,0.704,0
21,51,2.369,61.56,5.067,0.969,0
21,52,2.241,62.29,5.346,0.608,0
21,53,2.232,60.02,5.317,0.849,0
21,54,2.369,61.35,5.172,0.732,0
21,55,2.235,62.73,5.23,0.917,0
21,56,2.279,60.8,5.276,0.936,0
21,57,2.305,61.44,5.343,0.952,0
21,58,2.246,60.06,5.197,0.774,0
21,59,2.537,60.8,5.411,0.896,0
21,60,2.17,61.64,5.371,0.661,0
21,61,2.417,62.84,5.182,0.617,0
21,62,2.588,62.16,5.213,0.791,0
21,63,2.698,59.74,5.174,0.659,0
21,64,2.594,62.04,5.159,0.669,0
21,65,2.285,59.33,5.212,0.604,0
21,66,2.418,63.46,5.122,0.921,0
21,67,2.333,62.7,5.149,0.981,0
21,68,2.138,61.75,5.277,0.706,0
21,69,2.546,64.22,5.291,0.721,0
21,70,2.312,62.1,5.151,0.815,0
21,71,2.574,63.26,5.275,0.705,0
21,72,2.234,60.36,5.187,0.652,0
21,73,2.589,63.82,5.195,0.922,0
21,74,2.682,64.42,5.177,0.86,0
21,75,2.347,63.04,5.051,0.904,0
21,76,2.523,62.26,5.223,0.601,0
21,77,2.423,62.01,5.15,0.925,0
21,78,2.607,61.01,5.189,0.74,0
21,79,2.384,64.88,5.019,0.779,0
21,80,2.666,63.61,5.015,0.992,0
21,81,2.891,63.07,5.257,0.719,0
21,82,2.401,61.26,5.068,0.686,0
21,83,2.641,62.84,5.094,0.794,0
21,84,2.956,64.39,5.111,0.971,0
21,85,2.725,62.18,4.936,0.679,0
21,86,2.859,64.44,5.134,0.942,0
21,87,2.688,64.21,5.118,0.728,0
21,88,2.627,64.71,4.991,0.942,0
21,89,2.892,62.02,5.051,0.727,0
21,90,2.724,65.62,5.003,0.996,0
21,91,2.978,65.0,4.95,0.865,0
21,92,2.667,64.57,5.107,0.609,0
21,93,2.85,62.23,4.947,0.629,0
21,94,2.783,64.05,5.082,0.649,0
21,95,2.879,61.85,4.929,0.648,0
21,96,3.105,62.63,5.157,0.64,0
21,97,2.862,62.72,5.018,0.601,0
21,98,2.861,64.2,5.054,0.692,0
21,99,2.96,63.22,5.094,0.628,0
21,100,3.037,64.44,4.926,0.867,0
21,101,2.99,65.22,5.095,0.846,0
21,102,3.011,62.63,5.075,0.83,0
21,103,3.122,63.3,5.188,0.75,0
21,104,3.025,65.23,5.076,0.889,0
21,105,3.077,64.63,5.011,0.976,0
21,106,3.198,64.43,4.957,0.73,0
21,107,3.283,63.22,4.899,0.751,0
21,108,3.314,63.99,4.909,0.6,0
21,109,3.158,66.62,4.925,0.956,0
21,110,3.063,67.19,4.892,0.936,0
21,111,3.566,65.84,4.984,0.881,0
21,112,3.368,63.94,4.815,0.672,0
21,113,3.143,64.62,4.86,0.767,0
21,114,3.303,64.9,4.792,0.676,0
21,115,3.469,66.27,4.997,0.812,0
21,116,3.343,64.86,4.889,0.679,0
21,117,3.289,64.96,4.991,0.864,0
21,118,3.552,67.7,4.803,0.946,0
21,119,3.436,65.36,4.862,0.702,0
21,120,3.7,66.52,4.914,0.97,0
21,121,3.754,63.95,4.801,0.658,0
21,122,3.294,67.11,4.706,0.897,0
21,123,3.332,68.12,4.713,0.907,0
21,124,3.598,65.29,4.801,0.773,0
21,125,3.744,65.41,4.81,0.838,0
21,126,3.684,66.05,4.802,0.904,0
21,127,3.807,68.32,4.695,0.967,0
21,128,3.999,65.54,4.701,0.817,0
21,129,3.938,67.17,4.814,0.977,0
21,130,4.012,67.6,5.017,0.672,0
21,131,3.975,64.31,4.864,0.614,0
21,132,3.894,67.53,4.81,0.836,0
21,133,4.222,66.68,4.641,0.725,0
21,134,3.912,67.55,4.737,0.701,0
21,135,3.886,69.63,4.829,0.778,0
21,136,3.993,67.1,4.746,0.864,0
21,137,4.314,67.71,4.847,0.613,0
21,138,3.958,68.11,4.674,0.811,0
21,139,4.01,69.05,4.813,0.852,0
21,140,4.249,69.84,4.802,0.909,0
21,141,4.637,68.92,4.603,0.922,0
21,142,4.195,69.2,4.746,0.773,0
21,143,4.463,67.48,4.624,0.703,0
21,144,4.355,68.27,4.562,0.852,0
21,145,4.24,70.77,4.513,0.99,0
21,146,4.825,67.7,4.456,0.784,0
21,147,4.534,69.75,4.448,0.816,1
21,148,2.061,61.22,5.38,0.993,0
21,149,1.878,60.93,5.462,0.684,0
21,150,1.908,58.03,5.553,0.789,0
21,151,2.078,59.27,5.479,0.748,0
21,152,1.823,59.31,5.477,0.937,0
21,153,2.071,58.85,5.479,0.73,0
21,154,2.248,58.97,5.129,0.877,0
21,155,2.138,58.74,5.493,0.925,0
21,156,2.277,58.69,5.508,0.617,0
21,157,1.917,58.87,5.447,0.649,0
21,158,1.969,57.32,5.401,0.663,0
21,159,2.093,60.15,5.407,0.893,0
21,160,1.948,58.59,5.394,0.701,0
21,161,2.016,59.95,5.478,0.995,0
21,162,1.979,57.8,5.441,0.842,0
21,163,2.071,59.68,5.353,0.835,0
21,164,2.071,57.83,5.488,0.686,0
21,165,2.0,60.46,5.32,0.956,0
21,166,2.416,59.97,5.45,0.953,0
21,167,2.075,59.35,5.239,0.778,0
21,168,2.073,59.2,5.388,0.918,0
21,169,1.917,56.77,5.336,0.93,0
21,170,1.98,59.13,5.607,0.981,0
21,171,2.214,58.59,5.452,0.648,0
21,172,1.857,57.51,5.587,0.64,0
21,173,2.149,62.07,5.413,0.89,0
21,174,2.05,57.53,5.466,0.734,0
21,175,2.158,58.8,5.486,0.953,0
21,176,2.046,59.36,5.443,0.642,0
21,177,2.097,58.32,5.699,0.881,0
21,178,2.05,58.31,5.479,0.624,0
21,179,1.992,59.44,5.328,0.997,0
21,180,2.426,57.54,5.352,0.666,0
21,181,2.291,60.1,5.5,0.849,0
21,182,2.291,57.87,5.493,0.658,0
21,183,2.004,60.69,5.289,0.782,0
21,184,2.207,59.81,5.468,0.831,0
21,185,2.328,59.24,5.297,0.867,0
21,186,1.936,58.77,5.373,0.839,0
21,187,2.038,59.83,5.597,0.735,0
21,188,2.229,58.21,5.398,0.771,0
21,189,2.077,59.36,5.366,0.814,0
21,190,2.48,58.46,5.303,0.748,0
21,191,1.975,60.39,5.472,0.994,0
21,192,2.272,59.21,5.315,0.896,0
21,193,1.96,59.42,5.352,0.979,0
21,194,2.174,59.39,5.322,0.794,0
21,195,2.033,57.99,5.46,0.618,0
21,196,2.302,58.67,5.328,0.779,0
21,197,2.317,57.26,5.394,0.685,0
21,198,2.022,61.44,5.354,0.929,0
21,199,2.281,59.17,5.435,0.957,0
21,200,2.092,61.15,5.52,0.919,0
21,201,2.012,59.91,5.451,0.78,0
21,202,2.016,59.68,5.411,0.624,0
21,203,2.057,60.31,5.298,0.877,0
21,204,2.165,59.51,5.427,0.616,0
21,205,2.397,59.86,5.349,0.783,0
21,206,2.068,61.85,5.473,0.958,0
21,207,2.126,60.58,5.347,0.786,0
21,208,2.091,58.4,5.286,0.828,0
21,209,2.065,61.8,5.499,0.927,0
21,210,2.286,58.88,5.282,0.792,0
21,211,2.134,59.03,5.454,0.733,0
21,212,2.18,59.23,5.466,0.722,0
21,213,2.173,60.98,5.444,0.811,0
21,214,2.044,59.21,5.479,0.754,0
21,215,1.959,58.52,5.284,0.65,0
21,216,2.193,61.48,5.241,0.936,0
21,217,2.117,61.21,5.339,0.97,0
21,218,2.344,58.23,5.375,0.653,0
21,219,2.082,61.1,5.372,0.979,0
21,220,2.139,60.25,5.292,0.789,0
21,221,2.138,60.9,5.367,0.621,0
21,222,1.756,60.16,5.236,0.952,0
21,223,2.176,60.43,5.26,0.764,0
21,224,2.19,61.82,5.291,0.902,0
21,225,1.984,62.19,5.445,0.989,0
21,226,2.263,62.03,5.363,0.982,0
21,227,2.337,60.32,5.332,0.645,0
21,228,2.182,58.31,5.195,0.78,0
21,229,2.232,60.89,5.311,0.818,0
21,230,2.214,57.63,5.284,0.887,0
21,231,2.454,60.57,5.312,0.935,0
21,232,2.211,60.92,5.387,0.713,0
21,233,2.374,57.31,5.263,0.712,0
21,234,2.176,60.64,5.488,0.783,0
21,235,2.067,60.07,5.359,0.896,0
21,236,2.362,58.66,5.437,0.62,0
21,237,1.95,58.82,5.263,0.771,0
21,238,2.245,62.51,5.382,0.962,0
21,239,1.965,59.26,5.348,0.714,0
21,240,2.339,60.17,5.458,0.831,0
21,241,2.361,59.49,5.289,0.626,0
21,242,2.47,59.63,5.371,1.0,0
21,243,2.365,60.18,5.47,0.717,0
21,244,2.33,60.65,5.338,0.813,0
21,245,2.291,60.18,5.319,0.731,0
21,246,2.36,60.69,5.345,0.723,0
21,247,2.153,59.56,5.245,0.658,0
21,248,2.592,57.37,5.207,0.854,0
21,249,2.405,58.57,5.21,0.765,0
21,250,2.095,59.65,5.355,0.639,0
21,251,2.149,59.42,5.054,0.742,0
21,252,2.607,60.71,5.346,0.9,0
21,253,2.451,60.52,5.134,0.601,0
21,254,2.199,63.88,5.427,0.861,0
21,255,2.227,59.51,5.354,0.775,0
21,256,2.437,61.53,5.276,0.959,0
21,257,2.163,59.73,5.31,0.714,0
21,258,2.207,58.68,5.215,0.744,0
21,259,2.189,60.86,5.356,0.809,0
21,260,2.646,60.81,5.139,0.665,0
21,261,2.332,60.22,5.34,0.794,0
21,262,2.388,62.25,5.43,0.734,0
21,263,2.223,60.98,5.003,0.934,0
21,264,2.336,60.06,5.286,0.898,0
21,265,2.294,61.22,5.442,0.988,0
21,266,2.514,61.7,5.469,0.971,0
21,267,2.481,62.26,5.13,0.975,0
21,268,2.491,61.11,5.39,0.784,0
21,269,2.296,59.3,5.384,0.716,0
21,270,2.438,60.71,5.174,0.863,0
21,271,2.613,60.07,5.238,0.622,0
21,272,2.609,61.61,5.259,0.75,0
21,273,2.636,62.46,5.25,0.731,0
21,274,2.487,59.3,5.22,0.684,0
21,275,2.384,62.36,5.249,0.859,0
21,276,2.549,62.46,5.177,0.965,0
21,277,2.648,58.74,5.168,0.601,0
21,278,2.081,60.07,5.221,0.796,0
21,279,2.502,61.33,5.364,0.757,0
21,280,2.227,61.29,5.152,0.758,0
21,281,2.286,59.77,5.246,0.932,0
21,282,4.661,61.81,5.195,0.678,0
21,283,2.437,61.78,5.385,0.847,0
21,284,2.558,62.67,5.259,0.859,0
21,285,2.591,62.66,5.174,0.984,0
21,286,2.811,60.21,5.456,0.635,0
21,287,2.574,60.08,5.145,0.677,0
21,288,2.77,64.06,5.43,0.982,0
21,289,2.728,60.26,5.231,0.777,0
21,290,2.665,59.83,5.194,0.676,0
21,291,2.75,63.53,5.349,0.926,0
21,292,2.738,63.98,5.21,0.853,0
21,293,2.447,61.57,5.242,0.979,0
21,294,2.738,59.86,5.036,0.795,0
21,295,2.802,61.52,5.094,0.891,0
21,296,2.636,60.99,5.236,0.948,0
21,297,2.679,61.41,4.985,0.739,0
21,298,2.8,59.79,5.265,0.623,0
21,299,2.649,61.42,5.214,0.862,0
21,300,2.942,61.39,4.956,0.691,0
21,301,2.991,63.16,5.266,0.863,0
21,302,2.544,61.46,5.203,0.624,0
21,303,2.762,60.89,5.162,0.855,0
21,304,2.803,61.11,5.144,0.761,0
21,305,2.801,61.58,5.407,0.77,0
21,306,2.921,62.73,5.124,0.643,0
21,307,3.018,63.81,5.116,0.914,1
21,308,2.093,57.92,5.495,0.824,0
21,309,2.051,60.9,5.374,0.943,0
21,310,4.11,57.75,5.512,0.709,0
21,311,1.851,58.08,5.357,0.64,0
21,312,1.959,60.05,5.431,0.971,0
21,313,2.064,58.69,5.327,0.67,0
21,314,2.335,58.54,5.407,0.859,0
21,315,2.178,58.83,5.275,0.858,0
21,316,2.159,58.9,5.477,0.972,0
21,317,2.024,59.96,5.357,0.908,0
21,318,2.151,60.7,5.488,0.948,0
21,319,1.832,59.24,5.334,0.883,0
21,320,1.745,61.02,5.395,0.808,0
21,321,1.63,56.97,5.211,0.606,0
21,322,2.162,59.81,5.499,0.918,0
21,323,2.119,60.28,5.448,0.844,0
21,324,2.137,59.01,5.262,0.98,0
21,325,1.695,58.7,5.412,0.806,0
21,326,2.209,59.59,5.22,0.809,0
21,327,1.866,61.48,5.511,0.981,0
21,328,2.301,58.48,5.616,0.652,0
21,329,1.886,59.52,5.532,0.865,0
21,330,2.198,58.89,5.314,0.801,0
21,331,1.803,60.7,5.31,0.97,0
21,332,2.088,57.35,5.527,0.805,0
21,333,1.909,58.36,5.377,0.827,0
21,334,2.316,59.65,5.365,0.966,0
21,335,2.126,57.02,5.418,0.651,0
21,336,1.798,57.79,5.498,0.674,0
21,337,1.995,59.4,5.414,0.904,0
21,338,2.215,60.54,5.322,0.964,0
21,339,2.132,58.8,5.248,0.907,0
21,340,1.831,58.32,5.223,0.682,0
21,341,1.958,58.9,5.433,0.857,0
21,342,2.257,57.11,5.345,0.935,0
21,343,2.263,59.72,5.19,0.819,0
21,344,2.218,57.57,5.418,0.777,0
21,345,2.323,58.57,5.468,0.755,0
21,346,1.954,57.76,5.362,0.713,0
21,347,2.156,60.17,5.466,0.671,0
21,348,2.067,58.01,5.484,0.811,0
21,349,1.828,59.73,5.5,0.931,0
21,350,2.237,54.51,5.506,0.644,0
21,351,2.176,57.24,5.493,0.772,0
21,352,2.213,59.96,5.416,0.975,0
21,353,1.963,59.06,5.384,0.841,0
21,354,1.914,59.33,5.493,0.722,0
21,355,1.631,58.46,5.309,0.719,0
21,356,1.924,59.79,5.305,0.85,0
21,357,1.874,57.42,5.371,0.765,0
21,358,2.048,58.74,5.449,0.751,0
21,359,2.091,59.79,5.393,0.819,0
21,360,1.785,60.12,5.254,0.985,0
21,361,2.068,60.54,5.405,0.748,0
21,362,2.111,59.97,5.308,0.993,0
21,363,2.088,60.25,5.334,0.601,0
21,364,2.103,59.64,5.3,0.722,0
22,0,1.804,69.26,5.24,0.951,0
22,1,1.678,64.84,5.187,0.785,0
22,2,1.808,65.81,5.165,0.641,0
22,3,2.149,66.97,5.165,0.915,0
22,4,1.974,65.5,5.233,0.88,0
22,5,1.875,62.62,5.08,0.617,0
22,6,1.975,67.25,5.07,0.918,0
22,7,1.895,64.27,5.121,0.781,0
22,8,1.702,67.38,5.072,0.915,0
22,9,1.975,64.58,5.219,0.683,0
22,10,1.844,65.55,5.098,0.776,0
22,11,1.88,65.66,5.154,0.665,0
22,12,2.292,63.83,5.027,0.628,0
22,13,1.536,65.08,5.223,0.714,0
22,14,2.11,68.26,5.2,0.824,0
22,15,1.746,67.83,5.08,0.942,0
22,16,1.842,65.95,5.164,0.76,0
22,17,1.928,66.5,5.175,0.951,0
22,18,2.01,66.88,5.165,0.842,0
22,19,1.676,64.07,5.202,0.623,0
22,20,2.105,66.32,4.965,0.89,0
22,21,1.954,68.02,4.961,0.889,0
22,22,1.736,65.98,5.269,0.65,0
22,23,1.96,66.76,5.09,0.708,0
22,24,2.183,67.59,5.097,0.929,0
22,25,1.944,68.69,5.0,0.958,0
22,26,2.014,66.39,5.091,0.628,0
22,27,1.765,66.45,5.073,0.693,0
22,28,2.038,65.88,5.047,0.764,0
22,29,1.942,66.49,5.309,0.924,0
22,30,1.742,66.39,5.045,0.847,0
22,31,1.959,67.29,5.048,0.892,0
22,32,1.821,65.45,5.383,0.644,0
22,33,1.576,65.86,5.148,0.607,0
22,34,1.6,66.6,4.823,0.868,0
22,35,1.989,65.03,5.113,0.811,0
22,36,2.227,65.86,4.94,0.796,0
22,37,1.893,67.27,5.038,0.753,0
22,38,2.034,65.82,5.153,0.644,0
22,39,1.991,68.35,5.088,0.972,0
22,40,2.171,64.61,5.241,0.627,0
22,41,1.829,67.38,4.899,0.821,0
22,42,2.117,67.58,5.125,0.805,0
22,43,1.735,65.57,4.984,0.666,0
22,44,1.773,67.38,5.054,0.622,0
22,45,1.901,67.14,5.004,0.948,0
22,46,3.78,68.1,5.045,0.968,0
22,47,2.161,68.85,5.033,0.966,0
22,48,1.891,65.91,4.908,0.614,0
22,49,1.946,65.67,4.728,0.784,0
22,50,2.085,66.94,4.95,0.655,0
22,51,2.153,67.66,5.088,0.682,0
22,52,1.923,66.33,5.083,0.679,0
22,53,2.115,66.54,4.931,0.703,0
22,54,2.131,65.79,5.019,0.798,0
22,55,1.655,66.57,5.022,0.664,0
22,56,2.023,66.81,5.223,0.856,0
22,57,2.104,69.06,5.095,0.954,0
22,58,2.132,66.55,4.818,0.717,0
22,59,1.994,68.61,5.127,0.998,0
22,60,2.02,67.13,5.169,0.852,0
22,61,1.944,68.81,5.075,0.761,0
22,62,1.892,67.14,5.146,0.618,0
22,63,2.087,64.13,5.03,0.672,0
22,64,1.934,67.99,5.129,0.828,0
22,65,2.034,68.55,5.087,0.925,0
22,66,3.118,65.15,5.096,0.677,0
22,67,2.279,67.58,5.031,0.851,0
22,68,2.009,66.96,5.094,0.604,0
22,69,2.325,68.54,4.847,0.974,0
22,70,2.125,69.4,5.175,0.679,0
22,71,2.002,67.27,5.056,0.803,0
22,72,2.088,67.25,4.946,0.656,0
22,73,2.015,66.49,5.053,0.66,0
22,74,1.975,69.56,4.838,0.977,0
22,75,2.234,68.33,4.958,0.912,0
22,76,2.013,69.15,5.046,0.992,0
22,77,2.298,68.86,5.064,0.728,0
22,78,2.281,69.55,4.782,0.876,0
22,79,2.23,67.74,5.037,0.667,0
22,80,2.126,69.68,5.109,0.918,0
22,81,2.129,69.11,4.967,0.956,0
22,82,2.094,66.77,4.939,0.664,0
22,83,2.236,66.78,4.884,0.747,0
22,84,2.351,68.87,5.11,0.877,0
22,85,2.0,68.98,4.835,0.724,0
22,86,2.16,67.94,4.883,0.884,0
22,87,2.118,68.17,4.975,0.782,0
22,88,2.376,67.39,4.857,0.795,0
22,89,2.467,68.56,4.871,0.864,0
22,90,2.211,67.81,4.867,0.635,0
22,91,2.253,68.44,4.835,0.63,0
22,92,2.332,69.19,5.131,0.672,0
22,93,2.05,66.48,4.956,0.615,0
22,94,2.118,70.39,4.894,0.836,0
22,95,2.33,69.38,4.945,0.784,0
22,96,2.217,70.04,4.839,0.832,0
22,97,2.422,69.19,4.954,0.607,0
22,98,2.386,71.57,4.798,0.989,0
22,99,2.557,68.28,4.774,0.767,0
22,100,2.268,69.44,4.774,0.796,0
22,101,2.234,69.03,4.827,0.647,0
22,102,2.232,70.32,4.969,0.779,0
22,103,2.219,68.71,4.823,0.725,0
22,104,2.431,70.0,5.111,0.91,0
22,105,2.562,69.73,4.897,0.97,0
22,106,2.369,71.31,4.742,0.992,0
22,107,2.501,69.88,4.845,0.608,0
22,108,2.571,69.58,4.838,0.793,0
22,109,2.633,71.71,4.771,0.974,0
22,110,2.489,68.81,5.058,0.679,0
22,111,2.387,70.15,4.852,0.827,0
22,112,2.475,69.06,4.826,0.62,0
22,113,2.698,70.72,4.702,0.836,0
22,114,2.754,70.87,4.802,0.987,0
22,115,2.92,72.35,4.727,0.976,0
22,116,3.063,69.94,4.64,0.821,0
22,117,2.833,70.21,4.916,0.633,0
22,118,2.696,69.38,4.592,0.753,0
22,119,2.497,71.21,4.765,0.75,0
22,120,2.869,72.37,4.798,0.866,0
22,121,2.941,73.47,4.609,0.931,0
22,122,2.655,71.12,4.651,0.641,0
22,123,2.831,71.67,4.645,0.856,0
22,124,3.085,71.26,4.78,0.93,0
22,125,2.967,70.8,4.538,0.737,0
22,126,2.733,70.34,4.586,0.739,0
22,127,2.936,69.82,4.806,0.907,0
22,128,3.072,71.02,4.743,0.683,0
22,129,3.068,71.11,4.791,0.709,0
22,130,3.029,70.96,4.671,0.648,0
22,131,2.823,72.09,4.711,0.94,0
22,132,2.974,70.01,4.916,0.863,0
22,133,3.142,71.31,4.514,0.656,0
22,134,3.338,73.1,4.672,0.795,0
22,135,3.358,71.66,4.601,0.658,0
22,136,3.088,70.0,4.625,0.661,0
22,137,3.195,72.62,4.459,0.62,0
22,138,3.125,73.16,4.723,0.941,0
22,139,3.089,72.75,4.564,0.826,0
22,140,3.378,72.82,4.453,0.964,0
22,141,3.208,73.02,4.563,0.827,0
22,142,3.351,74.58,4.419,0.965,0
22,143,3.586,71.28,4.708,0.829,0
22,144,3.588,72.35,4.539,0.682,0
22,145,3.638,73.63,4.352,0.987,0
22,146,3.692,73.1,4.488,0.609,0
22,147,3.778,74.03,4.491,0.914,0
22,148,3.542,74.21,4.502,0.835,0
22,149,3.79,75.99,4.399,0.892,0
22,150,3.674,72.73,4.487,0.613,0
22,151,3.697,73.96,4.387,0.663,0
22,152,3.866,74.51,4.38,0.65,0
22,153,3.77,75.04,4.433,0.9,0
22,154,3.772,74.25,4.618,0.71,0
22,155,3.792,74.12,4.472,0.815,0
22,156,3.996,74.04,4.482,0.656,0
22,157,4.096,73.95,4.491,0.719,0
22,158,4.137,76.02,4.596,0.809,0
22,159,3.985,73.34,4.442,0.784,0
22,160,4.352,73.89,4.42,0.637,0
22,161,3.982,76.62,4.449,0.956,0
22,162,4.261,76.48,4.358,0.899,0
22,163,4.141,74.34,4.256,0.655,0
22,164,4.186,74.77,4.343,0.796,0
22,165,4.324,75.62,4.336,0.961,0
22,166,4.302,75.38,4.433,0.851,0
22,167,4.402,78.57,4.39,0.892,0
22,168,4.403,73.61,4.327,0.643,1
22,169,1.817,67.0,4.903,0.787,0
22,170,1.656,67.03,5.079,0.995,0
22,171,1.974,65.2,4.972,0.977,0
22,172,1.949,64.16,5.153,0.702,0
22,173,1.807,66.5,5.079,0.822,0
22,174,1.895,65.15,5.119,0.945,0
22,175,1.72,65.1,5.209,0.646,0
22,176,1.873,67.35,5.289,0.92,0
22,177,1.865,65.31,5.19,0.861,0
22,178,1.936,65.02,5.207,0.64,0
22,179,2.123,64.26,5.142,0.659,0
22,180,2.208,65.11,5.254,0.749,0
22,181,1.792,66.22,5.176,0.904,0
22,182,1.89,64.99,5.168,0.825,0
22,183,3.388,65.94,5.211,0.794,0
22,184,1.649,66.93,5.197,0.953,0
22,185,1.965,65.16,5.268,0.736,0
22,186,1.795,67.18,5.119,0.77,0
22,187,1.917,65.61,5.116,0.689,0
22,188,2.262,66.6,5.189,0.644,0
22,189,1.834,65.63,5.284,0.963,0
22,190,1.853,66.35,5.244,0.753,0
22,191,1.818,66.87,5.169,0.704,0
22,192,1.694,64.87,5.079,0.621,0
22,193,2.09,65.81,5.221,0.981,0
22,194,1.89,64.13,5.066,0.732,0
22,195,1.545,66.03,5.147,0.724,0
22,196,1.876,67.18,5.264,0.961,0
22,197,1.805,66.83,4.979,0.937,0
22,198,1.94,66.44,5.11,0.721,0
22,199,1.862,64.98,4.981,0.821,0
22,200,2.04,68.19,5.14,0.983,0
22,201,2.137,65.26,4.944,0.649,0
22,202,2.134,64.76,5.077,0.711,0
22,203,1.941,66.77,4.982,0.785,0
22,204,2.165,66.75,5.161,0.806,0
22,205,1.907,68.89,5.245,0.878,0
22,206,1.956,65.69,4.937,0.706,0
22,207,2.11,65.86,5.186,0.764,0
22,208,1.942,64.19,5.126,0.711,0
22,209,1.994,66.01,5.034,0.672,0
22,210,1.832,69.05,4.984,0.809,0
22,211,2.015,67.58,5.044,0.803,0
22,212,2.117,65.44,5.133,0.672,0
22,213,1.664,69.04,4.995,0.976,0
22,214,1.82,67.07,5.133,0.98,0
22,215,1.993,67.56,4.874,0.916,0
22,216,2.255,65.99,4.965,0.643,0
22,217,1.882,66.14,5.075,0.996,0
22,218,2.139,65.21,4.917,0.706,0
22,219,1.808,67.31,5.072,0.688,0
22,220,1.957,65.55,5.254,0.688,0
22,221,1.944,67.04,5.162,0.922,0
22,222,1.9,64.72,5.227,0.618,0
22,223,2.157,68.29,4.938,0.991,0
22,224,1.63,66.44,4.961,0.791,0
22,225,1.775,65.78,5.201,0.706,0
22,226,1.87,68.05,4.975,0.922,0
22,227,2.098,68.01,5.034,0.871,0
22,228,1.974,67.87,5.013,0.741,0
22,229,2.118,67.29,4.945,0.901,0
22,230,2.096,68.48,5.031,0.999,0
22,231,1.888,67.59,4.865,0.649,0
22,232,2.046,68.11,4.837,0.909,0
22,233,1.766,65.47,5.027,0.808,0
22,234,1.996,66.23,4.864,0.716,0
22,235,1.772,65.31,5.011,0.661,0
22,236,1.787,67.59,5.106,0.894,0
22,237,2.055,65.95,5.062,0.75,0
22,238,2.16,68.29,5.078,0.975,0
22,239,2.049,65.78,5.193,0.725,0
22,240,2.242,68.31,5.029,0.888,0
22,241,1.666,65.96,4.913,0.637,0
22,242,2.015,66.57,4.866,0.606,0
22,243,2.037,68.33,4.951,0.742,0
22,244,2.01,67.36,5.029,0.695,0
22,245,1.589,66.61,5.216,0.642,0
22,246,2.214,66.01,5.0,0.741,0
22,247,2.107,67.51,5.009,0.825,0
22,248,2.371,67.74,5.257,0.789,0
22,249,1.812,67.19,5.184,0.928,0
22,250,2.258,68.03,4.966,0.954,0
22,251,2.06,67.38,5.173,0.963,0
22,252,2.181,67.63,5.02,0.674,0
22,253,2.014,68.13,5.09,0.817,0
22,254,1.99,67.25,5.118,0.772,0
22,255,2.046,67.91,4.974,0.985,0
22,256,1.912,68.67,5.014,0.779,0
22,257,2.005,67.5,5.02,0.694,0
22,258,2.268,68.49,5.067,0.987,0
22,259,2.0,68.16,4.985,0.823,0
22,260,1.986,67.76,5.168,0.698,0
22,261,2.224,67.03,4.971,0.658,0
22,262,2.241,67.06,5.093,0.604,0
22,263,2.169,65.65,4.989,0.644,0
22,264,2.189,68.18,5.044,0.838,0
22,265,2.024,68.23,5.05,0.923,0
22,266,2.055,68.7,5.029,0.986,0
22,267,2.177,67.8,4.813,0.759,0
22,268,1.965,67.47,5.004,0.745,0
22,269,2.14,68.12,4.924,0.963,0
22,270,2.285,68.06,4.863,0.928,0
22,271,2.117,66.44,4.896,0.716,0
22,272,2.448,65.93,4.961,0.627,0
22,273,2.015,68.29,4.82,0.739,0
22,274,2.438,66.56,4.878,0.755,0
22,275,1.978,68.82,4.889,0.639,0
22,276,2.207,67.8,5.007,0.731,0
22,277,2.39,67.87,4.975,0.823,0
22,278,2.265,68.05,4.96,0.739,0
22,279,2.281,69.64,4.848,0.947,0
22,280,2.305,68.34,4.942,0.631,0
22,281,2.138,68.16,4.846,0.671,0
22,282,2.014,67.32,4.828,0.699,0
22,283,4.39,67.3,4.926,0.825,0
22,284,2.45,66.65,4.867,0.669,0
22,285,2.759,67.73,4.844,0.87,0
22,286,2.217,68.96,4.881,0.987,0
22,287,2.118,69.54,4.955,0.933,0
22,288,2.299,66.26,4.901,0.647,0
22,289,2.103,68.15,4.994,0.604,0
22,290,2.515,68.93,4.726,0.607,0
22,291,2.289,70.53,4.888,0.978,0
22,292,2.049,69.73,4.874,0.835,0
22,293,2.39,68.32,4.796,0.622,0
22,294,2.357,69.83,4.782,0.829,0
22,295,2.246,69.96,4.639,0.95,0
22,296,2.544,68.81,5.032,0.753,0
22,297,2.405,69.21,4.74,0.751,0
22,298,2.094,68.44,5.003,0.847,0
22,299,2.574,69.23,4.806,0.877,0
22,300,2.402,70.19,5.004,0.965,0
22,301,2.392,69.1,4.617,0.763,0
22,302,2.362,72.01,4.844,0.994,0
22,303,2.258,69.02,4.954,0.845,0
22,304,2.279,70.75,4.826,0.616,0
22,305,2.85,69.22,4.858,0.829,0
22,306,2.383,68.33,4.842,0.702,0
22,307,2.532,69.58,4.857,0.742,0
22,308,2.445,70.5,5.062,0.842,0
22,309,2.897,70.86,4.91,0.995,0
22,310,2.564,72.66,4.781,0.905,0
22,311,2.458,67.81,4.765,0.751,0
22,312,2.41,70.53,4.856,0.855,0
22,313,2.765,70.09,4.773,0.742,0
22,314,2.651,71.17,4.801,0.928,0
22,315,2.866,69.32,4.695,0.908,0
22,316,2.643,71.2,4.916,0.995,0
22,317,2.582,69.81,4.821,0.737,0
22,318,2.661,71.08,4.856,0.997,0
22,319,2.538,70.03,4.824,0.817,0
22,320,2.568,68.88,4.854,0.701,0
22,321,2.706,70.91,4.644,0.73,0
22,322,2.894,69.75,4.719,0.716,0
22,323,2.775,70.05,4.766,0.638,0
22,324,2.645,71.05,4.796,0.931,0
22,325,2.526,69.44,4.62,0.676,0
22,326,2.779,69.01,4.685,0.633,0
22,327,2.789,70.12,4.799,0.828,0
22,328,2.786,70.26,4.911,0.653,0
22,329,2.727,71.33,4.57,0.858,0
22,330,2.841,73.9,4.716,0.972,0
22,331,2.654,73.52,4.875,0.926,0
22,332,2.731,73.07,4.757,0.969,0
22,333,2.832,69.51,4.658,0.825,0
22,334,2.896,70.71,4.751,0.717,0
22,335,2.828,71.18,4.802,0.752,0
22,336,2.819,71.1,4.822,0.609,0
22,337,2.874,71.51,4.64,0.655,0
22,338,2.981,72.89,4.763,0.956,0
22,339,3.151,72.11,4.817,0.969,0
22,340,2.864,71.16,4.67,0.816,0
22,341,3.015,71.04,4.672,0.714,0
22,342,2.667,72.13,4.636,0.986,0
22,343,2.899,69.81,4.748,0.708,0
22,344,3.08,71.35,4.661,0.827,0
22,345,3.028,70.91,4.56,0.751,0
22,346,3.126,71.08,4.559,0.845,0
22,347,2.943,73.05,4.562,0.961,0
22,348,3.201,70.85,4.679,0.752,0
22,349,3.302,70.91,4.654,0.742,0
22,350,2.943,72.38,4.611,0.605,0
22,351,3.405,71.74,4.676,0.8,0
22,352,3.464,73.52,4.576,0.616,0
22,353,3.392,73.3,4.573,0.619,0
22,354,3.267,74.31,4.678,0.982,0
22,355,3.397,73.08,4.697,0.682,0
22,356,3.6,75.34,4.76,0.981,0
22,357,3.296,72.82,4.565,0.844,0
22,358,3.251,71.9,4.465,0.66,0
22,359,3.35,72.25,4.483,0.648,0
22,360,3.253,72.13,4.468,0.727,0
22,361,3.535,74.58,4.748,0.962,0
22,362,3.325,71.08,4.674,0.621,0
22,363,3.553,71.61,4.323,0.806,0
22,364,3.557,74.14,4.406,0.771,0
23,0,1.986,59.31,5.058,0.89,0
23,1,1.992,56.34,4.896,0.641,0
23,2,2.363,57.87,5.084,0.993,0
23,3,2.131,56.06,5.033,0.602,0
23,4,2.08,57.55,5.039,0.841,0
23,5,2.074,57.61,5.033,0.825,0
23,6,2.148,58.33,5.181,0.968,0
23,7,2.057,59.56,5.049,0.881,0
23,8,2.375,55.93,5.221,0.622,0
23,9,2.049,57.88,5.144,0.78,0
23,10,2.46,57.49,5.015,0.739,0
23,11,2.168,59.43,5.084,0.848,0
23,12,2.302,57.36,4.986,0.846,0
23,13,2.28,56.18,4.967,0.652,0
23,14,1.826,54.98,5.093,0.627,0
23,15,2.031,59.67,5.066,0.949,0
23,16,2.121,56.25,5.213,0.652,0
23,17,2.238,56.85,5.08,0.691,0
23,18,2.259,57.17,5.012,0.782,0
23,19,2.025,59.71,4.952,0.875,0
23,20,2.313,57.67,4.902,0.692,0
23,21,1.945,56.67,4.972,0.622,0
23,22,1.878,56.93,5.003,0.645,0
23,23,1.864,59.75,4.977,0.694,0
23,24,2.449,56.54,5.066,0.927,0
23,25,2.053,59.72,4.979,0.887,0
23,26,2.053,58.06,5.15,0.974,0
23,27,1.871,57.34,4.992,0.907,0
23,28,2.483,58.71,5.087,0.767,0
23,29,2.121,56.64,5.088,0.691,0
23,30,2.374,57.64,5.266,0.842,0
23,31,2.066,58.67,5.075,0.943,0
23,32,2.192,58.71,4.85,0.854,0
23,33,2.3,57.5,4.873,0.818,0
23,34,2.302,57.66,5.051,0.681,0
23,35,2.299,58.01,5.035,0.702,0
23,36,2.375,58.09,4.947,0.925,0
23,37,2.314,56.72,5.218,0.717,0
23,38,2.191,57.37,5.023,0.699,0
23,39,2.228,56.53,5.109,0.776,0
23,40,2.275,57.77,4.941,0.793,0
23,41,2.387,58.79,4.838,0.746,0
23,42,2.153,58.51,4.889,0.792,0
23,43,2.241,58.13,5.011,0.785,0
23,44,2.224,58.73,4.818,0.754,0
23,45,2.092,59.21,4.95,0.881,0
23,46,2.511,58.19,4.943,0.87,0
23,47,2.322,59.11,4.793,0.894,0
23,48,3.695,58.0,4.984,0.872,0
23,49,2.235,59.34,4.902,0.696,0
23,50,2.171,58.69,4.929,0.719,0
23,51,4.674,60.7,4.755,0.978,0
23,52,2.257,58.12,4.934,0.619,0
23,53,2.086,57.64,4.922,0.912,0
23,54,2.182,59.68,4.883,0.96,0
23,55,2.474,60.69,5.029,0.952,0
23,56,2.481,58.95,4.762,0.684,0
23,57,2.33,57.9,4.92,0.722,0
23,58,2.615,57.91,4.882,0.715,0
23,59,2.284,59.78,4.871,0.854,0
23,60,2.564,59.15,4.982,0.836,0
23,61,2.708,60.93,4.855,0.955,0
23,62,2.577,60.65,4.923,0.953,0
23,63,2.427,56.46,5.104,0.708,0
23,64,2.376,59.41,4.867,0.854,0
23,65,2.32,59.69,4.922,0.931,0
23,66,2.349,58.47,4.841,0.724,0
23,67,2.419,58.58,4.835,0.968,0
23,68,2.46,60.41,4.762,0.909,0
23,69,2.336,58.36,5.005,0.698,0
23,70,2.392,57.69,4.988,0.758,0
23,71,2.45,58.55,5.055,0.701,0
23,72,2.706,60.42,4.84,0.995,0
23,73,2.436,60.46,4.705,0.971,0
23,74,2.679,58.92,4.801,0.724,0
23,75,2.498,59.76,4.754,0.621,0
23,76,2.46,57.83,4.654,0.629,0
23,77,2.386,60.12,4.824,0.966,0
23,78,2.53,58.04,4.85,0.715,0
23,79,2.415,60.71,5.014,0.75,0
23,80,2.561,58.83,4.782,0.601,0
23,81,2.551,60.64,4.949,0.925,0
23,82,2.427,60.59,4.796,0.679,0
23,83,2.519,58.51,4.801,0.69,0
23,84,2.681,60.97,4.829,0.951,0
23,85,2.686,59.19,4.826,0.692,0
23,86,2.63,58.86,4.717,0.78,0
23,87,2.794,59.92,4.985,0.766,0
23,88,2.527,60.97,4.748,0.889,0
23,89,2.638,59.85,4.811,0.665,0
23,90,2.936,58.66,4.786,0.82,0
23,91,2.722,60.5,4.827,0.805,0
23,92,2.634,60.35,4.756,0.856,0
23,93,2.91,61.66,4.754,0.787,0
23,94,2.915,61.74,4.5,0.646,0
23,95,2.867,60.94,4.587,0.953,0
23,96,2.847,60.92,4.747,0.771,0
23,97,2.572,63.24,4.708,0.978,0
23,98,2.664,60.62,4.689,0.88,0
23,99,2.873,61.21,4.849,0.645,0
23,100,2.764,63.02,4.767,0.837,0
23,101,2.765,60.42,5.037,0.759,0
23,102,2.935,62.14,4.735,0.8,0
23,103,2.659,60.93,4.715,0.697,0
23,104,2.863,60.91,4.672,0.706,0
23,105,2.97,64.73,4.537,0.881,0
23,106,3.13,62.44,4.669,0.772,0
23,107,2.769,62.62,4.796,0.743,0
23,108,2.866,62.1,4.646,0.663,0
23,109,3.12,60.69,4.742,0.606,0
23,110,2.747,61.46,4.767,0.741,0
23,111,3.041,61.64,4.775,0.625,0
23,112,3.027,61.75,4.785,0.973,0
23,113,2.977,63.12,4.766,0.818,0
23,114,4.327,60.26,4.738,0.687,0
23,115,3.318,61.47,4.41,0.637,0
23,116,3.169,63.57,4.505,0.879,0
23,117,2.979,59.36,4.707,0.713,0
23,118,3.153,61.84,4.641,0.73,0
23,119,3.227,60.9,4.603,0.876,0
23,120,3.118,62.95,4.681,0.983,0
23,121,3.232,64.42,4.646,0.844,0
23,122,3.332,61.76,4.729,0.623,0
23,123,3.041,62.83,4.629,0.673,0
23,124,3.207,61.19,4.483,0.721,0
23,125,3.298,61.27,4.597,0.68,0
23,126,2.883,64.15,4.548,0.923,0
23,127,3.387,61.28,4.572,0.766,0
23,128,3.335,62.67,4.596,0.713,0
23,129,3.276,64.92,4.487,0.923,0
23,130,3.365,63.32,4.752,0.91,0
23,131,3.315,61.61,4.645,0.952,0
23,132,3.343,64.32,4.462,0.833,0
23,133,3.428,62.43,4.722,0.607,0
23,134,3.407,62.79,4.498,0.707,0
23,135,3.306,65.07,4.507,0.993,0
23,136,3.724,61.77,4.478,0.688,0
23,137,3.3,63.37,4.625,0.63,0
23,138,3.359,63.39,4.465,0.718,0
23,139,3.699,63.68,4.437,0.984,0
23,140,3.617,63.1,4.513,0.653,0
23,141,3.536,63.84,4.339,0.641,0
23,142,3.738,62.81,4.579,0.724,0
23,143,3.573,64.56,4.498,0.881,0
23,144,3.779,64.43,4.475,0.695,0
23,145,3.651,63.41,4.48,0.663,0
23,146,3.527,65.31,4.451,0.904,0
23,147,3.847,65.43,4.496,0.97,0
23,148,3.754,64.12,4.621,0.757,0
23,149,6.026,65.52,4.427,0.83,0
23,150,3.894,64.33,4.492,0.845,0
23,151,3.927,64.85,4.502,0.769,0
23,152,4.17,64.28,4.374,0.819,0
23,153,3.859,64.62,4.488,0.934,0
23,154,3.875,63.08,4.393,0.664,0
23,155,4.037,64.37,4.452,0.794,0
23,156,4.136,64.73,4.394,0.867,0
23,157,3.975,65.4,4.398,0.721,0
23,158,3.992,65.14,4.451,0.616,0
23,159,4.156,66.06,4.308,0.801,0
23,160,4.102,66.74,4.493,0.949,0
23,161,3.965,65.21,4.372,0.886,0
23,162,4.257,67.46,4.286,0.96,0
23,163,3.907,67.31,4.287,0.787,0
23,164,4.109,65.27,4.176,0.71,0
23,165,4.541,65.77,4.379,0.624,0
23,166,4.33,67.22,4.296,0.946,0
23,167,4.31,64.79,4.289,0.818,0
23,168,4.126,67.29,4.328,0.794,0
23,169,4.503,65.37,4.227,0.701,0
23,170,4.5,66.34,4.302,0.644,0
23,171,4.481,64.77,4.465,0.66,0
23,172,4.661,66.32,4.392,0.677,0
23,173,4.721,67.78,4.387,0.922,0
23,174,4.78,67.39,4.417,0.843,0
23,175,4.652,65.03,4.441,0.602,0
23,176,4.651,67.18,4.19,0.699,0
23,177,4.766,68.81,4.308,0.888,1
23,178,2.235,56.99,5.22,0.877,0
23,179,2.188,56.26,5.089,0.67,0
23,180,2.212,55.28,4.845,0.687,0
23,181,2.124,56.43,4.954,0.96,0
23,182,2.243,56.21,4.902,0.776,0
23,183,2.095,57.42,5.146,0.828,0
23,184,2.329,57.65,5.079,0.875,0
23,185,2.267,55.93,5.051,0.681,0
23,186,2.415,55.21,5.188,0.64,0
23,187,2.043,57.51,5.261,0.807,0
23,188,4.804,58.55,5.125,0.937,0
23,189,3.869,57.56,5.033,0.833,0
23,190,2.208,57.65,5.074,0.9,0
23,191,1.952,56.83,5.178,0.841,0
23,192,2.264,58.99,4.995,0.823,0
23,193,2.199,56.7,5.003,0.922,0
23,194,2.1,54.31,5.256,0.609,0
23,195,2.193,56.46,5.236,0.703,0
23,196,1.925,54.6,5.048,0.649,0
23,197,2.091,53.83,4.991,0.614,0
23,198,2.202,58.78,4.944,0.792,0
23,199,2.016,54.31,5.063,0.645,0
23,200,1.867,54.8,5.044,0.73,0
23,201,2.099,55.95,5.04,0.836,0
23,202,2.147,58.05,4.97,0.712,0
23,203,2.375,58.5,5.02,0.929,0
23,204,2.128,55.87,5.318,0.671,0
23,205,2.337,57.43,5.072,0.8,0
23,206,2.386,59.63,5.076,0.948,0
23,207,1.98,56.94,5.003,0.646,0
23,208,2.369,56.48,5.134,0.858,0
23,209,2.54,58.32,5.086,0.733,0
23,210,2.037,57.19,4.941,0.617,0
23,211,2.137,57.85,5.033,0.854,0
23,212,2.096,54.72,5.183,0.635,0
23,213,2.235,56.86,4.857,0.736,0
23,214,2.315,56.25,4.971,0.66,0
23,215,1.994,58.5,4.985,0.794,0
23,216,2.259,56.88,5.098,0.841,0
23,217,2.131,57.53,4.987,0.647,0
23,218,1.99,57.9,4.952,0.801,0
23,219,2.233,55.63,4.88,0.643,0
23,220,1.934,57.12,5.015,0.881,0
23,221,2.106,60.11,5.074,0.935,0
23,222,2.368,56.37,5.034,0.799,0
23,223,2.159,58.63,5.066,0.956,0
23,224,2.12,57.79,4.985,0.85,0
23,225,2.249,57.38,5.07,0.607,0
23,226,2.127,59.09,4.876,0.849,0
23,227,2.127,58.2,5.045,0.821,0
23,228,2.077,56.96,5.159,0.742,0
23,229,2.311,57.94,4.955,0.807,0
23,230,2.382,58.36,5.032,0.679,0
23,231,2.123,55.05,5.132,0.639,0
23,232,1.968,57.65,4.983,0.757,0
23,233,2.05,56.9,5.016,0.692,0
23,234,2.501,57.86,5.128,0.687,0
23,235,2.171,58.56,4.798,0.849,0
23,236,1.976,59.51,4.847,0.761,0
23,237,2.329,59.13,4.905,0.693,0
23,238,2.069,60.47,4.942,0.959,0
23,239,2.205,55.4,4.969,0.643,0
23,240,2.403,57.67,4.871,0.675,0
23,241,2.248,57.97,4.995,0.946,0
23,242,2.309,57.34,4.807,0.825,0
23,243,1.891,58.48,4.938,0.823,0
23,244,2.418,57.88,4.896,0.815,0
23,245,2.405,57.75,5.166,0.919,0
23,246,2.281,58.46,5.033,0.946,0
23,247,2.165,59.99,4.978,0.956,0
23,248,2.052,57.45,5.041,0.697,0
23,249,2.261,57.65,4.892,0.7,0
23,250,2.284,59.65,5.016,0.836,0
23,251,2.316,58.19,5.013,0.692,0
23,252,2.393,55.45,4.999,0.614,0
23,253,2.204,56.29,4.849,0.721,0
23,254,2.481,56.03,4.971,0.769,0
23,255,2.103,56.97,4.802,0.664,0
23,256,2.135,60.33,5.047,0.994,0
23,257,2.301,61.04,4.978,0.782,0
23,258,2.123,57.67,4.826,0.723,0
23,259,2.714,59.43,5.109,0.729,0
23,260,2.385,58.39,5.035,0.66,0
23,261,2.623,60.05,5.026,0.937,0
23,262,2.444,60.29,4.932,0.984,0
23,263,2.457,57.41,4.907,0.642,0
23,264,2.437,60.61,4.803,0.971,0
23,265,2.176,59.8,4.932,0.765,0
23,266,2.282,60.86,4.635,0.932,0
23,267,2.558,60.25,4.726,0.971,0
23,268,2.468,58.8,4.935,0.625,0
23,269,2.333,59.1,4.93,0.685,0
23,270,2.518,58.71,4.823,0.973,0
23,271,2.338,59.24,4.877,0.857,0
23,272,2.466,60.54,4.98,0.939,0
23,273,2.333,59.12,4.809,0.864,0
23,274,2.41,59.55,4.767,0.855,0
23,275,2.471,61.28,4.773,0.964,0
23,276,2.793,60.31,5.062,0.914,0
23,277,2.695,59.86,4.602,0.986,0
23,278,2.671,60.48,4.696,0.744,0
23,279,2.806,60.59,4.872,0.674,0
23,280,2.692,60.42,5.102,0.761,0
23,281,4.353,60.49,4.749,0.794,0
23,282,2.723,60.24,4.982,0.652,0
23,283,2.574,59.56,4.989,0.784,0
23,284,2.503,58.51,4.999,0.625,0
23,285,2.887,61.96,4.94,0.806,0
23,286,2.736,60.05,4.757,0.742,0
23,287,2.745,59.38,4.897,0.814,0
23,288,2.975,61.75,4.594,0.97,0
23,289,2.75,59.12,4.86,0.738,0
23,290,2.934,63.65,4.785,0.968,0
23,291,2.465,62.58,4.834,0.913,0
23,292,2.65,61.05,4.91,0.809,0
23,293,2.982,60.41,4.696,0.657,0
23,294,3.046,60.31,4.734,0.788,0
23,295,2.809,59.96,4.968,0.699,0
23,296,3.078,60.05,4.667,0.933,0
23,297,2.934,60.23,4.749,0.61,0
23,298,3.08,61.51,4.795,0.769,0
23,299,3.09,61.91,4.605,0.625,0
23,300,2.77,61.92,4.888,0.902,0
23,301,2.896,61.34,4.784,0.65,0
23,302,2.687,61.55,4.539,0.632,0
23,303,2.888,61.72,4.637,0.846,0
23,304,3.012,62.93,4.627,0.983,0
23,305,3.149,62.66,4.746,0.87,0
23,306,2.929,61.79,4.739,0.895,0
23,307,3.093,62.74,4.698,0.805,0
23,308,3.056,62.19,4.76,0.905,0
23,309,3.161,63.2,4.728,0.716,0
23,310,3.277,63.62,4.875,0.727,0
23,311,2.908,62.21,4.695,0.77,0
23,312,3.323,60.98,4.642,0.618,0
23,313,3.212,62.0,4.755,0.671,0
23,314,3.118,63.35,4.509,0.809,0
23,315,3.137,63.06,4.84,0.7,0
23,316,3.293,62.78,4.699,0.807,0
23,317,3.216,63.78,4.634,0.986,0
23,318,3.407,63.05,4.725,0.906,0
23,319,3.122,62.38,4.471,0.656,0
23,320,3.288,64.31,4.656,0.758,0
23,321,3.493,64.43,4.675,0.879,0
23,322,3.147,61.76,4.752,0.647,0
23,323,3.327,63.76,4.551,0.836,0
23,324,3.412,61.25,4.675,0.618,0
23,325,3.426,61.17,4.364,0.767,0
23,326,3.311,63.95,4.703,0.781,0
23,327,3.481,61.65,4.585,0.651,0
23,328,3.937,62.07,4.462,0.689,0
23,329,3.611,62.45,4.54,0.662,0
23,330,3.622,67.06,4.338,0.999,0
23,331,3.734,63.72,4.547,0.881,0
23,332,3.549,63.74,4.384,0.656,0
23,333,4.209,66.37,4.42,0.98,0
23,334,3.786,64.02,4.427,0.604,0
23,335,3.956,65.5,4.429,0.741,0
23,336,3.794,63.42,4.424,0.701,0
23,337,3.72,63.94,4.707,0.615,0
23,338,3.952,65.03,4.393,0.922,0
23,339,3.999,64.0,4.426,0.825,0
23,340,3.919,63.84,4.456,0.764,0
23,341,3.835,66.88,4.392,0.972,0
23,342,3.898,65.48,4.425,0.795,0
23,343,4.225,65.32,4.47,0.98,0
23,344,4.138,63.93,4.442,0.611,0
23,345,4.149,67.17,4.555,0.82,0
23,346,4.213,64.55,4.437,0.685,0
23,347,4.317,63.99,4.404,0.663,0
23,348,4.146,66.37,4.282,0.605,0
23,349,4.289,67.52,4.123,0.711,0
23,350,4.242,67.72,4.313,0.983,0
23,351,4.393,68.14,4.321,0.927,0
23,352,4.37,66.79,4.4,0.727,0
23,353,4.593,67.02,4.259,0.753,0
23,354,4.893,67.82,4.195,0.834,0
23,355,4.582,67.04,3.994,0.838,0
23,356,4.401,67.7,4.249,0.89,1
23,357,1.947,59.01,4.985,0.878,0
23,358,2.318,58.83,5.1,0.856,0
23,359,2.31,57.32,5.044,0.894,0
23,360,2.322,58.26,5.112,0.917,0
23,361,1.974,56.02,4.905,0.696,0
23,362,2.042,56.14,4.991,0.626,0
23,363,2.129,58.05,4.852,0.95,0
23,364,2.085,56.62,4.984,0.837,0
24,0,1.87,57.81,4.955,0.823,0
24,1,1.942,57.71,4.998,0.824,0
24,2,1.931,56.88,4.881,0.647,0
24,3,2.17,55.26,4.857,0.827,0
24,4,1.89,57.98,4.706,0.76,0
24,5,2.152,57.84,4.97,0.885,0
24,6,2.044,55.5,4.653,0.82,0
24,7,4.611,58.34,4.915,0.823,0
24,8,1.806,58.16,4.82,0.676,0
24,9,1.549,58.77,4.816,0.643,0
24,10,2.139,58.77,4.85,0.951,0
24,11,1.749,59.83,4.838,0.891,0
24,12,2.282,56.16,4.861,0.863,0
24,13,1.831,56.62,4.862,0.989,0
24,14,1.925,56.81,4.933,0.856,0
24,15,1.991,56.78,4.921,0.934,0
24,16,2.003,56.84,4.959,0.64,0
24,17,1.868,57.07,4.788,0.684,0
24,18,1.937,56.91,4.895,0.733,0
24,19,2.023,58.38,4.844,0.618,0
24,20,2.002,59.42,4.801,0.985,0
24,21,2.025,57.7,4.966,0.936,0
24,22,2.109,57.27,4.715,0.65,0
24,23,1.724,60.1,4.651,0.937,0
24,24,1.765,58.55,4.979,0.886,0
24,25,1.976,57.31,4.636,0.821,0
24,26,1.862,57.09,4.875,0.787,0
24,27,1.824,56.68,4.888,0.855,0
24,28,1.894,56.69,4.926,0.735,0
24,29,2.23,59.83,4.817,0.962,0
24,30,2.044,59.46,4.872,0.994,0
24,31,2.191,55.72,4.971,0.658,0
24,32,1.843,57.52,4.631,0.881,0
24,33,1.968,56.84,4.951,0.834,0
24,34,1.912,59.03,4.827,0.727,0
24,35,1.773,58.27,4.802,0.705,0
24,36,2.018,57.56,4.845,0.862,0
24,37,1.656,57.36,4.834,0.782,0
24,38,2.034,55.2,4.918,0.747,0
24,39,2.032,59.99,4.8,0.815,0
24,40,2.097,56.35,4.861,0.61,0
24,41,1.836,57.48,4.768,0.732,0
24,42,1.987,58.07,4.698,0.688,0
24,43,1.755,56.16,4.793,0.832,0
24,44,1.745,58.42,4.809,0.789,0
24,45,1.805,59.54,4.679,0.898,0
24,46,4.371,58.84,4.882,0.972,0
24,47,1.827,59.83,4.747,0.846,0
24,48,1.921,58.09,4.889,0.701,0
24,49,1.88,58.21,4.592,0.907,0
24,50,1.999,59.33,4.75,0.748,0
24,51,1.973,61.11,4.758,1.0,0
24,52,2.04,60.4,4.563,0.952,0
24,53,1.805,59.25,4.82,0.988,0
24,54,2.212,58.76,4.722,0.873,0
24,55,2.165,59.97,4.817,0.861,0
24,56,1.928,58.23,4.812,0.682,0
24,57,1.886,58.95,4.929,0.754,0
24,58,2.128,58.84,4.774,0.932,0
24,59,2.169,61.93,4.671,0.825,0
24,60,2.109,59.05,4.781,0.649,0
24,61,2.163,60.52,4.89,0.934,0
24,62,2.346,60.92,4.702,0.969,0
24,63,1.749,60.7,4.691,0.876,0
24,64,2.018,61.22,4.674,0.992,0
24,65,2.305,59.5,4.519,0.913,0
24,66,1.968,60.37,4.844,0.866,0
24,67,1.875,61.28,4.604,0.802,0
24,68,2.223,59.33,4.744,0.778,0
24,69,2.046,61.99,4.756,0.914,0
24,70,1.92,60.85,4.635,0.812,0
24,71,2.142,60.43,4.748,0.754,0
24,72,2.373,61.15,4.546,0.739,0
24,73,2.274,60.69,4.69,0.615,0
24,74,2.479,61.88,4.65,0.706,0
24,75,2.382,60.3,4.665,0.605,0
24,76,2.221,60.45,4.558,0.704,0
24,77,2.433,61.43,4.689,0.88,0
24,78,2.397,61.78,4.692,0.803,0
24,79,2.287,60.43,4.493,0.689,0
24,80,2.334,61.99,4.777,0.998,0
24,81,2.349,61.55,4.767,0.786,0
24,82,2.465,61.32,4.418,0.709,0
24,83,2.363,60.04,4.77,0.8,0
24,84,2.399,63.45,4.552,0.91,0
24,85,2.49,61.0,4.529,0.763,0
24,86,2.511,62.88,4.347,0.888,0
24,87,2.679,61.35,4.553,0.698,0
24,88,2.615,60.41,4.605,0.744,0
24,89,2.314,61.9,4.507,0.735,0
24,90,2.563,62.39,4.609,0.86,0
24,91,2.664,61.52,4.628,0.738,0
24,92,2.5,60.69,4.43,0.885,0
24,93,2.383,60.47,4.423,0.827,0
24,94,2.516,60.91,4.702,0.836,0
24,95,2.761,62.02,4.715,0.82,0
24,96,2.777,59.66,4.464,0.616,0
24,97,2.59,60.94,4.451,0.775,0
24,98,2.579,60.91,4.557,0.828,0
24,99,2.762,62.09,4.473,0.625,0
24,100,2.74,62.97,4.474,0.838,0
24,101,2.781,62.91,4.549,0.715,0
24,102,2.824,62.59,4.452,0.765,0
24,103,2.534,62.34,4.461,0.831,0
24,104,5.029,63.59,4.524,0.948,0
24,105,2.727,61.74,4.627,0.805,0
24,106,2.53,63.03,4.522,0.884,0
24,107,2.9,60.91,4.321,0.787,0
24,108,2.839,63.47,4.558,0.809,0
24,109,2.985,63.8,4.661,0.936,0
24,110,2.989,62.75,4.453,0.818,0
24,111,2.916,66.04,4.398,0.916,0
24,112,2.992,63.71,4.447,0.98,0
24,113,3.185,63.41,4.376,0.791,0
24,114,3.177,63.63,4.423,0.743,0
24,115,3.371,64.08,4.404,0.982,0
24,116,3.295,63.85,4.309,0.848,0
24,117,3.06,64.06,4.533,0.914,0
24,118,3.265,61.86,4.447,0.639,0
24,119,4.638,64.43,4.452,0.942,0
24,120,3.523,62.44,4.322,0.74,0
24,121,3.358,63.36,4.226,0.838,0
24,122,3.164,66.3,4.173,0.873,0
24,123,3.401,63.23,4.373,0.731,0
24,124,3.282,64.78,4.397,0.814,0
24,125,3.375,64.87,4.299,0.841,0
24,126,3.645,63.49,4.382,0.733,0
24,127,3.665,66.59,4.188,0.79,0
24,128,3.556,68.2,4.248,0.743,0
24,129,3.281,67.52,4.263,0.95,0
24,130,3.557,65.42,4.284,0.762,0
24,131,3.579,66.81,4.279,0.872,0
24,132,3.792,67.56,4.188,0.861,0
24,133,3.962,67.51,4.212,0.835,0
24,134,3.863,66.45,4.169,0.967,0
24,135,3.718,64.55,4.095,0.705,0
24,136,4.015,67.07,4.204,0.84,0
24,137,3.889,65.57,4.061,0.652,0
24,138,4.095,65.7,4.237,0.869,0
24,139,3.813,69.57,4.173,0.982,0
24,140,4.187,65.07,4.044,0.628,0
24,141,4.047,68.87,4.024,0.988,0
24,142,4.251,65.77,4.177,0.698,0
24,143,4.3,68.5,4.062,0.832,0
24,144,4.216,66.29,4.127,0.603,0
24,145,4.458,64.59,3.993,0.738,0
24,146,4.373,67.73,4.104,0.904,0
24,147,4.388,68.72,4.072,0.83,1
24,148,2.157,58.97,4.981,0.667,0
24,149,1.55,60.79,5.015,0.976,0
24,150,1.765,57.31,4.939,0.838,0
24,151,2.156,57.31,4.989,0.675,0
24,152,1.937,59.77,4.884,0.969,0
24,153,1.771,59.49,4.999,0.811,0
24,154,2.046,59.16,4.975,0.915,0
24,155,1.817,56.55,4.986,0.708,0
24,156,1.962,56.24,5.028,0.713,0
24,157,1.848,56.79,4.9,0.611,0
24,158,2.071,56.58,4.901,0.755,0
24,159,1.898,55.74,4.774,0.605,0
24,160,2.145,57.36,4.824,0.625,0
24,161,1.988,57.85,4.835,0.733,0
24,162,1.969,57.22,5.006,0.807,0
24,163,2.07,55.73,4.695,0.645,0
24,164,1.913,58.51,4.783,0.916,0
24,165,1.554,56.41,4.953,0.636,0
24,166,1.968,57.44,4.79,0.74,0
24,167,1.957,55.89,4.912,0.633,0
24,168,1.674,56.72,4.959,0.642,0
24,169,1.983,56.13,4.822,0.788,0
24,170,2.167,57.76,4.959,0.766,0
24,171,1.897,55.28,4.946,0.818,0
24,172,1.831,58.76,5.022,0.646,0
24,173,2.037,56.85,4.665,0.653,0
24,174,1.934,60.16,5.029,0.936,0
24,175,2.086,57.15,4.97,0.645,0
24,176,1.792,59.4,4.902,0.947,0
24,177,2.108,57.95,4.989,0.707,0
24,178,2.123,56.28,4.805,0.639,0
24,179,1.975,56.95,4.876,0.827,0
24,180,1.918,57.75,4.877,0.913,0
24,181,1.98,57.9,4.904,0.705,0
24,182,1.604,57.32,4.886,0.754,0
24,183,1.867,58.07,4.75,0.66,0
24,184,2.03,56.73,4.701,0.686,0
24,185,1.867,57.81,4.706,0.657,0
24,186,2.07,59.54,4.911,0.843,0
24,187,1.758,55.06,4.829,0.6,0
24,188,2.13,58.24,4.778,0.911,0
24,189,1.57,59.29,4.864,0.842,0
24,190,1.933,59.12,4.947,0.972,0
24,191,1.791,56.22,4.638,0.885,0
24,192,1.777,57.53,4.832,0.925,0
24,193,2.021,56.82,4.895,0.677,0
24,194,1.517,57.75,5.042,0.647,0
24,195,1.79,58.61,4.904,0.967,0
24,196,2.142,59.31,4.737,0.855,0
24,197,1.864,55.38,4.895,0.713,0
24,198,1.853,59.17,4.888,0.97,0
24,199,1.954,57.77,4.998,0.679,0
24,200,1.887,56.31,4.769,0.719,0
24,201,1.749,59.25,4.768,0.946,0
24,202,1.882,58.96,4.787,0.847,0
24,203,2.014,56.93,4.817,0.617,0
24,204,2.072,57.53,4.814,0.71,0
24,205,1.783,60.23,4.865,0.895,0
24,206,2.079,61.14,4.815,0.947,0
24,207,2.088,57.81,4.728,0.844,0
24,208,1.968,59.58,4.73,0.985,0
24,209,1.844,59.48,5.0,0.976,0
24,210,2.0,59.21,4.955,0.874,0
24,211,2.059,56.21,4.933,0.695,0
24,212,1.964,58.41,4.885,0.857,0
24,213,1.978,57.79,4.722,0.972,0
24,214,2.127,59.07,4.755,0.971,0
24,215,1.976,56.67,4.902,0.657,0
24,216,1.703,59.49,5.009,0.85,0
24,217,1.655,58.0,5.095,0.611,0
24,218,2.024,58.37,4.765,0.884,0
24,219,1.93,58.06,4.8,0.876,0
24,220,1.857,59.12,4.749,0.772,0
24,221,1.95,57.51,4.576,0.753,0
24,222,1.988,59.29,4.861,0.773,0
24,223,2.132,58.47,4.95,0.707,0
24,224,1.799,59.4,4.646,0.859,0
24,225,2.046,57.94,4.743,0.902,0
24,226,1.908,58.11,4.654,0.775,0
24,227,1.775,58.84,4.754,0.669,0
24,228,2.243,58.11,4.693,0.812,0
24,229,2.1,60.24,4.777,0.812,0
24,230,2.202,57.48,4.683,0.729,0
24,231,2.212,60.98,4.869,0.925,0
24,232,2.078,58.29,4.812,0.664,0
24,233,1.876,58.74,4.87,0.689,0
24,234,1.894,58.08,4.71,0.656,0
24,235,2.229,58.69,4.859,0.977,0
24,236,2.038,59.97,4.868,0.94,0
24,237,2.017,56.96,4.718,0.612,0
24,238,2.287,60.29,4.707,0.716,0
24,239,2.137,58.9,4.674,0.68,0
24,240,2.138,59.5,4.848,0.66,0
24,241,2.19,58.68,4.809,0.697,0
24,242,2.188,59.67,4.799,0.877,0
24,243,2.056,56.64,4.646,0.623,0
24,244,2.261,60.14,4.697,0.688,0
24,245,1.951,59.98,4.741,0.977,0
24,246,2.02,57.69,4.522,0.657,0
24,247,2.332,60.35,4.832,0.606,0
24,248,2.158,61.2,4.743,0.963,0
24,249,2.239,57.69,4.96,0.788,0
24,250,2.253,58.89,4.775,0.708,0
24,251,1.999,60.04,4.696,0.745,0
24,252,2.058,59.76,4.619,0.958,0
24,253,2.047,61.96,4.742,0.669,0
24,254,2.011,60.73,4.619,0.941,0
24,255,2.183,59.85,4.82,0.982,0
24,256,2.139,59.77,4.715,0.602,0
24,257,2.072,59.73,4.83,0.905,0
24,258,2.183,61.31,4.676,0.984,0
24,259,2.255,60.08,4.667,0.786,0
24,260,2.413,60.15,4.528,0.822,0
24,261,2.093,61.04,4.506,0.915,0
24,262,2.251,59.26,4.734,0.744,0
24,263,2.366,60.84,4.89,0.809,0
24,264,2.292,59.92,4.672,0.693,0
24,265,2.207,57.84,4.642,0.635,0
24,266,2.274,60.38,4.526,0.643,0
24,267,2.054,58.65,4.81,0.617,0
24,268,2.449,60.74,4.605,0.914,0
24,269,2.323,61.53,4.735,0.882,0
24,270,2.314,61.7,4.586,0.854,0
24,271,2.487,59.64,4.483,0.747,0
24,272,2.616,61.02,4.625,0.691,0
24,273,2.543,62.43,4.401,0.94,0
24,274,2.534,60.46,4.638,0.6,0
24,275,2.211,60.37,4.511,0.855,0
24,276,2.488,62.62,4.623,0.764,0
24,277,2.324,62.15,4.542,0.933,0
24,278,2.652,63.7,4.613,0.931,0
24,279,2.759,62.67,4.491,0.878,0
24,280,2.478,60.59,4.456,0.661,0
24,281,2.411,60.98,4.565,0.69,0
24,282,2.491,64.71,4.559,0.971,0
24,283,2.474,59.64,4.537,0.7,0
24,284,2.659,59.94,4.624,0.813,0
24,285,2.287,60.91,4.355,0.667,0
24,286,2.422,63.33,4.432,0.615,0
24,287,2.483,61.68,4.543,0.815,0
24,288,2.609,60.51,4.564,0.683,0
24,289,2.644,59.88,4.537,0.64,0
24,290,2.573,61.11,4.533,0.626,0
24,291,2.635,60.08,4.458,0.625,0
24,292,2.411,63.39,4.475,0.968,0
24,293,2.711,61.23,4.529,0.829,0
24,294,2.679,61.14,4.743,0.74,0
24,295,2.428,59.99,4.679,0.674,0
24,296,2.539,62.29,4.375,0.881,0
24,297,2.823,60.9,4.438,0.661,0
24,298,2.508,59.31,4.34,0.791,0
24,299,2.725,63.2,4.485,0.879,0
24,300,2.482,62.59,4.645,0.705,0
24,301,2.619,62.79,4.562,0.866,0
24,302,2.803,61.55,4.469,0.793,0
24,303,2.772,63.34,4.447,0.987,0
24,304,2.851,65.08,4.263,0.879,0
24,305,2.601,60.88,4.473,0.634,0
24,306,2.78,63.48,4.363,0.662,0
24,307,2.827,62.19,4.442,0.968,0
24,308,2.874,62.27,4.443,0.792,0
24,309,2.712,62.74,4.55,0.808,0
24,310,2.866,62.24,4.422,0.601,0
24,311,2.808,63.45,4.417,0.963,0
24,312,3.03,63.43,4.437,0.856,0
24,313,2.98,62.86,4.352,0.957,0
24,314,2.847,62.82,4.354,0.922,0
24,315,2.711,64.0,4.38,0.811,0
24,316,3.204,61.05,4.523,0.74,0
24,317,3.021,64.38,4.419,0.727,0
24,318,3.029,64.02,4.26,0.985,0
24,319,2.972,63.34,4.325,0.83,0
24,320,3.179,63.23,4.293,0.728,0
24,321,3.021,64.44,4.464,0.771,0
24,322,3.143,62.32,4.371,0.624,0
24,323,3.249,65.27,4.44,0.956,0
24,324,3.199,63.35,4.254,0.773,0
24,325,3.2,64.43,4.513,0.8,0
24,326,3.168,65.99,4.344,0.875,0
24,327,3.193,63.83,4.478,0.866,0
24,328,3.348,65.56,4.456,0.952,0
24,329,3.173,64.88,4.354,0.816,0
24,330,3.013,64.15,4.59,0.838,0
24,331,3.301,62.94,4.232,0.706,0
24,332,3.393,65.08,4.274,0.812,0
24,333,3.334,64.92,4.261,0.653,0
24,334,3.313,65.0,4.23,0.744,0
24,335,3.385,64.68,4.219,0.949,0
24,336,6.291,63.66,4.378,0.637,0
24,337,3.441,66.6,4.092,0.96,0
24,338,3.677,65.44,4.351,0.917,0
24,339,3.4,67.63,4.327,0.962,0
24,340,3.654,66.2,4.259,0.728,0
24,341,3.782,66.72,4.075,0.967,0
24,342,3.613,66.33,4.31,0.84,0
24,343,3.613,67.15,4.122,0.833,0
24,344,3.808,67.47,4.318,0.864,0
24,345,3.906,65.68,4.155,0.753,0
24,346,3.953,65.77,4.244,0.776,0
24,347,3.7,67.59,4.143,0.62,0
24,348,3.952,68.05,4.169,0.956,0
24,349,4.132,66.62,4.131,0.658,0
24,350,3.909,64.46,4.086,0.721,0
24,351,3.814,65.35,4.295,0.651,0
24,352,3.965,65.44,4.12,0.953,0
24,353,4.101,67.18,4.119,0.948,0
24,354,3.903,67.07,4.289,0.972,0
24,355,3.9,66.34,4.336,0.797,0
24,356,4.045,69.53,4.313,0.999,0
24,357,4.169,66.89,4.089,0.947,0
24,358,4.179,65.97,4.122,0.809,0
24,359,4.115,68.33,3.991,0.8,0
24,360,4.363,67.83,4.089,0.764,0
24,361,4.605,67.29,4.056,0.645,0
24,362,4.347,68.38,4.084,0.961,0
24,363,4.528,68.43,4.163,0.777,0
24,364,4.303,66.75,3.721,0.62,1
25,0,2.455,60.77,4.851,0.722,0
25,1,2.399,60.78,4.82,0.781,0
25,2,2.286,61.08,4.694,0.982,0
25,3,2.241,60.46,4.809,0.932,0
25,4,2.014,59.88,4.8,0.845,0
25,5,2.144,58.97,4.736,0.649,0
25,6,2.278,61.33,4.75,0.971,0
25,7,2.327,62.98,4.689,0.975,0
25,8,2.335,59.93,4.841,0.694,0
25,9,2.23,64.42,4.737,1.0,0
25,10,2.487,58.46,4.656,0.622,0
25,11,2.255,61.47,4.651,0.656,0
25,12,2.254,62.73,4.688,0.745,0
25,13,2.543,61.55,4.578,0.977,0
25,14,2.182,62.73,4.534,0.627,0
25,15,2.261,62.35,4.695,0.712,0
25,16,2.373,63.18,4.637,0.822,0
25,17,2.302,61.67,4.689,0.786,0
25,18,2.195,61.72,4.58,0.811,0
25,19,2.267,59.55,4.622,0.731,0
25,20,2.364,59.58,4.714,0.777,0
25,21,2.483,62.31,4.528,0.784,0
25,22,2.644,61.55,4.828,0.87,0
25,23,2.624,64.93,4.6,0.863,0
25,24,2.599,60.98,4.594,0.683,0
25,25,2.397,62.01,4.685,0.818,0
25,26,2.826,61.71,4.56,0.891,0
25,27,2.282,63.66,4.624,0.86,0
25,28,2.594,60.93,4.62,0.666,0
25,29,2.622,62.36,4.552,0.85,0
25,30,2.677,61.21,4.772,0.645,0
25,31,2.552,64.44,4.418,0.834,0
25,32,2.475,60.77,4.862,0.687,0
25,33,2.732,62.38,4.794,0.761,0
25,34,2.282,64.29,4.603,0.952,0
25,35,2.755,63.92,4.629,0.985,0
25,36,2.688,63.78,4.576,0.968,0
25,37,2.647,63.32,4.474,0.873,0
25,38,2.695,60.88,4.626,0.754,0
25,39,2.766,62.89,4.605,0.846,0
25,40,2.881,61.95,4.537,0.789,0
25,41,2.766,63.81,4.544,0.893,0
25,42,2.776,63.62,4.499,0.844,0
25,43,2.766,63.63,4.527,0.981,0
25,44,2.896,62.56,4.428,0.67,0
25,45,2.53,62.21,4.351,0.747,0
25,46,3.024,63.38,4.712,0.767,0
25,47,2.563,63.73,4.652,0.632,0
25,48,2.886,65.82,4.53,0.999,0
25,49,3.045,63.18,4.461,0.685,0
25,50,3.052,65.82,4.497,0.931,0
25,51,2.897,63.77,4.646,0.832,0
25,52,2.802,64.07,4.55,0.849,0
25,53,3.122,64.34,4.544,0.739,0
25,54,2.81,63.6,4.519,0.82,0
25,55,2.856,63.53,4.607,0.766,0
25,56,2.842,62.33,4.54,0.775,0
25,57,3.161,64.86,4.419,0.988,0
25,58,2.99,64.41,4.161,0.647,0
25,59,2.811,64.01,4.446,0.848,0
25,60,2.923,64.44,4.345,0.911,0
25,61,3.164,62.78,4.395,0.704,0
25,62,3.336,64.17,4.565,0.862,0
25,63,3.171,64.61,4.457,0.75,0
25,64,3.201,65.34,4.565,0.634,0
25,65,3.418,61.79,4.224,0.622,0
25,66,3.221,67.62,4.333,0.99,0
25,67,3.399,67.69,4.561,0.885,0
25,68,3.404,65.5,4.585,0.739,0
25,69,3.125,64.51,4.407,0.75,0
25,70,3.621,67.08,4.52,0.848,0
25,71,3.621,64.46,4.406,0.838,0
25,72,3.364,65.87,4.421,0.838,0
25,73,3.429,65.6,4.388,0.658,0
25,74,3.631,65.42,4.659,0.687,0
25,75,3.279,64.49,4.326,0.686,0
25,76,3.632,66.17,4.379,0.684,0
25,77,3.405,66.31,4.29,0.602,0
25,78,3.605,65.54,4.259,0.668,0
25,79,3.736,63.3,4.314,0.7,0
25,80,3.258,67.22,4.488,0.963,0
25,81,3.49,65.55,4.312,0.821,0
25,82,3.417,67.26,4.248,0.861,0
25,83,3.864,66.37,4.384,0.708,0
25,84,3.814,67.27,4.394,0.825,0
25,85,3.846,69.49,4.234,0.938,0
25,86,3.854,67.46,4.169,0.766,0
25,87,4.036,66.64,4.416,0.638,0
25,88,3.873,66.57,4.374,0.646,0
25,89,4.038,67.02,4.134,0.889,0
25,90,3.741,68.58,4.321,0.923,0
25,91,3.948,67.66,4.346,0.931,0
25,92,3.967,67.29,4.112,0.668,0
25,93,4.19,67.21,4.26,0.617,0
25,94,4.106,67.6,4.125,0.6,0
25,95,4.611,66.19,4.089,0.661,0
25,96,4.558,69.66,4.146,0.983,0
25,97,4.173,66.47,4.166,0.777,0
25,98,4.626,68.14,4.173,0.773,1
25,99,1.729,57.8,4.947,0.779,0
25,100,2.206,55.55,4.935,0.656,0
25,101,1.911,58.71,5.123,0.98,0
25,102,2.056,59.83,5.136,0.773,0
25,103,2.152,58.61,4.892,0.703,0
25,104,1.859,57.04,4.997,0.815,0
25,105,2.009,58.71,5.036,0.797,0
25,106,2.135,58.15,5.147,0.714,0
25,107,2.011,59.12,5.042,0.907,0
25,108,2.047,57.47,4.951,0.645,0
25,109,1.672,56.55,4.899,0.638,0
25,110,1.898,57.88,4.918,0.779,0
25,111,1.876,59.49,4.858,0.953,0
25,112,1.837,57.32,4.92,0.681,0
25,113,2.197,56.1,5.103,0.625,0
25,114,1.671,60.94,4.95,0.867,0
25,115,1.984,57.75,5.046,0.673,0
25,116,2.05,60.54,5.061,0.924,0
25,117,1.656,60.06,4.811,0.96,0
25,118,1.834,58.85,5.072,0.607,0
25,119,1.732,57.57,5.028,0.763,0
25,120,1.821,57.22,4.674,0.839,0
25,121,2.14,57.59,4.902,0.847,0
25,122,2.03,57.43,4.925,0.775,0
25,123,2.289,57.62,4.991,0.727,0
25,124,2.079,57.02,5.009,0.661,0
25,125,1.797,59.08,5.077,0.688,0
25,126,1.722,61.15,5.257,0.993,0
25,127,1.993,57.92,4.938,0.643,0
25,128,1.834,57.27,4.938,0.66,0
25,129,1.663,58.31,5.128,0.897,0
25,130,1.94,57.34,5.119,0.627,0
25,131,1.718,58.81,5.095,0.96,0
25,132,1.989,58.72,4.738,0.905,0
25,133,1.862,58.09,4.989,0.886,0
25,134,1.949,56.82,4.778,0.689,0
25,135,1.856,56.82,4.919,0.683,0
25,136,1.891,58.52,4.907,0.752,0
25,137,1.688,56.13,4.846,0.734,0
25,138,1.812,59.04,4.941,0.676,0
25,139,2.084,58.17,4.929,0.862,0
25,140,1.802,56.84,4.918,0.644,0
25,141,1.902,56.38,5.026,0.792,0
25,142,2.269,57.56,5.026,0.867,0
25,143,1.967,59.31,4.99,0.946,0
25,144,2.091,56.76,4.881,0.848,0
25,145,1.75,59.9,4.862,0.997,0
25,146,1.99,57.85,5.026,0.733,0
25,147,1.64,57.7,5.033,0.701,0
25,148,1.814,57.21,4.802,0.873,0
25,149,1.813,57.03,4.844,0.664,0
25,150,1.829,57.15,4.795,0.684,0
25,151,1.684,57.53,4.936,0.858,0
25,152,2.214,57.69,4.854,0.729,0
25,153,1.914,57.35,4.977,0.745,0
25,154,2.081,59.18,5.016,0.811,0
25,155,1.669,58.12,4.829,0.828,0
25,156,1.983,57.22,5.047,0.611,0
25,157,1.769,58.85,5.084,0.692,0
25,158,2.243,59.59,4.941,0.936,0
25,159,1.837,61.43,4.935,0.924,0
25,160,2.124,57.7,4.988,0.725,0
25,161,1.952,56.11,4.962,0.611,0
25,162,1.781,56.17,4.853,0.681,0
25,163,2.108,59.22,4.907,0.922,0
25,164,1.748,59.31,5.044,0.993,0
25,165,1.99,59.73,5.015,0.786,0
25,166,1.995,58.06,4.852,0.956,0
25,167,1.85,57.43,5.002,0.61,0
25,168,1.933,56.91,4.947,0.762,0
25,169,1.84,57.1,4.916,0.695,0
25,170,1.846,56.87,4.965,0.713,0
25,171,1.699,59.71,4.919,0.832,0
25,172,1.63,59.23,4.969,0.896,0
25,173,1.917,59.09,4.998,0.944,0
25,174,1.911,60.33,4.958,0.879,0
25,175,1.752,57.69,4.807,0.746,0
25,176,2.042,57.47,4.944,0.626,0
25,177,1.892,57.63,5.01,0.647,0
25,178,1.937,59.38,4.855,0.862,0
25,179,2.21,59.31,5.095,0.696,0
25,180,1.891,57.53,4.972,0.729,0
25,181,1.882,58.04,4.934,0.924,0
25,182,2.114,58.45,4.998,0.832,0
25,183,2.1,60.97,5.063,0.984,0
25,184,1.854,59.88,4.993,0.675,0
25,185,2.152,58.87,4.794,0.852,0
25,186,1.645,56.03,4.958,0.671,0
25,187,1.856,57.22,4.92,0.742,0
25,188,1.702,57.34,5.003,0.696,0
25,189,2.003,59.91,4.989,0.823,0
25,190,2.057,58.41,5.194,0.707,0
25,191,2.113,58.25,4.86,0.676,0
25,192,1.888,59.98,5.026,0.96,0
25,193,1.919,60.51,4.826,0.999,0
25,194,1.95,60.91,4.933,0.949,0
25,195,2.102,58.99,4.976,0.915,0
25,196,2.136,57.81,4.937,0.622,0
25,197,1.868,58.53,5.019,0.746,0
25,198,2.01,58.74,4.848,0.693,0
25,199,2.226,58.83,4.732,0.837,0
25,200,1.921,58.36,4.961,0.708,0
25,201,1.861,59.47,4.826,0.864,0
25,202,1.989,58.67,5.019,0.858,0
25,203,1.931,57.29,4.901,0.648,0
25,204,1.861,58.4,4.905,0.806,0
25,205,1.999,59.93,4.728,0.928,0
25,206,1.914,60.15,4.848,0.792,0
25,207,1.566,57.56,4.726,0.774,0
25,208,1.932,57.68,4.936,0.75,0
25,209,1.976,59.26,4.985,0.617,0
25,210,2.006,59.88,4.946,0.887,0
25,211,1.973,55.83,4.944,0.604,0
25,212,1.801,58.14,5.143,0.838,0
25,213,1.767,57.2,4.753,0.661,0
25,214,2.039,57.63,4.921,0.726,0
25,215,1.821,59.51,5.078,0.875,0
25,216,2.036,59.88,4.905,0.998,0
25,217,2.092,58.67,4.832,0.852,0
25,218,2.059,59.53,4.822,0.777,0
25,219,2.065,60.5,4.987,0.81,0
25,220,1.646,61.19,4.957,0.959,0
25,221,1.764,58.71,5.034,0.978,0
25,222,2.137,59.18,4.961,0.753,0
25,223,1.894,58.22,4.961,0.724,0
25,224,1.804,59.85,4.814,0.826,0
25,225,2.021,59.42,5.017,0.755,0
25,226,2.09,58.28,4.975,0.605,0
25,227,1.947,57.46,4.746,0.698,0
25,228,2.098,58.94,4.817,0.798,0
25,229,1.806,59.0,4.866,0.944,0
25,230,2.139,59.2,4.899,0.751,0
25,231,2.322,59.56,5.098,0.629,0
25,232,2.076,56.82,5.003,0.649,0
25,233,1.81,58.65,5.013,0.845,0
25,234,2.004,60.87,4.881,0.745,0
25,235,2.006,58.22,4.846,0.78,0
25,236,2.04,61.52,4.988,0.963,0
25,237,1.855,60.35,4.971,0.815,0
25,238,2.013,57.74,4.957,0.697,0
25,239,2.239,57.64,4.944,0.609,0
25,240,1.911,60.11,4.805,0.897,0
25,241,2.237,60.59,4.706,0.988,0
25,242,2.193,59.96,4.894,0.618,0
25,243,2.132,59.37,4.975,0.638,0
25,244,1.797,60.11,4.858,0.961,0
25,245,1.943,59.86,4.807,0.916,0
25,246,2.109,57.87,4.726,0.681,0
25,247,2.25,59.9,4.806,0.892,0
25,248,1.957,59.34,4.939,0.668,0
25,249,1.767,59.18,4.798,0.783,0
25,250,1.924,59.34,4.774,0.707,0
25,251,1.9,56.98,4.77,0.632,0
25,252,2.04,59.42,4.885,0.745,0
25,253,1.988,60.06,4.867,0.621,0
25,254,2.071,58.5,4.922,0.845,0
25,255,2.131,58.14,4.85,0.723,0
25,256,2.028,58.5,4.82,0.67,0
25,257,2.368,59.56,4.861,0.856,0
25,258,1.885,60.26,4.915,0.91,0
25,259,2.167,60.0,4.892,0.772,0
25,260,2.139,59.74,4.85,0.938,0
25,261,1.995,59.38,4.929,0.959,0
25,262,2.221,61.07,4.733,0.863,0
25,263,2.241,60.26,4.935,0.845,0
25,264,2.01,59.56,4.962,0.701,0
25,265,2.298,58.73,4.817,0.609,0
25,266,2.227,60.81,4.743,0.892,0
25,267,2.323,61.82,5.0,0.844,0
25,268,2.351,59.33,4.786,0.841,0
25,269,1.98,58.71,4.989,0.678,0
25,270,2.143,60.11,4.736,0.816,0
25,271,2.038,58.83,4.882,0.615,0
25,272,2.154,61.39,4.915,0.972,0
25,273,2.248,60.01,4.871,0.699,0
25,274,1.937,60.09,4.677,0.967,0
25,275,2.008,58.81,4.777,0.698,0
25,276,1.906,58.95,4.771,0.69,0
25,277,2.178,58.32,4.771,0.739,0
25,278,2.104,59.64,5.023,0.917,0
25,279,2.287,56.58,4.713,0.684,0
25,280,2.361,60.29,4.814,0.946,0
25,281,2.29,59.6,4.82,0.991,0
25,282,2.389,60.08,4.792,0.761,0
25,283,1.879,58.73,4.835,0.762,0
25,284,2.176,61.28,4.779,0.988,0
25,285,2.257,59.21,5.053,0.648,0
25,286,2.27,59.35,4.729,0.839,0
25,287,2.332,60.54,4.801,0.939,0
25,288,2.248,59.27,4.754,0.794,0
25,289,2.291,61.33,4.802,0.92,0
25,290,2.153,60.14,4.901,0.657,0
25,291,2.163,60.09,4.717,0.777,0
25,292,2.067,61.12,4.829,0.777,0
25,293,2.089,60.55,4.916,0.807,0
25,294,2.203,58.84,4.748,0.614,0
25,295,2.018,61.38,4.952,0.867,0
25,296,2.37,58.22,5.025,0.663,0
25,297,2.185,60.27,4.816,0.738,0
25,298,2.365,58.01,4.832,0.787,0
25,299,2.0,60.37,4.739,0.992,0
25,300,1.963,60.54,4.848,0.638,0
25,301,2.192,58.42,4.827,0.876,0
25,302,2.243,62.02,4.819,0.827,0
25,303,2.348,61.77,4.787,0.961,0
25,304,2.253,59.83,4.69,0.887,0
25,305,1.944,58.61,4.684,0.622,0
25,306,2.301,60.3,4.86,0.989,0
25,307,4.635,59.5,4.701,0.685,0
25,308,2.503,60.4,4.842,0.814,0
25,309,2.43,59.42,4.851,0.64,0
25,310,2.453,59.43,4.673,0.69,0
25,311,2.295,59.79,4.836,0.899,0
25,312,2.347,60.51,4.885,0.686,0
25,313,2.39,61.51,4.793,0.793,0
25,314,2.279,59.64,4.975,0.622,0
25,315,2.59,59.91,4.798,0.612,0
25,316,2.467,58.74,4.663,0.665,0
25,317,2.428,58.7,4.954,0.778,0
25,318,2.164,60.59,4.769,0.663,0
25,319,2.535,60.5,4.813,0.706,0
25,320,2.336,60.16,4.739,0.888,0
25,321,2.489,60.18,4.887,0.674,0
25,322,2.619,59.47,4.745,0.707,0
25,323,2.521,62.04,4.735,0.916,0
25,324,2.499,62.63,4.621,0.959,0
25,325,2.4,60.61,4.784,0.738,0
25,326,2.701,60.94,4.731,0.881,0
25,327,2.313,58.99,4.804,0.667,0
25,328,2.515,61.18,4.86,0.837,0
25,329,2.36,61.66,4.724,0.7,0
25,330,2.293,60.01,4.645,0.711,0
25,331,2.401,61.11,4.764,0.903,0
25,332,2.398,62.8,4.947,0.883,0
25,333,2.57,60.94,4.673,0.808,0
25,334,2.323,58.77,4.932,0.605,0
25,335,2.524,59.59,4.95,0.633,0
25,336,2.552,58.77,4.699,0.626,0
25,337,2.057,61.12,4.784,0.638,0
25,338,2.611,62.14,4.675,0.888,0
25,339,2.688,62.7,4.658,0.792,0
25,340,2.603,63.13,4.725,0.845,0
25,341,2.504,61.15,4.642,0.748,0
25,342,3.018,62.3,4.716,0.888,1
25,343,1.674,57.5,4.889,0.712,0
25,344,1.682,59.06,4.896,0.706,0
25,345,1.824,59.79,5.15,0.896,0
25,346,1.621,59.4,4.97,0.76,0
25,347,1.824,58.38,5.133,0.938,0
25,348,1.927,59.92,5.025,0.839,0
25,349,1.941,58.93,4.887,0.991,0
25,350,2.052,59.71,5.122,0.964,0
25,351,2.057,58.49,5.062,0.93,0
25,352,1.968,59.69,5.059,0.9,0
25,353,1.801,58.56,4.87,0.935,0
25,354,1.883,59.3,5.014,0.652,0
25,355,1.812,58.12,4.92,0.687,0
25,356,1.944,55.94,4.936,0.661,0
25,357,1.996,58.46,5.026,0.902,0
25,358,1.783,56.11,4.955,0.67,0
25,359,2.3,60.17,5.087,0.953,0
25,360,1.678,58.01,5.028,0.682,0
25,361,1.856,58.93,4.857,0.902,0
25,362,2.072,57.38,5.008,0.793,0
25,363,1.844,57.12,4.984,0.66,0
25,364,2.093,59.06,4.9,0.653,0
26,0,2.2,57.67,4.461,0.753,0
26,1,2.173,58.25,4.364,0.9,0
26,2,1.756,59.3,4.494,0.819,0
26,3,1.971,58.14,4.261,0.846,0
26,4,2.094,59.63,4.459,0.829,0
26,5,2.301,55.45,4.449,0.675,0
26,6,1.947,56.39,4.479,0.627,0
26,7,2.309,58.76,4.371,0.693,0
26,8,2.141,58.47,4.122,0.777,0
26,9,2.199,59.87,4.208,0.866,0
26,10,2.021,58.21,4.658,0.84,0
26,11,2.117,58.17,4.643,0.852,0
26,12,2.273,58.53,4.367,0.682,0
26,13,1.982,59.05,4.272,0.83,0
26,14,2.228,61.07,4.341,0.809,0
26,15,2.488,59.25,4.447,0.877,0
26,16,2.356,59.37,4.331,0.964,0
26,17,2.275,58.71,4.223,0.826,0
26,18,2.357,60.01,4.361,0.637,0
26,19,2.358,60.99,4.274,0.995,0
26,20,2.487,59.82,4.265,0.876,0
26,21,2.701,59.19,4.276,0.695,0
26,22,2.473,59.45,4.39,0.624,0
26,23,2.108,58.29,4.338,0.62,0
26,24,2.548,60.81,4.37,0.772,0
26,25,2.39,60.27,4.241,0.832,0
26,26,2.231,60.62,4.142,0.887,0
26,27,2.475,60.62,4.249,0.805,0
26,28,2.326,59.31,4.452,0.736,0
26,29,2.686,60.26,4.313,0.943,0
26,30,2.565,63.19,4.332,0.976,0
26,31,2.736,62.41,4.188,0.728,0
26,32,2.439,61.17,4.405,0.728,0
26,33,2.349,61.69,4.033,0.852,0
26,34,2.505,59.7,4.123,0.643,0
26,35,2.92,60.6,4.457,0.661,0
26,36,2.905,59.74,4.111,0.659,0
26,37,2.539,63.31,4.043,0.94,0
26,38,2.856,61.48,4.36,0.844,0
26,39,2.806,60.03,4.122,0.644,0
26,40,2.855,64.84,4.035,0.923,0
26,41,2.768,63.4,4.169,0.676,0
26,42,2.895,62.82,4.096,0.703,0
26,43,2.839,62.38,4.13,0.94,0
26,44,3.348,63.5,4.122,0.696,0
26,45,2.68,62.11,4.114,0.762,0
26,46,3.152,64.94,4.187,0.743,0
26,47,3.183,64.61,4.273,0.954,0
26,48,3.316,61.61,4.086,0.794,0
26,49,3.496,65.54,4.238,0.938,0
26,50,3.532,62.84,4.062,0.686,0
26,51,3.626,63.93,3.959,0.819,0
26,52,3.491,64.32,3.968,0.883,0
26,53,3.188,63.98,4.187,0.836,0
26,54,3.794,65.86,4.13,0.757,0
26,55,3.542,62.83,4.056,0.672,0
26,56,3.539,63.4,4.028,0.695,0
26,57,3.615,66.64,4.056,0.882,0
26,58,3.86,64.89,3.825,0.774,0
26,59,4.042,66.14,3.853,0.905,0
26,60,3.814,62.97,3.829,0.744,0
26,61,3.784,64.06,4.073,0.662,0
26,62,3.896,64.51,3.916,0.668,0
26,63,3.959,65.64,4.007,0.874,0
26,64,3.984,66.05,3.968,0.723,0
26,65,4.152,63.97,3.698,0.717,0
26,66,3.821,66.59,3.706,0.96,0
26,67,4.294,65.97,3.881,0.814,0
26,68,4.156,63.5,3.825,0.623,1
26,69,1.84,54.65,4.463,0.68,0
26,70,1.816,56.15,4.754,0.974,0
26,71,1.944,56.84,4.573,0.719,0
26,72,1.635,57.31,4.658,0.873,0
26,73,1.755,56.3,4.723,0.677,0
26,74,1.848,54.59,4.699,0.767,0
26,75,1.783,56.11,4.545,0.764,0
26,76,1.669,54.85,4.72,0.794,0
26,77,1.676,55.11,4.756,0.84,0
26,78,1.78,55.86,4.624,0.685,0
26,79,1.894,55.09,4.618,0.82,0
26,80,1.706,53.8,4.674,0.633,0
26,81,1.808,57.62,4.682,0.918,0
26,82,1.772,55.56,4.505,0.991,0
26,83,1.622,54.34,4.752,0.637,0
26,84,1.896,57.66,4.546,0.978,0
26,85,1.57,54.65,4.838,0.895,0
26,86,1.812,56.9,4.59,0.928,0
26,87,1.678,55.66,4.648,0.764,0
26,88,1.79,54.88,4.575,0.824,0
26,89,2.055,57.41,4.476,0.743,0
26,90,1.652,58.83,4.681,0.972,0
26,91,1.978,58.22,4.591,0.867,0
26,92,1.752,54.84,4.654,0.716,0
26,93,3.17,56.98,4.421,0.854,0
26,94,1.737,55.78,4.609,0.624,0
26,95,1.654,55.58,4.53,0.62,0
26,96,1.913,56.13,4.694,0.882,0
26,97,1.825,55.11,4.765,0.638,0
26,98,1.819,55.39,4.648,0.65,0
26,99,1.955,56.27,4.621,0.768,0
26,100,1.822,57.33,4.619,0.812,0
26,101,1.833,55.04,4.43,0.76,0
26,102,1.974,56.51,4.564,0.929,0
26,103,1.744,56.93,4.683,0.751,0
26,104,1.705,57.1,4.614,0.96,0
26,105,1.411,57.43,4.655,0.87,0
26,106,1.657,57.09,4.24,0.74,0
26,107,1.732,57.49,4.516,0.907,0
26,108,1.701,56.03,4.559,0.668,0
26,109,1.939,58.33,4.52,0.892,0
26,110,1.84,55.52,4.701,0.789,0
26,111,1.846,57.56,4.779,0.947,0
26,112,1.807,56.19,4.522,0.827,0
26,113,1.891,55.17,4.544,0.756,0
26,114,1.995,57.83,4.722,0.858,0
26,115,1.68,55.95,4.58,0.63,0
26,116,1.688,56.93,4.488,0.97,0
26,117,1.895,56.51,4.639,0.765,0
26,118,1.715,59.05,4.534,0.912,0
26,119,1.792,58.35,4.412,0.942,0
26,120,2.132,56.68,4.53,0.753,0
26,121,1.8,56.81,4.304,0.665,0
26,122,1.996,57.15,4.583,0.711,0
26,123,1.894,58.63,4.489,0.927,0
26,124,1.888,55.02,4.539,0.63,0
26,125,1.791,57.1,4.644,0.929,0
26,126,2.0,56.38,4.782,0.73,0
26,127,1.999,59.85,4.743,0.955,0
26,128,2.01,58.12,4.52,0.969,0
26,129,1.658,57.29,4.514,0.831,0
26,130,1.534,57.81,4.556,0.795,0
26,131,1.895,58.69,4.559,0.9,0
26,132,2.045,56.33,4.64,0.677,0
26,133,1.927,57.82,4.595,0.849,0
26,134,1.84,56.13,4.516,0.814,0
26,135,1.998,58.13,4.37,0.76,0
26,136,2.023,56.62,4.496,0.921,0
26,137,2.041,57.36,4.631,0.899,0
26,138,1.993,56.78,4.405,0.751,0
26,139,1.939,56.81,4.751,0.912,0
26,140,1.825,56.01,4.457,0.698,0
26,141,1.699,57.97,4.656,0.801,0
26,142,2.168,59.12,4.536,0.995,0
26,143,1.816,55.21,4.453,0.829,0
26,144,2.057,56.73,4.487,0.727,0
26,145,2.131,55.86,4.641,0.699,0
26,146,1.955,56.81,4.451,0.754,0
26,147,1.945,58.2,4.466,0.832,0
26,148,2.192,58.4,4.743,0.878,0
26,149,2.111,58.14,4.335,0.829,0
26,150,2.118,57.51,4.526,0.909,0
26,151,2.053,56.44,4.405,0.712,0
26,152,2.049,57.9,4.482,0.872,0
26,153,1.947,57.19,4.572,0.687,0
26,154,2.168,56.15,4.537,0.616,0
26,155,4.647,57.55,4.39,0.894,0
26,156,2.242,56.62,4.571,0.681,0
26,157,2.013,56.89,4.592,0.898,0
26,158,2.325,59.71,4.41,0.948,0
26,159,4.363,57.24,4.644,0.917,0
26,160,2.173,58.3,4.493,0.923,0
26,161,2.342,60.06,4.565,0.856,0
26,162,2.004,57.49,4.638,0.753,0
26,163,2.286,58.59,4.677,0.858,0
26,164,2.182,58.36,4.605,0.65,0
26,165,2.34,59.94,4.304,0.949,0
26,166,1.971,59.27,4.399,0.789,0
26,167,2.097,59.9,4.415,0.998,0
26,168,2.315,56.16,4.505,0.612,0
26,169,3.92,57.17,4.405,0.829,0
26,170,2.284,59.18,4.62,0.931,0
26,171,2.338,58.78,4.221,0.63,0
26,172,2.5,59.48,4.458,0.882,0
26,173,2.475,58.91,4.531,0.902,0
26,174,2.377,57.62,4.487,0.757,0
26,175,2.363,57.67,4.569,0.623,0
26,176,1.946,60.68,4.363,0.874,0
26,177,2.349,59.45,4.428,0.902,0
26,178,2.523,58.44,4.3,0.854,0
26,179,2.209,60.35,4.395,0.813,0
26,180,2.418,59.49,4.45,0.982,0
26,181,2.423,62.04,4.439,0.95,0
26,182,2.474,58.13,4.35,0.948,0
26,183,2.58,59.96,4.395,0.932,0
26,184,2.529,58.83,4.342,0.721,0
26,185,2.241,61.84,4.184,0.996,0
26,186,2.656,59.96,4.464,0.817,1
26,187,1.653,56.61,4.852,0.753,0
26,188,1.755,56.65,4.623,0.896,0
26,189,1.802,54.98,4.631,0.601,0
26,190,1.944,57.46,4.568,0.782,0
26,191,1.513,55.73,4.791,0.688,0
26,192,1.886,56.29,4.564,0.759,0
26,193,1.525,56.55,4.676,0.848,0
26,194,1.706,57.62,4.603,0.907,0
26,195,1.936,56.46,4.534,0.856,0
26,196,2.075,56.57,4.546,0.912,0
26,197,1.766,54.89,4.779,0.646,0
26,198,1.777,56.46,4.865,0.771,0
26,199,1.807,54.61,4.656,0.628,0
26,200,1.784,56.49,4.783,0.703,0
26,201,2.002,55.36,4.626,0.825,0
26,202,1.839,55.58,4.498,0.666,0
26,203,1.933,58.65,4.685,0.907,0
26,204,1.746,58.04,4.584,0.981,0
26,205,1.709,56.05,4.547,0.685,0
26,206,1.943,56.09,4.64,0.931,0
26,207,2.062,58.63,4.69,0.987,0
26,208,1.735,57.76,4.714,0.964,0
26,209,1.721,55.38,4.6,0.696,0
26,210,1.834,56.35,4.621,0.616,0
26,211,1.752,55.63,4.583,0.811,0
26,212,1.626,56.97,4.766,0.88,0
26,213,1.791,56.96,4.436,0.809,0
26,214,1.51,55.19,4.656,0.957,0
26,215,1.834,57.03,4.757,0.882,0
26,216,2.161,56.32,4.608,0.626,0
26,217,1.658,57.03,4.708,0.752,0
26,218,1.879,56.91,4.539,0.939,0
26,219,1.81,55.0,4.725,0.687,0
26,220,1.597,56.78,4.749,0.961,0
26,221,2.056,54.9,4.759,0.813,0
26,222,1.651,55.06,4.627,0.665,0
26,223,1.782,57.17,4.65,0.941,0
26,224,1.97,56.46,4.755,0.77,0
26,225,1.824,55.79,4.7,0.717,0
26,226,1.78,54.41,4.696,0.815,0
26,227,1.713,54.31,4.635,0.612,0
26,228,1.78,58.01,4.601,0.837,0
26,229,1.73,55.69,4.621,0.775,0
26,230,1.508,57.6,4.561,0.796,0
26,231,1.62,56.37,4.871,0.691,0
26,232,1.837,56.98,4.648,0.645,0
26,233,2.172,56.71,4.607,0.647,0
26,234,1.576,56.18,4.569,0.63,0
26,235,1.919,57.06,4.584,0.974,0
26,236,1.886,57.64,4.546,0.811,0
26,237,1.583,56.54,4.693,0.689,0
26,238,1.855,57.9,4.628,0.979,0
26,239,1.602,59.7,4.574,0.991,0
26,240,1.661,56.92,4.479,0.835,0
26,241,2.079,56.52,4.687,0.653,0
26,242,1.84,57.82,4.542,0.981,0
26,243,1.647,55.99,4.702,0.919,0
26,244,1.923,57.05,4.526,0.788,0
26,245,1.829,57.03,4.523,0.729,0
26,246,1.978,56.6,4.459,0.806,0
26,247,1.92,56.67,4.614,0.807,0
26,248,1.797,57.53,4.503,0.81,0
26,249,2.013,56.68,4.584,0.644,0
26,250,1.894,56.7,4.531,0.82,0
26,251,1.859,55.56,4.528,0.677,0
26,252,1.933,58.37,4.583,0.906,0
26,253,1.962,55.39,4.475,0.642,0
26,254,1.83,57.79,4.627,0.907,0
26,255,1.927,57.77,4.492,0.87,0
26,256,2.202,57.93,4.417,0.935,0
26,257,1.886,58.78,4.627,0.921,0
26,258,1.8,57.22,4.536,0.662,0
26,259,1.878,56.18,4.392,0.836,0
26,260,1.72,54.64,4.508,0.646,0
26,261,1.967,56.32,4.404,0.607,0
26,262,2.06,57.54,4.43,0.881,0
26,263,1.846,56.11,4.486,0.733,0
26,264,1.815,57.35,4.579,0.766,0
26,265,2.081,57.17,4.489,0.715,0
26,266,1.785,57.97,4.424,0.612,0
26,267,1.974,57.01,4.602,0.718,0
26,268,2.21,57.14,4.463,0.79,0
26,269,1.919,58.72,4.391,0.779,0
26,270,1.921,57.6,4.456,0.723,0
26,271,1.454,56.86,4.539,0.717,0
26,272,2.046,59.67,4.466,0.827,0
26,273,1.759,57.3,4.554,0.708,0
26,274,1.757,57.65,4.698,0.687,0
26,275,2.302,60.04,4.455,0.935,0
26,276,2.308,58.94,4.442,0.721,0
26,277,1.876,58.66,4.614,0.617,0
26,278,2.152,58.25,4.516,0.646,0
26,279,2.173,59.71,4.33,0.946,0
26,280,2.199,57.02,4.573,0.741,0
26,281,2.143,58.52,4.333,0.884,0
26,282,2.209,57.14,4.61,0.606,0
26,283,2.203,56.36,4.386,0.823,0
26,284,2.088,58.53,4.266,0.763,0
26,285,2.194,56.52,4.542,0.622,0
26,286,2.105,59.73,4.432,0.926,0
26,287,2.126,59.34,4.353,0.978,0
26,288,2.053,58.12,4.362,0.631,0
26,289,2.195,57.4,4.431,0.659,0
26,290,1.94,59.33,4.357,0.906,0
26,291,2.204,58.99,4.51,0.786,0
26,292,2.299,58.13,4.373,0.702,0
26,293,2.261,59.03,4.532,0.81,0
26,294,1.981,57.54,4.54,0.703,0
26,295,2.308,60.37,4.308,0.845,0
26,296,2.121,59.12,4.284,0.912,0
26,297,2.184,57.72,4.357,0.745,0
26,298,2.093,57.34,4.575,0.773,0
26,299,2.36,58.59,4.425,0.62,0
26,300,2.132,58.85,4.462,0.714,0
26,301,2.235,56.75,4.227,0.704,0
26,302,2.326,59.96,4.318,0.725,0
26,303,2.421,60.29,4.445,0.826,0
26,304,2.584,59.04,4.343,0.76,0
26,305,2.289,60.93,4.254,0.939,0
26,306,2.443,60.58,4.249,0.978,0
26,307,2.516,57.28,4.55,0.616,0
26,308,2.498,58.78,4.196,0.881,0
26,309,2.447,57.48,4.356,0.603,0
26,310,2.358,62.92,4.338,0.724,0
26,311,2.337,61.65,4.301,0.966,0
26,312,2.74,60.33,4.424,0.854,0
26,313,2.511,60.47,4.253,0.694,0
26,314,2.549,61.42,4.331,0.828,0
26,315,2.498,59.14,4.305,0.703,0
26,316,2.441,60.12,4.403,0.661,0
26,317,2.32,61.96,4.111,0.836,0
26,318,2.297,61.18,4.282,0.909,0
26,319,2.609,61.51,3.981,0.827,0
26,320,2.654,61.02,4.214,0.904,0
26,321,2.437,58.69,4.042,0.617,0
26,322,2.49,61.62,4.309,0.903,0
26,323,2.604,59.17,4.081,0.608,0
26,324,2.289,60.91,4.087,0.805,0
26,325,2.683,61.91,4.371,0.997,0
26,326,2.516,62.44,4.035,0.931,0
26,327,2.519,61.13,4.278,0.802,0
26,328,2.458,62.5,4.179,0.95,0
26,329,2.71,62.28,4.285,0.969,0
26,330,2.847,62.95,4.192,0.886,0
26,331,2.912,62.5,4.2,0.97,0
26,332,3.012,60.46,4.08,0.785,0
26,333,2.595,61.65,4.171,0.696,0
26,334,3.192,62.3,4.088,0.869,0
26,335,2.782,61.12,4.078,0.696,0
26,336,2.564,61.27,4.104,0.966,0
26,337,2.97,61.9,4.011,0.802,0
26,338,3.158,61.94,4.046,0.68,0
26,339,3.069,61.07,4.132,0.858,0
26,340,2.939,62.57,4.26,0.783,0
26,341,3.04,62.22,4.276,0.769,0
26,342,2.855,64.29,4.207,0.989,0
26,343,3.09,61.64,4.104,0.785,0
26,344,3.078,63.16,4.118,0.707,0
26,345,3.343,62.52,4.201,0.829,0
26,346,3.143,61.13,4.021,0.651,0
26,347,3.089,63.25,4.03,0.645,0
26,348,3.489,63.09,4.044,0.674,0
26,349,3.06,63.34,4.235,0.974,0
26,350,3.151,63.65,4.077,0.769,0
26,351,3.337,62.64,4.041,0.637,0
26,352,3.341,63.41,3.981,1.0,0
26,353,3.226,62.88,4.061,0.623,0
26,354,3.559,63.76,3.904,0.725,0
26,355,3.943,61.31,3.884,0.61,0
26,356,3.576,63.68,4.106,0.693,0
26,357,3.536,63.58,4.064,0.78,0
26,358,3.564,65.73,3.768,0.905,0
26,359,3.674,64.88,4.007,0.965,0
26,360,3.708,65.66,3.947,0.659,0
26,361,3.518,64.1,3.93,0.755,0
26,362,3.906,65.03,3.952,0.838,0
26,363,3.77,63.77,4.02,0.807,0
26,364,3.657,63.4,3.839,0.731,0
27,0,1.834,59.15,4.972,0.982,0
27,1,2.235,60.41,4.847,0.951,0
27,2,1.906,59.2,5.027,0.964,0
27,3,2.162,56.19,4.992,0.675,0
27,4,2.242,55.95,4.757,0.601,0
27,5,2.222,56.91,4.801,0.653,0
27,6,2.193,57.78,4.98,0.801,0
27,7,2.245,60.17,4.987,0.989,0
27,8,2.094,58.45,5.031,0.714,0
27,9,2.257,57.77,5.003,0.719,0
27,10,2.067,57.92,4.875,0.744,0
27,11,2.292,57.33,4.851,0.715,0
27,12,1.957,56.75,4.747,0.633,0
27,13,2.253,60.31,4.84,0.947,0
27,14,2.149,58.77,4.835,0.756,0
27,15,2.176,59.36,4.998,0.714,0
27,16,2.055,59.0,4.884,0.855,0
27,17,1.84,60.5,4.753,0.741,0
27,18,1.958,59.47,4.809,0.863,0
27,19,2.261,58.99,4.753,0.936,0
27,20,2.398,61.05,4.944,0.952,0
27,21,2.016,59.86,4.861,0.724,0
27,22,2.011,60.41,4.773,0.968,0
27,23,2.158,58.74,4.678,0.96,0
27,24,2.157,59.97,4.869,0.842,0
27,25,1.899,57.25,4.86,0.632,0
27,26,2.293,57.77,4.892,0.735,0
27,27,2.032,58.19,4.811,0.792,0
27,28,1.993,58.76,4.934,0.791,0
27,29,2.399,58.94,4.976,0.688,0
27,30,2.115,61.67,4.735,0.976,0
27,31,2.401,62.06,4.687,0.846,0
27,32,2.189,58.8,4.815,0.916,0
27,33,2.462,58.06,4.676,0.681,0
27,34,2.173,60.13,4.813,0.844,0
27,35,2.032,57.78,4.867,0.878,0
27,36,2.29,60.28,4.69,0.879,0
27,37,2.089,59.86,4.656,0.881,0
27,38,2.529,60.36,4.84,0.798,0
27,39,2.06,60.67,4.814,0.922,0
27,40,2.072,58.13,4.73,0.984,0
27,41,2.377,60.11,4.785,0.95,0
27,42,2.316,59.22,5.011,0.692,0
27,43,2.234,59.94,4.854,0.95,0
27,44,2.19,59.88,4.703,0.849,0
27,45,2.075,58.51,4.78,0.744,0
27,46,2.293,58.07,4.897,0.932,0
27,47,2.17,57.48,4.725,0.601,0
27,48,2.324,60.53,4.738,0.914,0
27,49,2.422,60.16,4.853,0.777,0
27,50,2.096,59.9,4.704,0.648,0
27,51,2.444,57.79,4.607,0.677,0
27,52,2.352,59.83,5.01,0.779,0
27,53,2.296,61.06,4.789,0.997,0
27,54,2.119,59.26,5.044,0.639,0
27,55,2.282,61.74,4.77,0.863,0
27,56,2.309,60.28,4.595,0.737,0
27,57,2.448,58.35,4.726,0.643,0
27,58,2.167,58.99,4.842,0.83,0
27,59,2.238,60.27,4.591,0.883,0
27,60,2.074,59.8,4.806,0.981,0
27,61,2.272,60.77,4.749,0.91,0
27,62,2.358,58.56,4.587,0.771,0
27,63,2.513,61.42,4.978,0.863,0
27,64,2.288,60.16,4.786,0.901,0
27,65,2.297,59.72,4.777,0.654,0
27,66,2.282,60.0,4.64,0.623,0
27,67,4.408,58.38,4.852,0.664,0
27,68,2.465,61.15,4.756,0.932,0
27,69,2.367,60.74,4.714,0.801,0
27,70,2.443,61.92,4.845,0.922,0
27,71,2.441,62.99,4.839,0.951,0
27,72,2.058,61.15,4.652,0.792,0
27,73,2.584,60.54,4.614,0.792,0
27,74,2.342,61.81,4.818,0.86,0
27,75,2.671,58.45,4.717,0.619,0
27,76,2.279,59.43,4.809,0.665,0
27,77,2.312,57.48,4.961,0.67,0
27,78,2.049,60.93,4.634,0.845,0
27,79,2.366,57.89,4.88,0.743,0
27,80,2.461,59.25,4.747,0.611,0
27,81,2.477,59.93,4.699,0.684,0
27,82,2.248,60.61,4.771,0.908,0
27,83,2.396,59.89,4.689,0.768,0
27,84,2.432,59.25,4.804,0.773,0
27,85,2.797,62.79,4.472,0.998,0
27,86,2.323,62.03,4.615,0.935,0
27,87,2.551,61.55,4.761,0.744,0
27,88,2.81,61.45,4.693,0.944,0
27,89,2.528,61.37,4.716,0.77,0
27,90,5.374,62.55,4.573,0.892,0
27,91,2.443,59.88,4.754,0.83,0
27,92,2.72,61.88,4.531,0.841,0
27,93,2.566,63.08,4.57,0.819,0
27,94,2.81,61.69,4.649,0.873,0
27,95,2.371,62.58,4.646,0.76,0
27,96,3.07,62.74,4.402,0.741,0
27,97,2.965,59.67,4.337,0.753,0
27,98,2.654,62.33,4.617,0.902,0
27,99,2.671,64.95,4.661,0.948,0
27,100,2.63,62.25,4.538,0.98,0
27,101,2.929,64.28,4.514,0.996,0
27,102,2.777,63.14,4.679,0.847,0
27,103,2.869,62.14,4.469,0.757,0
27,104,2.795,64.44,4.556,0.933,0
27,105,2.896,62.91,4.612,0.839,0
27,106,2.616,62.73,4.466,0.911,0
27,107,2.893,59.31,4.559,0.621,0
27,108,2.712,62.19,4.502,0.745,0
27,109,2.867,63.4,4.76,0.769,0
27,110,2.974,64.17,4.525,0.699,0
27,111,3.067,61.13,4.576,0.645,0
27,112,3.115,63.35,4.547,0.701,0
27,113,2.957,63.22,4.394,0.602,0
27,114,2.853,65.35,4.728,0.983,0
27,115,2.985,64.11,4.357,0.651,0
27,116,3.165,62.99,4.351,0.85,0
27,117,3.346,62.39,4.441,0.637,0
27,118,2.998,62.24,4.419,0.694,0
27,119,2.996,64.04,4.42,0.87,0
27,120,3.131,64.8,4.292,0.678,0
27,121,3.307,63.78,4.313,0.882,0
27,122,3.26,65.06,4.651,0.828,0
27,123,3.237,66.39,4.521,0.898,0
27,124,3.26,64.48,4.344,0.88,0
27,125,3.26,64.09,4.412,0.744,0
27,126,3.17,62.32,4.306,0.666,0
27,127,3.389,63.78,4.338,0.648,0
27,128,3.145,63.86,4.461,0.657,0
27,129,3.276,65.11,4.568,0.814,0
27,130,3.256,66.04,4.383,0.831,0
27,131,3.702,65.58,4.444,0.785,0
27,132,3.135,64.82,4.424,0.792,0
27,133,3.474,63.24,4.512,0.659,0
27,134,3.616,65.7,4.386,0.773,0
27,135,3.373,63.7,4.381,0.769,0
27,136,3.488,65.07,4.265,0.678,0
27,137,3.422,65.73,4.309,0.99,0
27,138,3.757,64.68,4.245,0.68,0
27,139,3.498,64.08,4.376,0.85,0
27,140,3.364,65.34,4.245,0.977,0
27,141,3.659,65.98,4.212,0.884,0
27,142,3.845,65.97,4.109,0.748,0
27,143,3.871,65.74,4.299,0.691,0
27,144,3.789,65.57,4.374,0.868,0
27,145,3.626,66.29,4.361,0.899,0
27,146,3.645,66.63,4.192,0.895,0
27,147,4.208,67.29,4.266,0.993,0
27,148,3.898,65.94,4.22,0.81,0
27,149,3.807,66.29,4.224,0.77,0
27,150,3.957,67.66,4.273,0.8,0
27,151,3.93,66.23,4.354,0.705,0
27,152,4.074,69.57,4.451,0.673,0
27,153,4.18,66.1,4.345,0.861,0
27,154,4.153,68.89,4.164,0.968,0
27,155,4.028,69.45,4.241,0.98,0
27,156,4.496,66.93,4.145,0.739,0
27,157,4.178,64.51,4.22,0.642,0
27,158,4.448,66.77,4.138,0.654,0
27,159,4.292,66.3,4.029,1.0,0
27,160,4.245,67.35,4.194,0.767,0
27,161,4.332,66.65,4.188,0.927,0
27,162,4.438,66.17,4.089,0.718,0
27,163,4.538,67.83,4.12,0.657,0
27,164,4.306,67.08,4.069,0.637,0
27,165,4.421,68.95,4.292,0.961,0
27,166,4.525,67.93,4.1,0.977,0
27,167,4.434,69.24,4.082,0.705,0
27,168,4.286,69.99,4.136,0.994,0
27,169,4.458,68.5,4.142,0.62,0
27,170,4.711,67.8,4.187,0.643,0
27,171,4.568,70.87,4.159,0.972,0
27,172,4.473,65.07,4.195,0.628,0
27,173,4.725,68.13,4.097,0.773,1
27,174,2.282,58.76,4.825,0.803,0
27,175,2.159,58.87,4.784,0.855,0
27,176,2.135,60.06,4.923,0.958,0
27,177,2.164,58.08,4.796,0.827,0
27,178,2.219,58.33,4.704,0.814,0
27,179,2.255,60.17,4.851,0.829,0
27,180,1.92,56.9,4.896,0.618,0
27,181,2.268,59.53,4.761,0.824,0
27,182,2.22,57.66,4.952,0.687,0
27,183,2.102,59.72,4.832,0.937,0
27,184,2.282,57.29,5.046,0.793,0
27,185,1.977,58.58,4.935,0.808,0
27,186,2.15,58.72,4.856,0.826,0
27,187,2.266,59.74,4.854,0.973,0
27,188,2.109,57.68,4.843,0.689,0
27,189,2.099,58.61,4.844,0.866,0
27,190,2.131,59.13,5.065,0.708,0
27,191,2.214,58.64,4.886,0.652,0
27,192,2.123,59.83,4.932,0.763,0
27,193,2.091,60.75,4.795,0.718,0
27,194,2.193,57.28,4.993,0.666,0
27,195,2.001,58.76,4.939,0.724,0
27,196,1.92,58.77,4.78,0.712,0
27,197,2.179,59.39,5.006,0.753,0
27,198,4.724,58.86,4.774,0.879,0
27,199,2.312,58.05,4.71,0.628,0
27,200,2.187,59.82,4.963,0.747,0
27,201,2.105,58.75,4.895,0.731,0
27,202,1.988,58.12,4.77,0.83,0
27,203,2.198,60.14,4.827,0.866,0
27,204,2.527,59.64,4.891,0.839,0
27,205,2.401,59.75,4.754,0.861,0
27,206,2.218,59.08,4.977,0.669,0
27,207,2.156,57.74,4.828,0.761,0
27,208,2.36,59.46,5.124,0.815,0
27,209,2.529,60.21,4.855,0.931,0
27,210,2.26,60.88,4.903,0.812,0
27,211,2.149,57.75,4.768,0.672,0
27,212,2.041,60.14,4.618,0.933,0
27,213,2.185,59.03,4.671,0.656,0
27,214,2.046,58.51,4.744,0.876,0
27,215,2.123,60.1,4.792,0.75,0
27,216,2.427,59.63,4.683,0.802,0
27,217,2.337,58.95,5.101,0.953,0
27,218,2.449,57.53,4.763,0.622,0
27,219,2.322,60.02,4.764,0.853,0
27,220,2.51,60.54,4.778,0.834,0
27,221,2.282,61.43,4.649,0.799,0
27,222,2.53,62.0,4.719,0.807,0
27,223,2.342,62.46,4.655,0.99,0
27,224,2.192,60.75,4.767,0.925,0
27,225,2.314,60.13,4.673,0.695,0
27,226,2.311,61.29,4.761,0.957,0
27,227,4.374,60.13,4.724,0.75,0
27,228,2.193,60.34,4.747,0.632,0
27,229,2.324,60.06,4.548,0.738,0
27,230,2.181,61.34,4.582,0.893,0
27,231,2.461,60.17,4.818,0.727,0
27,232,2.421,58.26,4.799,0.736,0
27,233,2.499,60.74,4.677,0.695,0
27,234,2.544,62.05,4.643,0.907,0
27,235,2.385,63.43,4.872,0.97,0
27,236,2.435,61.22,4.64,0.622,0
27,237,2.432,61.6,4.701,0.899,0
27,238,2.144,61.69,4.708,0.995,0
27,239,2.708,60.07,4.656,0.602,0
27,240,2.212,60.53,4.692,0.818,0
27,241,2.533,62.67,4.758,0.83,0
27,242,2.741,62.91,4.551,0.925,0
27,243,2.391,62.44,4.573,0.788,0
27,244,2.578,62.35,4.684,0.906,0
27,245,2.746,60.7,4.597,0.626,0
27,246,2.846,62.55,4.651,0.987,0
27,247,2.656,59.96,4.582,0.602,0
27,248,2.624,62.03,4.656,0.835,0
27,249,2.564,63.68,4.485,0.796,0
27,250,2.739,59.91,4.564,0.642,0
27,251,2.726,60.22,4.505,0.812,0
27,252,2.42,63.68,4.542,0.97,0
27,253,2.66,62.0,4.495,0.9,0
27,254,2.895,63.7,4.523,0.875,0
27,255,2.537,62.15,4.585,0.646,0
27,256,2.644,63.2,4.418,0.823,0
27,257,3.063,64.01,4.639,0.824,0
27,258,2.945,62.84,4.667,0.803,0
27,259,2.984,62.28,4.552,0.731,0
27,260,2.925,62.07,4.6,0.944,0
27,261,3.054,63.63,4.435,0.893,0
27,262,3.031,62.06,4.414,0.702,0
27,263,3.093,63.71,4.532,0.911,0
27,264,2.955,60.35,4.457,0.635,0
27,265,2.942,63.43,4.519,0.85,0
27,266,3.087,62.11,4.455,0.843,0
27,267,3.416,64.29,4.385,0.8,0
27,268,3.142,63.24,4.204,0.697,0
27,269,2.989,65.55,4.541,0.916,0
27,270,5.767,63.42,4.299,0.646,0
27,271,2.985,65.33,4.368,0.767,0
27,272,3.229,66.28,4.381,0.907,0
27,273,3.149,66.86,4.335,0.992,0
27,274,3.482,62.92,4.4,0.614,0
27,275,3.566,65.32,4.423,0.936,0
27,276,3.424,64.04,4.502,0.838,0
27,277,3.383,63.83,4.353,0.708,0
27,278,3.477,64.19,4.49,0.789,0
27,279,3.331,66.02,4.346,0.845,0
27,280,5.051,63.98,4.317,0.853,0
27,281,3.45,65.92,4.248,0.821,0
27,282,4.005,65.94,4.162,0.853,0
27,283,3.656,65.59,4.166,0.83,0
27,284,3.77,66.76,4.208,0.699,0
27,285,4.012,67.29,4.414,0.805,0
27,286,3.916,65.85,4.295,0.705,0
27,287,4.218,66.97,4.247,0.939,0
27,288,4.1,66.63,4.246,0.73,0
27,289,4.14,68.7,4.085,0.909,0
27,290,4.363,68.68,4.092,0.867,0
27,291,4.359,70.34,4.212,0.973,0
27,292,4.453,68.54,4.317,0.834,0
27,293,4.503,68.41,4.044,0.845,0
27,294,4.633,68.23,4.184,0.9,0
27,295,4.491,68.75,4.139,0.646,0
27,296,4.622,67.8,4.207,0.899,0
27,297,4.825,68.63,4.08,0.868,1
27,298,2.053,58.2,4.869,0.74,0
27,299,2.24,57.75,4.918,0.863,0
27,300,2.305,58.85,4.849,0.769,0
27,301,2.106,56.09,4.702,0.618,0
27,302,2.06,59.67,4.917,0.912,0
27,303,2.271,57.13,4.927,0.628,0
27,304,2.664,58.95,4.867,0.901,0
27,305,2.089,57.12,4.87,0.686,0
27,306,2.103,58.66,4.784,0.781,0
27,307,2.334,60.15,4.822,0.832,0
27,308,2.273,57.12,4.904,0.623,0
27,309,2.062,57.33,4.765,0.657,0
27,310,2.087,59.71,4.868,0.985,0
27,311,2.001,57.79,4.787,0.669,0
27,312,2.161,58.79,4.981,0.842,0
27,313,2.281,59.04,5.108,0.864,0
27,314,1.986,60.67,4.863,0.903,0
27,315,2.143,57.45,4.876,0.834,0
27,316,2.016,58.19,4.883,0.752,0
27,317,2.019,56.76,4.762,0.724,0
27,318,2.323,58.45,4.738,0.694,0
27,319,2.126,60.19,5.052,0.975,0
27,320,2.118,57.32,4.877,0.913,0
27,321,2.295,58.71,4.905,0.832,0
27,322,2.259,58.97,4.911,0.638,0
27,323,2.286,58.63,4.869,0.753,0
27,324,2.502,57.15,4.951,0.687,0
27,325,2.218,59.9,4.891,0.821,0
27,326,2.194,57.59,4.7,0.782,0
27,327,2.309,59.24,4.937,0.808,0
27,328,2.185,58.28,4.857,0.755,0
27,329,2.004,57.76,4.758,0.906,0
27,330,2.191,58.92,4.896,0.697,0
27,331,2.188,58.71,4.798,0.714,0
27,332,2.18,58.27,4.854,0.804,0
27,333,2.125,55.19,4.665,0.611,0
27,334,2.04,62.37,4.917,0.979,0
27,335,2.367,56.45,5.004,0.738,0
27,336,2.191,58.98,4.976,0.878,0
27,337,2.215,58.72,5.068,0.609,0
27,338,2.072,57.28,4.845,0.641,0
27,339,2.218,60.26,4.927,0.804,0
27,340,2.142,58.99,4.887,0.669,0
27,341,2.228,57.97,4.803,0.75,0
27,342,2.274,60.2,4.976,0.86,0
27,343,2.16,57.91,4.904,0.936,0
27,344,1.95,58.46,5.001,0.984,0
27,345,1.959,58.12,5.031,0.842,0
27,346,2.334,58.93,4.746,0.699,0
27,347,2.277,58.54,4.892,0.662,0
27,348,2.079,56.9,4.716,0.765,0
27,349,2.292,57.87,4.794,0.609,0
27,350,2.021,58.51,4.7,0.725,0
27,351,2.15,57.39,4.874,0.784,0
27,352,1.93,58.91,4.8,0.927,0
27,353,1.825,59.44,5.001,0.717,0
27,354,2.073,59.08,5.014,0.853,0
27,355,1.956,58.77,4.865,0.755,0
27,356,2.076,59.04,5.021,0.875,0
27,357,1.985,58.11,4.869,0.687,0
27,358,2.102,58.56,4.862,0.689,0
27,359,2.213,60.09,4.758,0.803,0
27,360,2.235,59.0,4.805,0.775,0
27,361,1.918,58.02,4.779,0.672,0
27,362,2.115,60.02,4.779,0.924,0
27,363,2.371,59.17,4.746,0.806,0
27,364,2.17,57.4,4.878,0.84,0
28,0,2.135,60.06,4.805,0.625,0
28,1,2.16,64.38,4.774,0.988,0
28,2,2.357,60.96,4.92,0.801,0
28,3,1.968,60.8,4.769,0.761,0
28,4,3.733,62.55,4.665,0.845,0
28,5,2.106,62.46,4.874,0.953,0
28,6,2.204,62.39,4.654,0.79,0
28,7,2.349,61.12,4.657,0.761,0
28,8,2.233,61.08,4.78,0.7,0
28,9,2.26,62.36,4.651,0.708,0
28,10,2.263,65.11,4.576,0.933,0
28,11,2.116,62.72,4.682,0.636,0
28,12,1.964,60.77,4.585,0.68,0
28,13,2.281,61.43,4.606,0.703,0
28,14,2.541,60.83,4.61,0.644,0
28,15,2.275,62.49,4.649,0.654,0
28,16,2.608,61.95,4.717,0.69,0
28,17,2.049,62.98,4.538,0.713,0
28,18,2.329,62.45,4.557,0.797,0
28,19,2.698,64.33,4.506,0.935,0
28,20,2.488,62.25,4.701,0.81,0
28,21,2.495,65.67,4.637,0.915,0
28,22,2.486,61.03,4.619,0.64,0
28,23,2.644,63.34,4.504,0.755,0
28,24,2.306,64.8,4.594,0.913,0
28,25,2.647,63.08,4.546,0.88,0
28,26,2.836,62.01,4.684,0.715,0
28,27,2.653,65.4,4.531,0.918,0
28,28,2.997,64.57,4.371,0.962,0
28,29,2.8,64.44,4.48,0.901,0
28,30,2.757,63.65,4.481,0.792,0
28,31,2.726,63.34,4.442,0.679,0
28,32,2.79,66.05,4.546,0.861,0
28,33,3.024,65.88,4.57,0.807,0
28,34,2.492,64.09,4.482,0.801,0
28,35,2.981,67.16,4.509,0.976,0
28,36,3.187,64.99,4.397,0.668,0
28,37,2.759,66.96,4.652,0.92,0
28,38,3.241,66.56,4.297,0.88,0
28,39,3.246,65.6,4.473,0.721,0
28,40,3.058,64.84,4.512,0.615,0
28,41,2.888,66.38,4.509,0.857,0
28,42,3.336,65.34,4.43,0.673,0
28,43,3.045,67.17,4.506,0.819,0
28,44,2.973,68.37,4.616,0.987,0
28,45,2.906,65.14,4.529,0.749,0
28,46,3.181,64.51,4.452,0.62,0
28,47,3.266,65.44,4.423,0.753,0
28,48,3.324,65.95,4.32,0.647,0
28,49,3.348,67.16,4.345,0.864,0
28,50,3.125,66.97,4.371,0.774,0
28,51,3.5,66.96,4.333,0.739,0
28,52,3.441,66.86,4.228,0.907,0
28,53,3.478,65.45,4.314,0.615,0
28,54,3.407,67.38,4.402,0.86,0
28,55,3.689,68.42,4.3,0.915,0
28,56,3.783,65.47,4.186,0.64,0
28,57,3.657,69.67,4.224,0.751,0
28,58,3.597,66.98,4.513,0.669,0
28,59,3.816,68.29,4.234,0.732,0
28,60,3.8,66.42,4.319,0.603,0
28,61,3.897,69.49,4.264,0.992,0
28,62,3.728,67.55,4.348,0.93,0
28,63,3.567,65.88,4.487,0.716,0
28,64,3.636,69.17,4.279,0.805,0
28,65,3.957,69.92,4.068,0.964,0
28,66,3.834,67.69,4.144,0.726,0
28,67,4.02,69.05,4.379,0.795,0
28,68,4.023,69.21,4.164,0.932,0
28,69,4.437,68.39,4.021,0.773,0
28,70,4.185,70.75,4.115,0.678,0
28,71,4.238,68.99,4.212,0.83,1
28,72,1.967,59.72,5.116,0.844,0
28,73,1.588,57.23,5.092,0.757,0
28,74,2.003,59.76,5.051,0.815,0
28,75,1.73,57.71,5.009,0.637,0
28,76,1.676,58.97,4.991,0.777,0
28,77,1.619,56.31,4.936,0.646,0
28,78,1.467,58.98,4.828,0.732,0
28,79,1.787,59.0,4.915,0.779,0
28,80,1.668,59.11,4.882,0.769,0
28,81,1.627,60.82,4.768,0.963,0
28,82,1.582,58.67,4.913,0.609,0
28,83,1.698,59.23,4.834,0.809,0
28,84,1.885,58.65,4.771,0.65,0
28,85,1.666,59.14,5.038,0.878,0
28,86,1.541,59.98,5.16,0.911,0
28,87,1.749,58.76,4.821,0.936,0
28,88,1.859,60.1,4.972,0.955,0
28,89,1.711,57.74,4.883,0.706,0
28,90,1.955,57.67,5.015,0.653,0
28,91,1.859,56.65,4.918,0.69,0
28,92,1.534,58.78,4.808,0.757,0
28,93,2.087,57.97,5.107,0.682,0
28,94,1.755,59.6,4.987,0.813,0
28,95,1.886,59.68,4.931,0.77,0
28,96,1.641,60.48,4.848,0.633,0
28,97,1.723,61.19,4.775,0.692,0
28,98,1.761,57.76,4.945,0.728,0
28,99,4.2,61.55,5.049,0.931,0
28,100,1.679,58.04,4.986,0.937,0
28,101,1.72,62.01,4.875,0.997,0
28,102,1.428,59.85,4.873,0.952,0
28,103,1.754,59.27,4.904,0.657,0
28,104,1.862,61.54,4.897,0.809,0
28,105,1.574,61.4,4.855,0.88,0
28,106,1.846,59.84,5.076,0.855,0
28,107,2.112,57.63,4.711,0.673,0
28,108,1.748,58.23,5.038,0.663,0
28,109,1.797,61.41,4.989,0.947,0
28,110,1.665,60.23,4.785,0.9,0
28,111,1.489,59.56,4.769,0.85,0
28,112,1.742,60.4,4.92,0.935,0
28,113,1.674,59.31,4.708,0.95,0
28,114,1.936,62.07,4.907,0.892,0
28,115,1.912,61.45,4.842,0.794,0
28,116,1.803,61.67,4.799,0.938,0
28,117,1.848,59.72,4.829,0.687,0
28,118,2.07,59.34,4.962,0.8,0
28,119,1.62,58.38,4.843,0.786,0
28,120,1.931,61.67,4.8,0.655,0
28,121,1.891,60.42,4.805,0.833,0
28,122,1.813,62.46,4.92,0.943,0
28,123,1.719,62.7,4.917,0.994,0
28,124,1.693,60.42,4.779,0.853,0
28,125,2.039,59.86,4.735,0.665,0
28,126,1.925,60.4,5.041,0.743,0
28,127,1.959,60.17,4.812,0.835,0
28,128,1.874,59.27,4.855,0.659,0
28,129,2.093,61.48,4.852,0.969,0
28,130,1.913,60.64,4.741,0.932,0
28,131,4.236,62.21,4.84,0.987,0
28,132,1.867,63.81,4.742,0.838,0
28,133,1.697,61.36,4.994,0.677,0
28,134,1.964,59.23,4.859,0.704,0
28,135,1.717,62.45,4.552,0.916,0
28,136,2.12,61.49,4.777,0.866,0
28,137,2.217,60.63,4.705,0.767,0
28,138,2.204,59.04,4.885,0.749,0
28,139,1.621,60.41,4.94,0.69,0
28,140,1.706,61.15,4.899,0.618,0
28,141,2.105,62.21,4.623,0.899,0
28,142,2.024,61.36,4.82,0.846,0
28,143,1.935,61.0,4.812,0.627,0
28,144,2.108,58.19,4.744,0.626,0
28,145,2.224,61.31,4.64,0.694,0
28,146,2.091,63.81,4.698,0.91,0
28,147,2.015,63.1,4.784,0.968,0
28,148,1.783,61.33,4.549,0.853,0
28,149,1.647,61.24,4.792,0.677,0
28,150,2.201,61.21,4.617,0.649,0
28,151,2.102,60.53,4.741,0.862,0
28,152,1.926,62.4,4.945,0.772,0
28,153,2.312,63.07,4.805,0.974,0
28,154,2.204,63.44,4.833,0.898,0
28,155,2.277,63.35,4.728,0.934,0
28,156,2.211,62.65,4.737,0.84,0
28,157,2.169,61.9,4.864,0.681,0
28,158,1.909,62.87,4.79,0.755,0
28,159,1.978,59.9,4.834,0.701,0
28,160,2.024,62.02,4.682,0.671,0
28,161,4.189,65.78,4.749,0.969,0
28,162,1.937,61.15,4.746,0.699,0
28,163,2.534,62.83,4.499,0.802,0
28,164,2.176,62.51,4.57,0.753,0
28,165,2.239,64.17,4.766,0.821,0
28,166,2.415,61.88,4.857,0.769,0
28,167,2.369,63.08,4.634,0.754,0
28,168,2.285,60.51,4.65,0.697,0
28,169,2.446,61.92,4.482,0.628,0
28,170,2.339,61.8,4.452,0.802,0
28,171,2.508,62.41,4.446,0.654,0
28,172,2.433,64.34,4.795,0.922,0
28,173,2.115,63.12,4.759,0.952,0
28,174,2.036,63.12,4.659,0.768,0
28,175,2.411,62.11,4.793,0.603,0
28,176,2.415,63.94,4.554,0.778,0
28,177,2.375,62.07,4.591,0.714,0
28,178,2.347,63.71,4.605,0.838,0
28,179,2.368,63.44,4.652,0.994,0
28,180,2.633,62.93,4.8,0.606,0
28,181,2.246,63.32,4.782,0.773,0
28,182,2.173,64.16,4.728,0.629,0
28,183,2.347,64.44,4.584,0.819,0
28,184,2.493,63.57,4.591,0.825,0
28,185,2.587,62.87,4.455,0.626,0
28,186,2.554,66.03,4.547,0.968,0
28,187,2.549,65.38,4.447,0.993,0
28,188,2.591,65.08,4.385,0.692,0
28,189,2.483,64.46,4.643,0.743,0
28,190,2.596,62.99,4.504,0.685,0
28,191,2.848,63.61,4.515,0.848,0
28,192,2.701,62.88,4.654,0.643,0
28,193,2.823,63.03,4.485,0.676,0
28,194,2.638,63.82,4.474,0.67,0
28,195,2.813,64.58,4.498,0.675,0
28,196,2.968,65.27,4.547,0.976,0
28,197,2.831,65.11,4.63,0.828,0
28,198,2.722,64.64,4.436,0.755,0
28,199,2.675,66.51,4.381,0.905,0
28,200,2.844,64.49,4.655,0.85,0
28,201,2.825,65.15,4.546,0.613,0
28,202,2.817,65.33,4.533,0.925,0
28,203,2.893,64.79,4.55,0.932,0
28,204,2.865,67.14,4.527,0.972,0
28,205,3.244,65.32,4.603,0.639,0
28,206,2.934,66.37,4.508,0.966,0
28,207,2.841,66.72,4.292,0.863,0
28,208,3.258,64.54,4.56,0.736,0
28,209,2.922,65.75,4.405,0.74,0
28,210,3.176,66.56,4.455,0.856,0
28,211,3.125,65.06,4.38,0.875,0
28,212,3.255,65.35,4.61,0.606,0
28,213,3.282,68.38,4.177,0.932,0
28,214,2.956,64.92,4.453,0.804,0
28,215,3.208,64.24,4.501,0.652,0
28,216,3.299,66.38,4.449,0.924,0
28,217,3.184,66.01,4.459,0.675,0
28,218,3.482,67.16,4.282,0.755,0
28,219,3.358,64.85,4.433,0.65,0
28,220,3.12,66.62,4.312,0.675,0
28,221,3.652,67.24,4.248,0.688,0
28,222,3.272,67.92,4.227,0.614,0
28,223,3.461,66.27,4.267,0.699,0
28,224,3.428,67.47,4.394,0.96,0
28,225,3.573,67.91,4.488,0.994,0
28,226,3.445,66.11,4.166,0.623,0
28,227,3.72,68.56,4.242,0.813,0
28,228,3.49,66.75,4.188,0.635,0
28,229,3.808,68.93,4.476,0.86,0
28,230,3.721,67.02,4.434,0.891,0
28,231,3.524,68.02,4.241,0.689,0
28,232,3.595,67.51,4.314,0.667,0
28,233,3.683,68.35,4.308,0.839,0
28,234,3.809,68.77,4.114,0.884,0
28,235,3.83,70.76,4.292,0.989,0
28,236,4.059,69.12,4.202,0.947,0
28,237,4.029,68.78,4.322,0.829,0
28,238,3.901,68.93,4.305,0.81,0
28,239,3.81,67.77,4.01,0.929,0
28,240,4.153,69.68,4.138,0.956,0
28,241,3.933,69.82,4.146,0.794,0
28,242,5.947,69.5,4.128,0.961,0
28,243,4.125,68.22,4.276,0.667,0
28,244,4.311,69.72,4.285,0.932,1
28,245,2.028,58.89,4.915,0.752,0
28,246,1.983,58.02,5.016,0.775,0
28,247,1.557,58.19,4.778,0.751,0
28,248,1.767,58.4,4.812,0.714,0
28,249,1.605,58.38,4.908,0.796,0
28,250,1.886,60.87,4.918,0.857,0
28,251,1.638,60.27,5.112,0.905,0
28,252,2.025,57.68,4.882,0.613,0
28,253,1.685,58.54,5.015,0.815,0
28,254,1.586,59.99,4.865,0.719,0
28,255,1.837,57.4,4.92,0.633,0
28,256,1.652,57.44,4.9,0.691,0
28,257,1.772,59.65,4.981,0.881,0
28,258,1.602,60.12,4.948,0.714,0
28,259,3.452,58.26,4.907,0.872,0
28,260,1.819,58.29,4.921,0.628,0
28,261,1.698,57.72,4.99,0.978,0
28,262,2.016,59.17,4.966,0.954,0
28,263,1.382,59.61,5.031,0.84,0
28,264,1.756,62.11,5.074,0.891,0
28,265,1.538,59.11,4.926,0.689,0
28,266,1.684,58.78,4.965,0.917,0
28,267,1.828,57.93,4.943,0.67,0
28,268,1.991,59.37,5.012,0.62,0
28,269,3.22,59.42,5.02,0.731,0
28,270,1.799,58.8,4.998,0.683,0
28,271,1.678,56.44,5.029,0.603,0
28,272,1.783,59.79,5.052,0.937,0
28,273,1.889,60.87,4.768,0.724,0
28,274,1.679,59.07,4.936,0.634,0
28,275,1.495,59.66,4.848,0.703,0
28,276,1.897,59.19,5.114,0.792,0
28,277,1.718,59.34,4.819,0.728,0
28,278,1.679,60.49,4.844,0.843,0
28,279,1.632,60.77,4.952,0.911,0
28,280,4.04,59.74,4.757,0.635,0
28,281,1.445,59.8,4.869,0.626,0
28,282,1.769,60.04,4.742,0.867,0
28,283,2.126,59.84,4.892,0.743,0
28,284,1.87,59.38,5.005,0.795,0
28,285,1.631,59.18,4.99,0.618,0
28,286,1.847,61.48,5.011,0.924,0
28,287,1.871,59.33,5.095,0.608,0
28,288,2.002,59.34,4.853,0.921,0
28,289,1.795,61.63,5.061,0.898,0
28,290,1.852,59.36,4.959,0.813,0
28,291,1.803,61.55,5.04,0.782,0
28,292,1.876,63.44,4.86,0.934,0
28,293,1.93,60.45,4.876,0.682,0
28,294,1.985,61.0,4.901,0.949,0
28,295,1.539,58.92,4.915,0.827,0
28,296,1.732,59.5,4.833,0.884,0
28,297,1.846,59.09,4.739,0.622,0
28,298,1.974,58.81,4.827,0.64,0
28,299,2.047,60.31,4.812,0.7,0
28,300,2.085,61.51,4.854,0.828,0
28,301,1.726,61.53,4.79,0.996,0
28,302,1.802,60.8,4.733,0.679,0
28,303,1.928,61.84,4.828,0.89,0
28,304,1.668,61.54,4.856,0.865,0
28,305,1.682,61.89,4.948,0.801,0
28,306,1.921,60.49,4.797,0.84,0
28,307,2.122,63.14,4.85,0.92,0
28,308,1.892,61.58,4.796,0.853,0
28,309,1.964,60.12,4.788,0.644,0
28,310,2.11,62.0,4.794,0.805,0
28,311,2.04,62.64,4.925,0.642,0
28,312,1.907,59.72,4.739,0.701,0
28,313,2.0,60.79,4.871,0.776,0
28,314,1.964,61.43,4.816,0.767,0
28,315,1.777,62.51,4.784,0.886,0
28,316,1.961,60.81,4.737,0.675,0
28,317,2.189,60.9,4.738,0.637,0
28,318,2.243,62.41,4.696,0.905,0
28,319,2.014,61.65,4.819,0.823,0
28,320,2.151,64.02,4.916,0.968,0
28,321,2.066,60.48,4.714,0.69,0
28,322,3.375,61.19,4.6,0.692,0
28,323,2.042,63.0,4.484,0.814,0
28,324,2.169,61.87,4.714,0.605,0
28,325,2.449,62.91,4.603,0.852,0
28,326,2.474,64.3,4.676,0.677,0
28,327,2.38,62.3,4.634,0.715,0
28,328,2.684,62.67,4.547,0.864,0
28,329,2.445,60.4,4.742,0.669,0
28,330,2.404,65.21,4.641,0.946,0
28,331,2.294,61.93,4.64,0.652,0
28,332,2.35,62.72,4.723,0.767,0
28,333,2.388,64.52,4.634,0.991,0
28,334,2.092,62.29,4.754,0.713,0
28,335,2.648,61.54,4.689,0.634,0
28,336,2.291,61.75,4.591,0.641,0
28,337,2.29,65.21,4.775,0.835,0
28,338,2.677,64.18,4.483,0.722,0
28,339,2.408,67.08,4.528,0.888,0
28,340,2.604,65.19,4.608,0.914,0
28,341,2.569,63.94,4.523,0.733,0
28,342,2.519,63.53,4.494,0.817,0
28,343,2.674,65.87,4.638,0.967,0
28,344,2.557,66.86,4.719,0.973,0
28,345,2.72,63.99,4.53,0.894,0
28,346,2.75,64.06,4.542,0.788,0
28,347,2.548,64.09,4.572,0.784,0
28,348,2.707,64.29,4.47,0.821,0
28,349,2.91,66.0,4.539,0.79,0
28,350,2.83,66.09,4.49,0.859,0
28,351,2.893,64.2,4.425,0.804,0
28,352,2.789,67.42,4.555,0.725,0
28,353,2.867,67.7,4.472,0.972,0
28,354,2.951,66.73,4.413,0.968,0
28,355,3.013,65.33,4.411,0.722,0
28,356,3.192,65.7,4.526,0.708,0
28,357,3.098,67.11,4.393,0.842,0
28,358,3.172,65.6,4.332,0.783,0
28,359,2.977,65.91,4.432,0.664,0
28,360,3.201,67.31,4.294,0.711,0
28,361,3.34,65.73,4.333,0.644,0
28,362,3.083,67.23,4.335,0.658,0
28,363,3.189,67.1,4.336,0.939,0
28,364,3.133,67.27,4.405,0.816,0
29,0,2.325,60.73,4.606,0.606,0
29,1,2.297,65.23,4.638,0.84,0
29,2,2.129,61.95,4.651,0.687,0
29,3,2.049,63.61,4.669,0.616,0
29,4,2.271,62.84,4.778,0.632,0
29,5,2.092,63.91,4.508,0.868,0
29,6,2.373,64.07,4.672,0.696,0
29,7,2.283,66.78,4.56,0.926,0
29,8,2.27,62.64,4.486,0.696,0
29,9,2.324,65.06,4.629,0.959,0
29,10,2.415,64.76,4.737,0.911,0
29,11,2.133,62.84,4.431,0.661,0
29,12,2.164,63.15,4.662,0.677,0
29,13,1.919,62.56,4.646,0.85,0
29,14,2.266,64.81,4.69,0.973,0
29,15,2.154,63.94,4.69,0.729,0
29,16,2.238,62.09,4.667,0.742,0
29,17,2.449,62.5,4.481,0.813,0
29,18,2.275,66.52,4.634,0.895,0
29,19,2.214,63.09,4.61,0.927,0
29,20,2.288,63.91,4.875,0.748,0
29,21,2.242,63.52,4.634,0.677,0
29,22,2.301,64.96,4.637,0.942,0
29,23,2.31,66.88,4.498,0.968,0
29,24,2.649,67.49,4.536,0.798,0
29,25,2.164,62.64,4.455,0.642,0
29,26,2.293,62.29,4.498,0.625,0
29,27,2.665,63.66,4.576,0.77,0
29,28,2.318,63.69,4.531,0.696,0
29,29,2.6,64.1,4.479,0.834,0
29,30,2.565,63.03,4.587,0.64,0
29,31,2.401,62.86,4.533,0.614,0
29,32,2.486,65.95,4.58,0.976,0
29,33,2.697,65.8,4.52,0.729,0
29,34,2.64,64.26,4.621,0.805,0
29,35,2.362,64.67,4.618,0.761,0
29,36,2.359,64.89,4.446,0.715,0
29,37,2.209,64.51,4.612,0.706,0
29,38,2.779,65.81,4.384,0.784,0
29,39,2.615,65.72,4.509,0.783,0
29,40,2.561,63.25,4.464,0.731,0
29,41,2.614,65.34,4.297,0.927,0
29,42,2.218,65.15,4.438,0.766,0
29,43,2.731,65.37,4.531,0.916,0
29,44,2.691,67.29,4.501,0.888,0
29,45,2.333,63.99,4.385,0.863,0
29,46,2.947,63.66,4.433,0.624,0
29,47,3.923,65.77,4.254,0.908,0
29,48,2.69,67.47,4.553,0.966,0
29,49,2.633,65.45,4.437,0.737,0
29,50,2.636,65.78,4.389,0.795,0
29,51,2.741,66.23,4.318,0.64,0
29,52,2.692,64.81,4.404,0.74,0
29,53,2.599,67.4,4.469,0.926,0
29,54,2.589,65.05,4.324,0.644,0
29,55,3.121,65.06,4.416,0.731,0
29,56,2.681,64.71,4.463,0.604,0
29,57,2.584,66.74,4.4,0.935,0
29,58,2.779,64.8,4.412,0.718,0
29,59,3.164,66.18,4.572,0.741,0
29,60,2.642,69.48,4.603,0.848,0
29,61,2.817,70.15,4.346,0.969,0
29,62,2.969,68.31,4.207,0.866,0
29,63,2.605,65.01,4.222,0.693,0
29,64,3.167,68.79,4.39,0.832,0
29,65,2.818,65.49,4.326,0.712,0
29,66,3.019,65.43,4.544,0.658,0
29,67,3.093,67.57,4.452,0.833,0
29,68,2.919,67.53,4.392,0.78,0
29,69,2.979,64.84,4.422,0.628,0
29,70,2.883,67.64,4.257,0.694,0
29,71,3.092,65.55,4.368,0.881,0
29,72,3.206,65.44,4.427,0.666,0
29,73,2.86,66.04,4.294,0.854,0
29,74,3.016,66.52,4.435,0.703,0
29,75,2.918,66.32,4.313,0.811,0
29,76,3.183,67.14,4.325,0.869,0
29,77,3.073,67.6,4.259,0.915,0
29,78,3.054,65.03,4.239,0.625,0
29,79,2.89,66.96,4.336,0.94,0
29,80,3.246,65.43,4.284,0.797,0
29,81,3.271,67.74,4.259,0.794,0
29,82,3.408,67.16,4.514,0.685,0
29,83,3.327,67.84,4.4,0.781,0
29,84,4.974,66.3,4.487,0.671,0
29,85,6.225,67.03,4.179,0.841,0
29,86,3.396,65.43,4.403,0.602,0
29,87,3.319,66.13,4.32,0.72,0
29,88,3.358,70.67,4.185,0.929,0
29,89,3.283,66.9,4.307,0.641,0
29,90,3.509,69.55,4.273,0.811,0
29,91,3.104,67.76,4.296,0.807,0
29,92,3.584,70.89,4.18,0.985,0
29,93,3.555,68.47,4.267,0.663,0
29,94,3.753,69.05,4.198,0.699,0
29,95,3.732,66.48,4.299,0.671,0
29,96,3.543,69.79,4.189,0.899,0
29,97,3.474,66.69,4.196,0.62,0
29,98,3.846,69.17,4.284,0.85,0
29,99,3.369,69.64,4.276,0.751,0
29,100,3.617,68.03,4.252,0.753,0
29,101,3.876,70.65,4.105,0.89,0
29,102,3.897,68.79,4.281,0.858,0
29,103,3.881,67.31,4.3,0.72,0
29,104,4.245,70.31,4.12,0.852,0
29,105,4.075,66.52,4.038,0.682,0
29,106,3.816,69.99,4.024,0.82,0
29,107,3.979,70.0,4.194,0.893,0
29,108,3.988,72.79,4.233,0.952,0
29,109,3.894,67.73,4.094,0.603,0
29,110,3.966,68.9,4.069,0.777,0
29,111,3.833,70.74,4.244,0.942,0
29,112,4.401,70.74,4.266,0.967,0
29,113,4.025,70.11,4.028,0.73,0
29,114,4.26,72.44,4.015,0.973,0
29,115,4.114,71.0,3.94,0.896,0
29,116,4.445,70.96,4.085,0.789,0
29,117,4.009,68.2,4.205,0.758,0
29,118,4.205,70.34,3.825,0.789,0
29,119,4.353,71.14,4.138,0.646,0
29,120,4.165,70.7,4.092,0.884,0
29,121,4.129,69.8,4.077,0.704,1
29,122,1.784,62.36,4.79,0.666,0
29,123,2.072,62.36,4.9,0.964,0
29,124,1.643,63.22,4.784,0.998,0
29,125,1.855,61.4,4.865,0.889,0
29,126,1.663,61.64,5.068,0.816,0
29,127,1.968,61.56,4.694,0.684,0
29,128,1.813,60.32,4.715,0.643,0
29,129,1.596,61.41,4.74,0.656,0
29,130,1.827,63.51,4.829,0.953,0
29,131,1.842,59.67,4.802,0.83,0
29,132,2.149,59.44,4.817,0.66,0
29,133,1.862,61.6,4.825,0.737,0
29,134,1.815,63.73,4.802,0.826,0
29,135,1.851,62.71,4.81,0.998,0
29,136,1.762,61.77,4.839,0.945,0
29,137,1.96,61.5,4.864,0.947,0
29,138,1.831,60.17,4.816,0.743,0
29,139,2.116,60.35,4.786,0.657,0
29,140,2.089,60.22,4.859,0.624,0
29,141,1.783,61.75,4.768,0.648,0
29,142,1.824,62.3,4.886,0.935,0
29,143,1.901,62.09,4.972,0.654,0
29,144,2.039,60.42,4.96,0.877,0
29,145,1.588,60.83,4.862,0.709,0
29,146,1.841,60.67,5.065,0.606,0
29,147,2.066,60.26,4.9,0.863,0
29,148,2.09,60.53,4.657,0.696,0
29,149,1.69,61.41,4.631,0.629,0
29,150,1.85,61.15,4.84,0.984,0
29,151,1.727,58.4,4.85,0.716,0
29,152,1.921,59.06,4.652,0.815,0
29,153,1.88,61.72,4.676,0.831,0
29,154,1.879,59.49,4.999,0.78,0
29,155,1.969,60.8,4.835,0.672,0
29,156,1.902,61.0,4.877,0.965,0
29,157,1.707,62.18,4.875,0.93,0
29,158,2.091,61.28,4.909,0.626,0
29,159,1.907,62.69,4.823,0.87,0
29,160,1.824,63.01,4.669,0.741,0
29,161,1.923,61.45,4.848,0.924,0
29,162,1.752,59.66,4.859,0.691,0
29,163,1.874,62.78,4.729,0.999,0
29,164,1.821,61.76,4.91,0.844,0
29,165,1.583,60.07,4.906,0.614,0
29,166,2.172,63.56,4.947,0.946,0
29,167,2.165,62.85,4.853,0.633,0
29,168,1.797,61.29,4.848,0.954,0
29,169,2.166,59.71,4.765,0.814,0
29,170,1.718,61.55,4.773,0.789,0
29,171,1.774,60.82,4.866,0.773,0
29,172,2.06,62.42,4.812,0.818,0
29,173,1.849,61.42,4.659,0.843,0
29,174,1.885,61.85,4.948,0.856,0
29,175,1.982,60.77,4.831,0.637,0
29,176,1.885,61.64,4.845,0.929,0
29,177,1.772,61.28,4.722,0.877,0
29,178,1.92,62.75,4.591,0.997,0
29,179,1.598,62.8,4.961,0.839,0
29,180,1.986,58.92,4.847,0.663,0
29,181,1.778,60.95,4.887,0.826,0
29,182,1.789,61.61,4.857,0.813,0
29,183,1.821,61.01,4.812,0.859,0
29,184,1.912,62.82,4.778,0.957,0
29,185,1.901,62.86,4.608,0.806,0
29,186,1.956,61.82,4.808,0.985,0
29,187,2.022,61.18,5.035,0.711,0
29,188,2.186,61.61,4.737,0.942,0
29,189,1.783,62.83,4.809,0.98,0
29,190,1.954,62.48,4.832,0.78,0
29,191,1.922,62.47,4.944,0.959,0
29,192,1.624,61.1,4.866,0.715,0
29,193,2.149,61.46,4.904,0.877,0
29,194,1.891,60.67,4.844,0.812,0
29,195,1.791,62.98,4.843,0.654,0
29,196,1.41,62.97,4.863,0.875,0
29,197,4.673,62.4,4.668,0.759,0
29,198,1.683,60.88,5.096,0.792,0
29,199,1.906,59.81,4.858,0.719,0
29,200,1.788,61.49,4.793,0.829,0
29,201,1.894,61.59,4.989,0.937,0
29,202,1.922,61.45,4.66,0.964,0
29,203,2.254,61.94,4.893,0.846,0
29,204,1.919,60.03,4.575,0.729,0
29,205,1.791,63.0,4.746,0.973,0
29,206,2.069,62.98,4.895,0.836,0
29,207,1.885,59.75,4.878,0.685,0
29,208,1.753,60.88,4.79,0.797,0
29,209,1.987,63.27,4.761,0.907,0
29,210,1.981,61.2,4.845,0.729,0
29,211,1.949,62.66,4.783,0.954,0
29,212,1.817,62.88,4.845,0.837,0
29,213,2.021,64.01,4.713,0.991,0
29,214,1.905,63.2,4.855,0.759,0
29,215,1.994,63.36,4.898,0.854,0
29,216,1.847,60.06,4.668,0.747,0
29,217,1.865,63.63,4.7,0.975,0
29,218,1.841,62.22,4.87,0.839,0
29,219,1.721,62.28,4.764,0.787,0
29,220,2.003,62.22,4.611,0.761,0
29,221,1.66,63.08,4.594,0.795,0
29,222,1.911,62.74,4.79,0.747,0
29,223,2.046,63.77,4.702,0.736,0
29,224,1.858,62.89,4.686,0.914,0
29,225,1.957,61.9,4.641,0.661,0
29,226,1.853,60.84,4.542,0.643,0
29,227,2.038,63.27,4.867,0.792,0
29,228,1.788,62.25,4.877,0.735,0
29,229,1.999,60.91,4.781,0.632,0
29,230,1.916,60.63,4.79,0.663,0
29,231,1.955,61.93,4.61,0.77,0
29,232,2.046,64.12,4.812,0.984,0
29,233,1.743,63.88,4.633,0.923,0
29,234,2.04,62.42,4.535,0.878,0
29,235,2.307,61.66,4.59,0.84,0
29,236,1.761,64.57,4.664,0.739,0
29,237,2.186,60.34,4.726,0.729,0
29,238,1.908,60.63,4.787,0.661,0
29,239,1.795,62.36,4.698,0.696,0
29,240,2.045,63.02,4.837,0.663,0
29,241,1.895,64.12,4.615,0.794,0
29,242,1.885,63.45,4.569,0.771,0
29,243,1.949,61.94,4.784,0.769,0
29,244,2.129,63.58,4.754,0.98,0
29,245,2.02,63.77,4.638,0.987,0
29,246,1.972,64.26,4.748,0.894,0
29,247,2.066,63.16,4.781,0.991,0
29,248,1.81,62.0,4.652,0.628,0
29,249,1.561,61.55,4.724,0.639,0
29,250,1.697,61.88,4.705,0.748,0
29,251,1.892,65.09,4.921,0.96,0
29,252,2.035,60.07,4.729,0.67,0
29,253,1.893,62.24,4.747,0.846,0
29,254,2.019,64.96,4.62,0.989,0
29,255,2.096,64.38,4.61,0.984,0
29,256,1.995,63.38,4.747,0.976,0
29,257,1.908,60.78,4.635,0.779,0
29,258,1.865,63.15,4.731,0.676,0
29,259,1.94,64.88,4.692,0.915,0
29,260,2.33,62.71,4.824,0.853,0
29,261,2.027,61.57,4.505,0.664,0
29,262,2.07,64.67,4.693,0.809,0
29,263,2.228,61.93,4.563,0.743,0
29,264,2.395,63.45,4.731,0.682,0
29,265,2.063,63.27,4.624,0.776,0
29,266,2.042,63.44,4.595,0.719,0
29,267,2.218,66.3,4.611,0.794,0
29,268,1.924,62.5,4.764,0.657,0
29,269,2.465,63.64,4.494,0.736,0
29,270,2.016,65.14,4.709,0.982,0
29,271,1.808,62.75,4.878,0.666,0
29,272,2.311,63.13,4.666,0.794,0
29,273,2.184,60.93,4.705,0.613,0
29,274,2.297,60.97,4.627,0.648,0
29,275,2.093,63.19,4.668,0.84,0
29,276,1.912,63.71,4.627,0.683,0
29,277,2.052,62.78,4.537,0.854,0
29,278,1.886,64.5,4.627,0.877,0
29,279,2.266,65.52,4.551,0.983,0
29,280,2.386,63.88,4.604,0.753,0
29,281,2.252,63.36,4.465,0.933,0
29,282,2.542,63.94,4.74,0.834,0
29,283,2.43,63.58,4.483,0.682,0
29,284,2.331,65.96,4.599,0.871,0
29,285,2.259,62.96,4.627,0.654,0
29,286,2.128,62.8,4.515,0.719,0
29,287,2.337,63.81,4.698,0.873,0
29,288,2.207,65.81,4.541,0.923,0
29,289,2.369,61.39,4.557,0.804,0
29,290,2.347,63.32,4.644,0.619,0
29,291,2.492,62.17,4.914,0.733,0
29,292,2.125,63.26,4.816,0.634,0
29,293,2.204,63.17,4.418,0.822,0
29,294,2.222,64.52,4.691,0.841,0
29,295,1.989,63.26,4.625,0.833,0
29,296,2.125,64.19,4.588,0.755,0
29,297,2.134,62.71,4.645,0.815,0
29,298,2.299,63.48,4.469,0.696,0
29,299,2.237,62.56,4.819,0.659,0
29,300,2.382,64.84,4.544,0.782,0
29,301,2.148,64.47,4.647,0.822,0
29,302,2.26,66.55,4.439,0.926,0
29,303,2.383,62.29,4.58,0.639,0
29,304,1.86,64.64,4.644,0.729,0
29,305,2.079,65.24,4.484,0.87,0
29,306,2.432,65.79,4.621,0.926,0
29,307,2.39,64.5,4.405,0.721,0
29,308,2.0,62.92,4.699,0.816,0
29,309,2.29,62.54,4.597,0.82,0
29,310,2.756,65.1,4.613,0.814,0
29,311,2.242,66.04,4.655,0.895,0
29,312,2.433,63.67,4.364,0.689,0
29,313,4.85,66.04,4.62,0.775,0
29,314,2.43,63.99,4.447,0.736,0
29,315,2.321,65.32,4.688,0.846,0
29,316,4.6,64.23,4.509,0.836,0
29,317,2.342,64.32,4.706,0.805,0
29,318,2.489,64.0,4.463,0.683,0
29,319,2.345,63.2,4.473,0.806,0
29,320,2.716,65.07,4.723,0.742,0
29,321,2.267,64.34,4.637,0.661,0
29,322,2.192,63.25,4.555,0.653,0
29,323,2.545,62.26,4.634,0.822,0
29,324,2.44,66.83,4.337,0.93,0
29,325,2.571,63.85,4.536,0.689,0
29,326,2.512,66.5,4.381,0.968,0
29,327,2.187,65.53,4.414,0.955,0
29,328,2.756,66.68,4.498,0.843,0
29,329,2.622,68.23,4.64,0.903,0
29,330,2.562,66.3,4.64,0.861,0
29,331,2.415,66.61,4.36,0.821,0
29,332,2.495,65.6,4.39,0.852,0
29,333,2.628,67.93,4.47,0.977,0
29,334,2.687,65.39,4.591,0.604,0
29,335,2.453,63.77,4.546,0.739,0
29,336,2.574,64.71,4.519,0.995,0
29,337,2.768,66.15,4.566,0.681,0
29,338,2.932,65.35,4.479,0.775,0
29,339,2.34,64.74,4.316,0.687,0
29,340,2.327,63.91,4.311,0.625,0
29,341,2.674,64.22,4.469,0.674,0
29,342,2.638,67.79,4.577,0.937,0
29,343,2.724,65.52,4.522,0.925,0
29,344,2.663,66.17,4.309,0.632,0
29,345,2.702,65.51,4.403,0.731,0
29,346,2.687,68.28,4.364,0.856,0
29,347,2.454,65.03,4.684,0.661,0
29,348,2.63,67.41,4.558,0.893,0
29,349,2.985,66.41,4.507,0.643,0
29,350,2.846,64.55,4.334,0.689,0
29,351,2.581,66.64,4.45,0.665,0
29,352,2.555,67.45,4.532,0.658,0
29,353,2.741,66.2,4.491,0.776,0
29,354,2.81,66.72,4.435,0.86,0
29,355,2.862,66.2,4.301,0.743,0
29,356,2.761,66.36,4.339,0.998,0
29,357,2.938,68.62,4.549,0.926,0
29,358,2.831,66.39,4.344,0.956,0
29,359,2.683,66.92,4.677,0.731,0
29,360,2.877,68.56,4.484,0.957,0
29,361,3.091,68.05,4.502,0.936,0
29,362,2.678,65.06,4.281,0.728,0
29,363,3.122,65.92,4.321,0.797,0
29,364,2.767,68.2,4.379,0.933,0
30,0,1.957,62.01,4.323,0.928,0
30,1,2.512,61.55,4.354,0.743,0
30,2,2.244,64.11,4.319,0.763,0
30,3,2.242,62.47,4.329,0.681,0
30,4,2.265,62.76,4.203,0.896,0
30,5,2.06,62.81,4.488,0.966,0
30,6,1.956,63.68,4.29,0.927,0
30,7,2.353,62.2,4.315,0.869,0
30,8,2.316,63.45,4.353,0.921,0
30,9,2.143,62.85,4.496,0.641,0
30,10,2.138,62.95,4.248,0.847,0
30,11,2.237,63.06,4.425,0.95,0
30,12,2.064,62.4,4.293,0.898,0
30,13,2.318,63.57,4.493,0.923,0
30,14,2.093,63.37,4.324,0.76,0
30,15,2.241,61.74,4.197,0.611,0
30,16,2.227,60.15,4.381,0.653,0
30,17,2.456,63.94,4.299,0.97,0
30,18,2.142,63.93,4.405,0.894,0
30,19,2.154,62.32,4.412,0.747,0
30,20,2.487,64.28,4.221,0.875,0
30,21,2.418,62.24,4.381,0.821,0
30,22,2.347,64.17,4.358,0.842,0
30,23,1.992,63.33,4.453,0.869,0
30,24,2.333,64.16,4.357,0.76,0
30,25,2.311,61.58,4.198,0.604,0
30,26,1.95,63.09,4.266,0.951,0
30,27,2.319,61.42,4.322,0.732,0
30,28,2.334,62.56,4.307,0.606,0
30,29,3.897,64.55,4.221,0.908,0
30,30,2.25,63.05,4.31,0.926,0
30,31,2.096,62.51,4.468,0.879,0
30,32,2.32,64.69,4.22,0.968,0
30,33,2.183,62.8,4.46,0.61,0
30,34,2.202,62.95,4.232,0.714,0
30,35,2.126,63.3,4.251,0.747,0
30,36,2.292,64.81,4.235,0.814,0
30,37,2.285,63.91,4.298,0.632,0
30,38,2.065,64.41,4.466,0.798,0
30,39,2.226,63.29,4.365,0.845,0
30,40,2.339,65.11,4.28,0.754,0
30,41,2.191,62.59,4.202,0.807,0
30,42,2.306,62.45,4.126,0.785,0
30,43,2.241,61.88,4.251,0.692,0
30,44,2.207,60.8,4.257,0.616,0
30,45,2.24,65.38,4.342,0.847,0
30,46,2.368,65.8,4.248,0.997,0
30,47,2.283,64.22,4.381,0.813,0
30,48,2.46,64.73,4.308,0.81,0
30,49,2.426,64.94,4.448,0.942,0
30,50,2.37,64.9,4.417,0.653,0
30,51,2.251,64.71,4.303,0.737,0
30,52,2.49,65.97,4.316,0.991,0
30,53,1.899,63.86,4.2,0.617,0
30,54,2.258,64.31,4.145,0.772,0
30,55,2.399,62.84,4.239,0.801,0
30,56,1.82,62.62,4.413,0.722,0
30,57,2.298,64.65,4.356,0.942,0
30,58,2.574,63.2,4.165,0.745,0
30,59,2.262,63.77,4.274,0.627,0
30,60,2.413,63.47,4.275,0.609,0
30,61,2.449,65.72,4.385,0.924,0
30,62,2.203,65.14,4.279,0.816,0
30,63,2.289,62.34,4.248,0.62,0
30,64,2.231,66.69,4.119,0.85,0
30,65,2.075,62.44,4.095,0.683,0
30,66,2.401,64.82,4.157,0.807,0
30,67,2.227,63.72,4.36,0.819,0
30,68,2.142,65.04,4.158,0.68,0
30,69,2.407,64.62,4.082,0.645,0
30,70,2.181,66.41,4.345,0.964,0
30,71,2.311,66.35,4.116,0.89,0
30,72,2.531,64.33,4.191,0.859,0
30,73,2.66,62.28,4.239,0.612,0
30,74,2.417,64.58,4.194,0.67,0
30,75,2.476,64.29,4.115,0.704,0
30,76,3.761,66.07,4.316,0.84,0
30,77,2.534,65.38,4.209,0.606,0
30,78,2.462,62.98,4.343,0.629,0
30,79,2.641,62.35,4.26,0.628,0
30,80,2.513,65.16,4.121,0.6,0
30,81,2.491,64.54,4.295,0.741,0
30,82,2.618,62.6,4.269,0.631,0
30,83,2.503,64.59,4.29,0.707,0
30,84,2.601,65.82,4.346,0.827,0
30,85,2.385,66.75,4.241,0.889,0
30,86,2.581,65.0,4.175,0.939,0
30,87,2.692,67.03,4.379,0.987,0
30,88,2.436,65.46,4.251,0.844,0
30,89,2.428,64.44,4.307,0.789,0
30,90,2.829,64.8,4.277,0.769,0
30,91,2.555,67.01,4.12,0.899,0
30,92,2.509,64.96,4.243,0.695,0
30,93,2.779,66.37,4.218,0.994,0
30,94,2.68,65.5,3.974,0.78,0
30,95,2.807,67.96,4.307,0.92,0
30,96,2.581,67.31,4.07,0.785,0
30,97,2.709,67.44,4.139,0.958,0
30,98,2.986,64.19,4.211,0.703,0
30,99,2.545,67.99,4.184,0.896,0
30,100,2.909,65.39,4.028,0.812,0
30,101,2.671,65.7,4.064,0.613,0
30,102,2.578,66.26,4.046,0.964,0
30,103,2.383,65.13,3.951,0.615,0
30,104,2.65,63.87,4.025,0.609,0
30,105,2.721,64.13,3.85,0.617,0
30,106,2.742,66.0,4.06,0.748,0
30,107,2.655,66.17,4.169,0.825,0
30,108,2.602,66.44,4.089,0.707,0
30,109,2.642,68.36,4.134,0.946,0
30,110,2.755,65.68,3.948,0.716,0
30,111,2.932,67.23,4.101,0.906,0
30,112,2.817,68.25,3.97,0.882,0
30,113,2.962,66.87,4.126,0.921,0
30,114,2.803,67.23,4.093,0.82,0
30,115,2.77,67.37,4.063,0.873,0
30,116,2.767,68.46,4.077,0.781,0
30,117,3.061,68.88,3.951,0.958,0
30,118,2.949,67.39,3.924,0.868,0
30,119,3.049,67.38,4.127,0.983,0
30,120,3.062,66.61,4.081,0.664,0
30,121,2.785,67.09,4.016,0.892,0
30,122,2.812,66.81,3.938,0.721,0
30,123,2.95,66.47,4.174,0.692,0
30,124,3.205,66.96,3.938,0.746,0
30,125,2.678,67.07,4.123,0.655,0
30,126,3.197,66.31,3.829,0.606,0
30,127,3.102,66.06,3.885,0.711,0
30,128,3.04,68.67,3.967,0.968,0
30,129,3.369,69.34,3.95,0.875,0
30,130,3.219,66.07,3.928,0.686,0
30,131,3.138,68.8,4.141,0.764,0
30,132,3.081,68.99,3.742,0.879,0
30,133,5.901,67.12,3.991,0.944,0
30,134,3.075,70.6,3.998,0.984,0
30,135,3.387,68.79,3.969,0.938,0
30,136,3.354,69.63,4.019,0.946,0
30,137,3.26,69.75,3.842,0.88,0
30,138,3.279,68.04,3.984,0.995,0
30,139,3.352,68.36,3.842,0.818,0
30,140,3.386,69.45,4.036,0.887,0
30,141,3.316,68.72,3.872,0.644,0
30,142,3.49,68.48,3.928,0.633,0
30,143,3.41,68.53,3.924,0.674,0
30,144,3.508,68.61,3.847,0.73,0
30,145,3.601,67.61,3.909,0.66,0
30,146,3.267,67.83,4.033,0.825,0
30,147,3.508,67.68,4.09,0.607,0
30,148,3.55,67.87,3.831,0.754,0
30,149,3.397,69.42,3.949,0.998,0
30,150,3.651,68.92,4.094,0.698,0
30,151,3.53,68.81,3.831,0.631,0
30,152,3.565,70.13,3.808,0.943,0
30,153,3.614,71.48,3.772,0.995,0
30,154,3.668,68.35,4.032,0.645,0
30,155,3.811,67.27,3.859,0.611,0
30,156,3.897,69.15,3.78,0.754,0
30,157,3.893,67.43,3.784,0.674,0
30,158,3.608,69.39,3.936,0.818,0
30,159,3.546,70.32,3.956,0.672,0
30,160,3.828,72.43,3.84,0.942,0
30,161,3.774,69.31,3.867,0.705,0
30,162,3.693,71.72,3.855,0.976,0
30,163,3.778,70.33,3.762,0.853,0
30,164,4.008,72.0,3.745,0.94,0
30,165,3.923,68.09,3.639,0.76,0
30,166,4.004,70.73,3.764,0.983,0
30,167,3.963,69.68,3.818,0.684,0
30,168,3.938,70.93,3.947,0.997,0
30,169,4.152,71.79,3.577,0.845,0
30,170,4.15,71.54,3.687,0.825,0
30,171,4.037,71.22,3.566,0.799,0
30,172,4.018,73.32,3.876,0.967,0
30,173,4.013,69.99,3.702,0.661,0
30,174,4.221,71.34,3.661,0.704,0
30,175,4.3,70.58,3.719,0.884,0
30,176,4.379,72.11,3.828,1.0,0
30,177,4.231,70.92,3.721,0.721,0
30,178,4.535,72.52,3.579,0.975,0
30,179,4.381,69.8,3.547,0.659,0
30,180,4.264,69.4,3.775,0.67,0
30,181,4.236,73.18,3.786,0.991,0
30,182,4.458,72.9,3.679,0.829,0
30,183,4.61,72.08,3.648,0.957,0
30,184,4.316,72.15,3.67,0.619,0
30,185,4.524,72.28,3.507,0.931,0
30,186,4.37,71.49,3.691,0.645,0
30,187,4.845,72.16,3.683,0.732,0
30,188,4.569,73.42,3.647,0.793,0
30,189,4.554,71.18,3.611,0.878,0
30,190,4.537,71.86,3.569,0.876,0
30,191,4.815,69.79,3.746,0.775,0
30,192,4.6,73.63,3.685,0.958,1
30,193,2.168,63.16,4.38,0.923,0
30,194,2.178,61.47,4.229,0.701,0
30,195,2.146,62.46,4.434,0.792,0
30,196,1.963,60.67,4.142,0.652,0
30,197,2.28,62.89,4.363,0.842,0
30,198,2.171,63.16,4.384,0.854,0
30,199,1.969,61.08,4.296,0.688,0
30,200,2.381,62.82,4.268,0.935,0
30,201,4.817,62.73,4.485,0.703,0
30,202,2.172,60.04,4.458,0.715,0
30,203,2.026,62.47,4.274,0.656,0
30,204,2.401,60.98,4.365,0.638,0
30,205,2.148,63.23,4.406,0.951,0
30,206,2.202,61.8,4.484,0.755,0
30,207,2.204,61.6,4.384,0.76,0
30,208,2.118,64.48,4.485,0.958,0
30,209,1.879,62.72,4.345,0.888,0
30,210,2.272,60.72,4.397,0.711,0
30,211,2.426,61.21,4.541,0.649,0
30,212,2.302,60.28,4.316,0.622,0
30,213,2.268,63.24,4.415,0.945,0
30,214,2.253,62.84,4.489,0.866,0
30,215,2.386,63.32,4.23,0.839,0
30,216,2.062,63.18,4.259,0.867,0
30,217,2.14,62.94,4.304,0.909,0
30,218,2.166,61.99,4.472,0.65,0
30,219,2.189,63.91,4.48,0.711,0
30,220,1.866,64.55,4.372,0.927,0
30,221,2.506,63.0,4.575,0.778,0
30,222,2.04,64.27,4.22,0.877,0
30,223,2.116,62.42,4.399,0.629,0
30,224,2.031,63.87,4.306,0.948,0
30,225,1.92,63.89,4.259,0.857,0
30,226,2.475,62.99,4.274,0.682,0
30,227,1.946,63.61,4.316,0.943,0
30,228,2.033,60.8,4.314,0.608,0
30,229,2.273,64.29,4.276,0.85,0
30,230,2.155,62.28,4.342,0.676,0
30,231,2.231,62.21,4.368,0.648,0
30,232,2.343,63.28,4.256,0.839,0
30,233,2.227,63.98,4.369,0.831,0
30,234,2.213,63.12,4.155,0.742,0
30,235,2.4,64.79,4.263,0.876,0
30,236,2.444,64.02,4.332,0.81,0
30,237,2.141,64.48,4.285,0.847,0
30,238,2.301,63.05,4.247,0.841,0
30,239,2.65,62.63,4.488,0.796,0
30,240,2.412,63.84,4.339,0.629,0
30,241,2.249,63.76,4.309,0.905,0
30,242,2.305,63.1,4.356,0.714,0
30,243,2.418,63.81,4.336,0.656,0
30,244,2.297,65.38,4.269,0.774,0
30,245,2.454,65.41,4.257,0.827,0
30,246,2.154,64.89,4.292,0.851,0
30,247,2.342,63.86,4.181,0.8,0
30,248,2.537,65.22,4.174,0.777,0
30,249,2.245,66.21,4.21,0.691,0
30,250,2.352,63.75,4.165,0.797,0
30,251,2.232,64.26,4.575,0.69,0
30,252,2.385,63.52,4.273,0.805,0
30,253,2.514,64.94,4.211,0.798,0
30,254,2.445,64.98,4.233,0.866,0
30,255,2.398,65.21,4.309,0.902,0
30,256,2.797,67.71,4.119,0.925,0
30,257,2.582,64.38,4.117,0.966,0
30,258,2.55,66.12,4.054,0.981,0
30,259,2.824,64.85,4.138,0.914,0
30,260,2.689,66.32,4.221,0.841,0
30,261,2.773,66.19,4.005,0.983,0
30,262,2.688,67.16,4.333,0.869,0
30,263,2.656,64.57,4.039,0.613,0
30,264,2.36,64.29,4.067,0.615,0
30,265,2.29,66.18,4.14,0.63,0
30,266,2.85,64.68,3.986,0.672,0
30,267,2.658,65.18,3.934,0.682,0
30,268,2.77,65.82,4.228,0.779,0
30,269,2.887,66.6,4.076,0.957,0
30,270,3.019,67.19,4.333,0.976,0
30,271,2.732,67.96,4.016,0.867,0
30,272,2.654,66.99,4.268,0.739,0
30,273,3.07,67.5,4.008,0.831,0
30,274,2.687,67.34,4.08,0.794,0
30,275,3.068,66.63,3.961,0.725,0
30,276,2.842,67.85,4.056,0.816,0
30,277,3.05,65.71,3.909,0.861,0
30,278,2.945,68.88,4.012,0.983,0
30,279,2.97,67.94,3.966,0.771,0
30,280,3.018,67.55,3.961,0.725,0
30,281,3.124,67.16,3.848,0.767,0
30,282,3.495,68.76,3.96,0.779,0
30,283,3.076,67.92,3.987,0.788,0
30,284,3.137,68.28,3.95,0.869,0
30,285,3.061,68.55,3.932,0.887,0
30,286,3.218,71.56,3.915,0.943,0
30,287,3.058,65.88,3.928,0.696,0
30,288,3.22,68.41,3.884,0.648,0
30,289,3.409,69.63,3.982,0.985,0
30,290,3.456,69.66,3.988,0.823,0
30,291,3.41,66.97,3.82,0.762,0
30,292,3.213,69.48,3.891,0.912,0
30,293,3.504,67.63,3.678,0.881,0
30,294,3.588,69.7,3.825,0.677,0
30,295,3.592,70.89,3.678,0.937,0
30,296,3.613,71.16,3.746,0.96,0
30,297,3.62,70.64,4.069,0.648,0
30,298,3.828,71.73,3.797,0.833,0
30,299,3.679,67.53,3.783,0.708,0
30,300,3.77,69.59,3.921,0.759,0
30,301,3.621,69.58,3.81,0.897,0
30,302,3.795,69.86,3.88,0.827,0
30,303,3.661,70.95,3.745,0.699,0
30,304,3.82,69.64,3.688,0.646,0
30,305,3.764,69.0,3.848,0.71,0
30,306,4.138,69.41,3.667,0.66,0
30,307,4.111,70.15,3.777,0.886,0
30,308,3.862,68.43,3.771,0.813,0
30,309,4.304,73.58,3.75,0.718,0
30,310,4.09,71.94,3.549,0.73,0
30,311,4.259,70.12,3.795,0.631,0
30,312,4.27,72.51,3.745,0.78,0
30,313,4.438,69.32,3.715,0.665,0
30,314,4.423,71.11,3.637,0.824,0
30,315,4.656,70.85,3.585,0.843,0
30,316,4.442,73.18,3.785,0.982,0
30,317,4.959,73.47,3.566,0.97,0
30,318,4.604,71.61,3.668,0.708,0
30,319,4.789,72.76,3.566,0.935,1
30,320,2.363,61.52,4.529,0.604,0
30,321,2.078,63.02,4.459,0.991,0
30,322,2.097,60.93,4.353,0.719,0
30,323,2.199,60.97,4.41,0.73,0
30,324,2.389,61.07,4.319,0.617,0
30,325,2.097,62.42,4.452,0.692,0
30,326,3.881,63.37,4.555,0.994,0
30,327,2.429,62.07,4.194,0.858,0
30,328,2.135,62.01,4.424,0.635,0
30,329,2.188,62.65,4.419,0.963,0
30,330,2.209,63.58,4.42,0.86,0
30,331,2.041,65.84,4.384,0.988,0
30,332,2.107,62.1,4.373,0.943,0
30,333,1.96,63.83,4.502,0.853,0
30,334,2.038,62.58,4.553,0.802,0
30,335,2.371,62.84,4.319,0.91,0
30,336,2.111,63.69,4.453,0.928,0
30,337,2.358,61.16,4.372,0.688,0
30,338,2.014,61.59,4.267,0.74,0
30,339,2.249,62.57,4.372,0.802,0
30,340,2.234,61.8,4.349,0.735,0
30,341,2.271,63.4,4.386,0.814,0
30,342,2.166,61.58,4.307,0.628,0
30,343,2.119,60.53,4.351,0.652,0
30,344,2.04,63.41,4.244,0.828,0
30,345,2.047,61.5,4.239,0.695,0
30,346,2.019,61.75,4.23,0.939,0
30,347,2.109,62.66,4.419,0.868,0
30,348,2.185,60.77,4.466,0.689,0
30,349,2.279,59.43,4.565,0.654,0
30,350,2.13,61.73,4.338,0.666,0
30,351,2.338,61.77,4.406,0.802,0
30,352,2.19,61.39,4.373,0.665,0
30,353,2.03,65.83,4.361,0.908,0
30,354,2.159,62.44,4.336,0.769,0
30,355,1.955,64.09,4.534,0.906,0
30,356,2.405,62.87,4.165,0.866,0
30,357,2.071,62.42,4.295,0.775,0
30,358,2.052,63.94,4.376,0.879,0
30,359,2.224,63.66,4.333,0.97,0
30,360,1.974,65.32,4.399,0.979,0
30,361,2.278,65.17,4.36,0.985,0
30,362,2.19,61.48,4.387,0.666,0
30,363,2.055,63.65,4.284,0.73,0
30,364,2.275,65.54,4.432,0.935,0
31,0,2.139,59.44,4.457,0.661,0
31,1,2.071,60.58,4.351,0.78,0
31,2,1.966,57.72,4.412,0.656,0
31,3,2.275,61.18,4.533,0.963,0
31,4,2.007,61.02,4.323,0.945,0
31,5,2.194,62.37,4.512,0.708,0
31,6,1.778,61.46,4.493,0.779,0
31,7,2.154,60.03,4.336,0.897,0
31,8,1.922,62.46,4.249,0.99,0
31,9,1.943,63.71,4.378,0.961,0
31,10,2.172,61.76,4.456,0.986,0
31,11,2.317,60.23,4.607,0.696,0
31,12,2.034,58.2,4.612,0.859,0
31,13,2.256,61.52,4.479,0.827,0
31,14,2.167,59.7,4.259,0.677,0
31,15,2.345,61.31,4.404,0.89,0
31,16,2.345,60.32,4.418,0.759,0
31,17,2.225,61.52,4.272,0.882,0
31,18,2.019,60.95,4.451,0.905,0
31,19,2.18,61.48,4.342,0.915,0
31,20,2.244,63.17,4.36,0.99,0
31,21,2.202,59.18,4.496,0.651,0
31,22,2.271,59.35,4.478,0.622,0
31,23,2.133,61.16,4.303,0.849,0
31,24,2.148,61.03,4.385,0.753,0
31,25,2.112,61.35,4.316,0.838,0
31,26,2.077,59.62,4.242,0.605,0
31,27,2.12,60.53,4.234,0.708,0
31,28,2.088,61.5,4.491,0.96,0
31,29,2.18,60.81,4.237,0.649,0
31,30,2.123,60.98,4.371,0.87,0
31,31,1.963,61.71,4.236,0.876,0
31,32,2.346,60.83,4.393,0.887,0
31,33,2.275,60.2,4.164,0.807,0
31,34,1.965,60.76,4.445,0.748,0
31,35,2.142,61.99,4.174,0.943,0
31,36,2.24,60.54,4.52,0.837,0
31,37,2.367,62.21,4.239,0.714,0
31,38,2.261,59.0,4.24,0.692,0
31,39,2.285,62.92,4.252,0.815,0
31,40,2.154,58.97,4.296,0.653,0
31,41,2.179,61.57,4.207,0.882,0
31,42,2.258,59.15,4.329,0.614,0
31,43,2.214,63.83,4.351,0.817,0
31,44,2.226,60.83,4.434,0.746,0
31,45,2.3,63.0,4.229,0.729,0
31,46,2.199,61.43,4.505,0.624,0
31,47,2.14,60.06,4.313,0.878,0
31,48,2.283,64.01,4.302,0.962,0
31,49,2.479,60.41,4.322,0.678,0
31,50,2.416,64.39,4.236,0.952,0
31,51,2.244,62.29,4.188,0.877,0
31,52,2.468,61.65,4.226,0.939,0
31,53,2.533,63.04,4.191,0.95,0
31,54,2.413,62.06,4.251,0.719,0
31,55,2.281,62.49,4.382,0.964,0
31,56,2.39,63.62,4.38,0.681,0
31,57,2.401,60.52,4.138,0.746,0
31,58,2.375,63.2,4.451,0.824,0
31,59,2.456,64.23,4.276,0.958,0
31,60,2.465,61.21,4.171,0.675,0
31,61,2.503,63.6,4.197,0.799,0
31,62,2.643,63.6,4.304,0.803,0
31,63,2.742,62.71,4.099,0.741,0
31,64,2.468,62.52,4.246,0.868,0
31,65,2.385,63.97,4.203,0.829,0
31,66,2.657,63.55,4.154,0.925,0
31,67,2.869,62.52,4.266,0.607,0
31,68,2.466,63.72,4.269,0.826,0
31,69,2.463,63.08,4.104,0.685,0
31,70,2.68,61.03,4.302,0.834,0
31,71,2.786,62.09,4.362,0.707,0
31,72,2.644,65.05,4.157,0.763,0
31,73,2.575,65.46,4.271,0.895,0
31,74,2.759,65.63,4.191,0.962,0
31,75,2.822,63.69,4.154,0.981,0
31,76,2.585,66.19,4.13,0.974,0
31,77,2.788,64.18,4.151,0.747,0
31,78,2.746,65.69,3.943,0.853,0
31,79,2.675,64.88,4.359,0.868,0
31,80,2.721,64.15,3.989,0.711,0
31,81,2.973,65.03,4.055,0.855,0
31,82,2.776,64.51,4.144,0.868,0
31,83,2.686,64.96,4.073,0.985,0
31,84,2.776,63.11,4.189,0.738,0
31,85,2.978,62.8,4.146,0.73,0
31,86,3.026,64.83,4.101,0.845,0
31,87,2.959,64.26,4.078,0.765,0
31,88,2.644,63.87,4.075,0.979,0
31,89,2.529,62.49,4.176,0.682,0
31,90,3.106,66.07,3.843,0.721,0
31,91,2.929,61.72,3.989,0.653,0
31,92,3.154,65.5,3.926,0.795,0
31,93,2.926,65.28,4.262,0.932,0
31,94,2.57,64.43,3.981,0.624,0
31,95,3.047,66.29,3.994,0.921,0
31,96,3.076,65.25,3.89,0.74,0
31,97,3.343,66.42,3.994,0.828,0
31,98,2.708,63.11,3.998,0.726,0
31,99,3.119,65.69,3.815,0.735,0
31,100,3.24,65.59,4.015,0.977,0
31,101,3.386,65.29,4.03,0.86,0
31,102,3.167,65.54,4.004,0.815,0
31,103,3.172,65.59,4.103,0.613,0
31,104,3.0,65.9,4.055,0.718,0
31,105,3.266,64.74,4.017,0.739,0
31,106,3.349,63.88,3.948,0.757,0
31,107,3.22,64.81,3.821,0.601,0
31,108,3.285,64.8,4.012,0.677,0
31,109,3.419,65.64,3.981,0.931,0
31,110,3.345,63.08,4.159,0.76,0
31,111,3.464,65.3,3.928,0.885,0
31,112,6.355,66.88,4.035,0.971,0
31,113,3.539,66.77,4.133,0.999,0
31,114,3.601,65.28,3.895,0.624,0
31,115,3.403,66.07,3.94,0.715,0
31,116,3.313,66.5,3.972,0.709,0
31,117,3.455,66.85,3.847,0.762,0
31,118,3.327,65.88,3.956,0.719,0
31,119,3.463,67.75,3.791,0.815,0
31,120,3.673,67.39,3.925,0.827,0
31,121,3.54,66.1,3.9,0.652,0
31,122,3.548,69.55,3.862,0.98,0
31,123,3.973,67.78,3.824,0.631,0
31,124,3.477,69.58,3.791,0.996,0
31,125,3.789,66.64,3.839,0.742,0
31,126,3.958,66.99,3.756,0.761,0
31,127,3.975,66.25,3.762,0.616,0
31,128,4.081,65.74,3.874,0.686,0
31,129,4.049,66.66,3.843,0.644,0
31,130,4.002,68.56,3.77,0.87,0
31,131,4.196,68.49,3.609,0.755,0
31,132,4.234,68.39,3.709,0.762,0
31,133,4.251,67.67,3.792,0.792,0
31,134,4.001,66.4,3.818,0.709,0
31,135,4.262,68.88,3.987,0.95,0
31,136,4.083,69.12,3.661,0.815,0
31,137,4.5,68.72,3.884,0.763,0
31,138,4.295,69.31,3.721,0.914,0
31,139,4.068,67.86,3.608,0.733,0
31,140,4.445,69.98,3.699,0.687,0
31,141,4.275,68.13,3.73,0.697,0
31,142,4.461,67.59,3.79,0.614,0
31,143,4.57,69.86,3.674,0.955,0
31,144,4.557,69.25,3.645,0.899,0
31,145,4.067,68.88,3.65,0.996,1
31,146,1.801,59.77,4.503,0.866,0
31,147,2.102,55.59,4.538,0.628,0
31,148,2.018,58.43,4.553,0.762,0
31,149,2.157,57.37,4.583,0.816,0
31,150,1.731,60.39,4.575,0.785,0
31,151,1.881,59.37,4.368,0.742,0
31,152,1.974,59.59,4.539,0.998,0
31,153,1.999,58.62,4.467,0.617,0
31,154,1.905,60.59,4.298,0.9,0
31,155,1.869,58.16,4.416,0.746,0
31,156,2.119,58.06,4.654,0.681,0
31,157,2.214,59.74,4.43,0.636,0
31,158,2.015,59.94,4.463,0.972,0
31,159,2.026,57.67,4.498,0.765,0
31,160,2.072,57.5,4.549,0.724,0
31,161,2.042,60.89,4.473,0.982,0
31,162,1.981,57.59,4.367,0.737,0
31,163,1.963,60.53,4.487,0.864,0
31,164,2.181,60.99,4.413,0.828,0
31,165,1.959,59.51,4.192,0.607,0
31,166,1.871,56.42,4.329,0.778,0
31,167,1.801,59.23,4.344,0.741,0
31,168,2.121,59.57,4.364,0.837,0
31,169,2.124,59.1,4.462,0.727,0
31,170,1.91,59.94,4.183,0.734,0
31,171,2.063,61.72,4.495,0.943,0
31,172,2.043,59.96,4.363,0.603,0
31,173,2.019,58.58,4.647,0.705,0
31,174,2.048,59.16,4.414,0.808,0
31,175,2.026,60.21,4.454,0.958,0
31,176,1.734,61.07,4.467,0.631,0
31,177,2.072,60.22,4.58,0.89,0
31,178,1.95,58.29,4.705,0.619,0
31,179,1.869,60.49,4.374,0.901,0
31,180,1.862,59.61,4.406,0.608,0
31,181,1.905,61.79,4.255,0.782,0
31,182,2.257,58.73,4.463,0.761,0
31,183,2.046,56.9,4.392,0.666,0
31,184,2.078,58.27,4.397,0.756,0
31,185,2.105,62.44,4.616,0.958,0
31,186,1.827,60.87,4.381,0.933,0
31,187,2.092,59.45,4.346,0.753,0
31,188,2.126,60.16,4.418,0.97,0
31,189,2.117,59.88,4.278,0.768,0
31,190,1.964,61.26,4.556,0.815,0
31,191,2.008,61.8,4.325,0.705,0
31,192,2.152,61.58,4.403,0.742,0
31,193,2.305,62.44,4.396,0.827,0
31,194,2.346,59.84,4.36,0.772,0
31,195,2.002,59.83,4.294,0.612,0
31,196,2.288,59.78,4.306,0.98,0
31,197,2.231,62.14,4.391,0.977,0
31,198,2.209,60.73,4.252,0.861,0
31,199,2.104,61.09,4.325,0.82,0
31,200,2.239,61.06,4.223,0.836,0
31,201,4.714,61.57,4.284,0.894,0
31,202,1.979,60.47,4.432,0.859,0
31,203,2.36,59.95,4.249,0.792,0
31,204,2.238,61.54,4.333,0.795,0
31,205,2.259,61.46,4.101,0.885,0
31,206,2.315,63.06,4.127,0.983,0
31,207,2.278,60.77,4.16,0.94,0
31,208,2.356,60.8,4.266,0.988,0
31,209,2.46,60.43,4.345,0.734,0
31,210,2.274,60.65,4.364,0.666,0
31,211,2.414,62.68,4.127,0.734,0
31,212,2.255,61.95,4.082,0.803,0
31,213,2.431,62.33,4.271,0.933,0
31,214,2.635,62.23,4.32,0.601,0
31,215,2.678,61.83,4.199,0.746,0
31,216,2.776,62.86,4.29,0.688,0
31,217,2.469,61.25,4.138,0.766,0
31,218,2.425,63.43,4.155,0.933,0
31,219,2.652,64.41,4.255,0.981,0
31,220,2.551,63.31,4.388,0.942,0
31,221,2.799,64.43,4.091,0.901,0
31,222,2.504,64.89,4.287,0.883,0
31,223,2.802,64.21,4.16,0.835,0
31,224,2.613,65.11,4.338,0.731,0
31,225,2.471,63.95,4.139,0.941,0
31,226,2.788,64.86,4.158,0.906,0
31,227,2.756,64.35,4.112,0.787,0
31,228,2.917,63.58,3.925,0.679,0
31,229,2.626,66.12,4.049,0.979,0
31,230,2.827,63.61,4.051,0.715,0
31,231,2.912,64.55,4.081,0.881,0
31,232,2.701,64.5,4.079,0.782,0
31,233,2.974,64.76,4.34,0.701,0
31,234,3.09,64.43,3.855,0.783,0
31,235,5.425,64.47,3.939,0.707,0
31,236,3.289,65.44,3.97,0.797,0
31,237,2.968,64.99,4.004,0.801,0
31,238,3.293,62.61,3.996,0.737,0
31,239,2.874,65.85,4.208,0.86,0
31,240,2.981,64.44,4.167,0.789,0
31,241,3.138,66.63,4.058,0.716,0
31,242,3.294,64.58,4.016,0.657,0
31,243,3.183,64.74,3.884,0.719,0
31,244,3.139,67.27,4.046,0.947,0
31,245,3.235,65.35,3.919,0.615,0
31,246,3.187,68.91,3.844,0.869,0
31,247,3.023,65.47,3.77,0.832,0
31,248,3.267,66.77,3.958,0.994,0
31,249,3.565,63.82,4.2,0.607,0
31,250,3.295,68.02,4.052,0.978,0
31,251,3.487,66.38,3.826,0.847,0
31,252,3.467,67.04,3.842,0.929,0
31,253,3.377,67.09,3.931,0.651,0
31,254,3.686,67.22,3.778,0.959,0
31,255,3.667,64.92,3.856,0.619,0
31,256,3.485,64.89,3.95,0.714,0
31,257,3.82,67.8,3.894,0.868,0
31,258,3.426,67.43,4.034,0.901,0
31,259,3.589,67.37,3.859,0.895,0
31,260,3.607,67.4,3.869,0.892,0
31,261,3.874,68.18,3.757,0.944,0
31,262,3.691,66.55,3.856,0.664,0
31,263,4.246,66.0,3.581,0.743,0
31,264,3.627,67.0,3.759,0.602,0
31,265,3.676,66.54,3.856,0.885,0
31,266,4.01,66.47,3.707,0.691,0
31,267,3.949,69.49,3.783,0.944,0
31,268,4.294,70.16,3.836,0.988,0
31,269,4.146,68.81,3.709,0.723,0
31,270,4.383,69.98,3.787,0.929,0
31,271,4.052,66.93,3.665,0.793,0
31,272,4.357,68.4,3.845,0.606,0
31,273,4.204,67.8,3.764,0.621,0
31,274,4.213,68.91,3.799,0.89,0
31,275,4.406,67.94,3.751,0.813,0
31,276,4.435,67.61,3.755,0.875,1
31,277,3.289,59.41,4.337,0.71,0
31,278,1.845,60.39,4.339,0.733,0
31,279,1.978,60.25,4.367,0.797,0
31,280,2.109,61.09,4.315,0.882,0
31,281,1.683,58.51,4.574,0.617,0
31,282,1.828,57.72,4.461,0.72,0
31,283,2.12,58.54,4.406,0.775,0
31,284,1.827,58.47,4.805,0.814,0
31,285,1.932,58.61,4.566,0.9,0
31,286,1.858,60.45,4.404,0.898,0
31,287,1.931,58.41,4.554,0.622,0
31,288,2.0,59.22,4.595,0.756,0
31,289,2.264,59.21,4.469,0.765,0
31,290,2.202,58.89,4.647,0.729,0
31,291,1.999,59.27,4.502,0.633,0
31,292,1.88,59.97,4.562,0.834,0
31,293,1.994,59.62,4.302,0.885,0
31,294,2.017,58.47,4.588,0.874,0
31,295,1.832,59.97,4.416,0.834,0
31,296,2.334,60.31,4.457,0.655,0
31,297,2.102,61.16,4.609,0.966,0
31,298,1.837,59.16,4.529,0.881,0
31,299,2.146,59.88,4.475,0.948,0
31,300,2.33,57.06,4.64,0.73,0
31,301,1.824,59.73,4.461,0.755,0
31,302,1.799,60.55,4.478,0.991,0
31,303,1.889,60.2,4.474,0.793,0
31,304,1.926,57.44,4.502,0.634,0
31,305,2.061,59.15,4.445,0.812,0
31,306,2.154,61.58,4.386,0.826,0
31,307,2.383,60.03,4.398,0.604,0
31,308,1.76,60.33,4.544,0.975,0
31,309,2.137,61.12,4.522,0.929,0
31,310,2.22,61.73,4.478,0.951,0
31,311,1.967,60.68,4.494,0.796,0
31,312,1.781,56.0,4.556,0.752,0
31,313,2.168,60.64,4.419,0.864,0
31,314,1.82,59.42,4.368,0.784,0
31,315,1.997,58.35,4.441,0.835,0
31,316,2.167,61.54,4.366,0.98,0
31,317,2.08,60.69,4.345,0.921,0
31,318,2.215,60.49,4.485,0.991,0
31,319,2.062,59.26,4.6,0.624,0
31,320,1.906,58.9,4.426,0.873,0
31,321,2.177,58.83,4.529,0.675,0
31,322,1.928,59.6,4.516,0.658,0
31,323,1.75,59.8,4.613,0.635,0
31,324,1.737,59.21,4.645,0.678,0
31,325,2.027,61.05,4.43,0.988,0
31,326,2.027,60.06,4.409,0.909,0
31,327,2.022,61.45,4.572,0.743,0
31,328,1.885,60.05,4.373,0.737,0
31,329,1.847,60.52,4.496,0.815,0
31,330,3.201,59.34,4.531,0.772,0
31,331,1.926,61.49,4.456,0.959,0
31,332,2.333,59.7,4.471,0.86,0
31,333,1.984,58.24,4.411,0.601,0
31,334,1.925,58.66,4.48,0.643,0
31,335,2.124,60.54,4.431,0.851,0
31,336,2.021,60.89,4.527,0.839,0
31,337,2.088,59.1,4.203,0.73,0
31,338,2.118,60.17,4.403,0.771,0
31,339,1.933,59.38,4.44,0.697,0
31,340,2.056,61.53,4.352,0.84,0
31,341,2.09,61.98,4.401,0.89,0
31,342,1.949,61.97,4.343,0.808,0
31,343,2.128,61.64,4.416,0.798,0
31,344,2.108,60.21,4.534,0.747,0
31,345,1.924,60.71,4.377,0.851,0
31,346,2.07,60.24,4.403,0.771,0
31,347,2.079,60.05,4.188,0.957,0
31,348,2.277,59.63,4.45,0.634,0
31,349,2.183,61.83,4.393,0.877,0
31,350,2.021,61.57,4.183,0.988,0
31,351,2.264,60.59,4.453,0.738,0
31,352,2.38,60.1,4.373,0.659,0
31,353,2.011,61.01,4.468,0.881,0
31,354,2.129,61.49,4.245,0.782,0
31,355,2.26,62.23,4.452,0.872,0
31,356,2.351,61.83,4.327,0.817,0
31,357,1.919,60.78,4.327,0.606,0
31,358,2.098,61.91,4.162,0.985,0
31,359,2.111,61.65,4.373,0.884,0
31,360,2.128,62.67,4.688,0.947,0
31,361,2.289,59.97,4.321,0.64,0
31,362,2.346,61.45,4.511,0.825,0
31,363,2.354,62.77,4.226,0.933,0
31,364,2.152,59.77,4.319,0.612,0
32,0,2.113,59.18,4.701,0.615,0
32,1,2.166,58.54,4.871,0.894,0
32,2,2.39,59.45,4.803,0.92,0
32,3,2.297,58.07,4.654,0.664,0
32,4,2.084,57.69,4.593,0.651,0
32,5,2.308,60.03,4.834,0.869,0
32,6,2.281,59.54,4.645,0.938,0
32,7,2.089,57.81,4.809,0.834,0
32,8,2.409,58.89,4.779,0.85,0
32,9,2.22,61.23,4.808,0.974,0
32,10,2.582,57.95,4.637,0.618,0
32,11,2.327,57.65,4.69,0.695,0
32,12,2.204,58.0,4.742,0.857,0
32,13,2.438,57.06,4.779,0.605,0
32,14,2.523,57.6,4.663,0.645,0
32,15,2.305,58.74,4.774,0.868,0
32,16,2.56,60.42,4.739,0.776,0
32,17,2.509,60.05,4.742,0.882,0
32,18,2.749,59.74,4.531,0.756,0
32,19,2.656,59.66,4.592,0.959,0
32,20,4.392,58.86,4.481,0.678,0
32,21,2.407,60.47,4.793,0.751,0
32,22,2.663,60.66,4.503,0.915,0
32,23,2.734,59.67,4.552,0.929,0
32,24,2.741,59.75,4.657,0.673,0
32,25,2.616,60.83,4.628,0.957,0
32,26,2.847,59.28,4.638,0.673,0
32,27,2.837,58.66,4.55,0.613,0
32,28,2.89,60.62,4.525,0.992,0
32,29,2.856,60.72,4.401,0.931,0
32,30,2.746,61.58,4.443,0.897,0
32,31,2.649,61.95,4.631,0.987,0
32,32,2.941,62.93,4.602,0.761,0
32,33,2.898,61.32,4.448,0.703,0
32,34,2.781,61.95,4.59,0.992,0
32,35,2.931,62.02,4.576,0.809,0
32,36,3.253,62.52,4.402,0.884,0
32,37,2.814,58.91,4.426,0.766,0
32,38,2.807,61.71,4.506,0.773,0
32,39,3.221,62.46,4.519,0.908,0
32,40,2.843,62.44,4.492,0.691,0
32,41,3.314,60.21,4.385,0.812,0
32,42,5.005,61.52,4.531,0.681,0
32,43,3.535,62.33,4.468,0.655,0
32,44,3.181,63.4,4.619,0.612,0
32,45,3.305,61.44,4.348,0.664,0
32,46,3.36,61.32,4.578,0.696,0
32,47,3.687,62.9,4.398,0.881,0
32,48,3.38,63.46,4.28,0.929,0
32,49,3.426,62.87,4.346,0.97,0
32,50,3.731,62.46,4.312,0.938,0
32,51,3.423,61.17,4.317,0.632,0
32,52,3.648,65.84,4.369,0.948,0
32,53,3.738,62.75,4.466,0.615,0
32,54,3.703,62.84,4.354,0.837,0
32,55,3.559,65.47,4.241,0.689,0
32,56,3.585,62.21,4.264,0.646,0
32,57,3.718,63.79,4.321,0.888,0
32,58,4.178,62.77,4.325,0.725,0
32,59,4.12,63.54,4.284,0.901,0
32,60,4.07,63.24,4.111,0.641,0
32,61,4.115,62.1,4.179,0.759,0
32,62,3.957,64.31,4.325,0.975,0
32,63,4.163,66.49,4.17,0.932,0
32,64,4.451,65.95,4.296,0.979,0
32,65,4.331,61.78,4.219,0.677,0
32,66,4.344,64.77,4.11,0.63,0
32,67,4.33,65.72,4.166,0.813,1
32,68,1.831,57.63,5.005,0.85,0
32,69,1.653,55.42,4.956,0.688,0
32,70,2.015,56.15,5.021,0.908,0
32,71,1.613,53.93,4.898,0.665,0
32,72,1.992,57.74,4.866,0.962,0
32,73,1.906,56.46,5.0,0.985,0
32,74,1.988,57.6,5.21,0.97,0
32,75,1.62,55.66,4.904,0.788,0
32,76,1.809,54.62,4.958,0.639,0
32,77,1.887,56.03,5.076,0.864,0
32,78,1.755,56.92,4.911,0.997,0
32,79,2.151,54.56,4.95,0.667,0
32,80,2.036,57.91,4.966,0.996,0
32,81,1.929,56.41,5.009,0.804,0
32,82,1.967,56.0,5.036,0.781,0
32,83,1.836,54.76,4.998,0.769,0
32,84,2.041,55.27,4.952,0.863,0
32,85,1.71,54.9,4.841,0.799,0
32,86,2.126,56.01,4.838,0.86,0
32,87,1.895,56.19,4.903,0.783,0
32,88,1.997,54.65,4.76,0.909,0
32,89,1.905,56.07,4.958,0.84,0
32,90,2.067,54.55,5.014,0.809,0
32,91,1.77,56.08,5.022,0.608,0
32,92,1.956,54.56,4.894,0.615,0
32,93,1.906,55.26,5.056,0.877,0
32,94,1.795,53.6,4.959,0.602,0
32,95,1.849,55.19,5.019,0.722,0
32,96,1.838,57.11,5.003,0.921,0
32,97,1.898,53.53,4.846,0.74,0
32,98,1.924,54.71,5.078,0.74,0
32,99,1.819,57.04,4.829,0.88,0
32,100,1.983,55.27,5.067,0.801,0
32,101,1.997,56.16,4.952,0.86,0
32,102,1.958,57.28,4.913,0.862,0
32,103,1.855,57.79,5.048,0.967,0
32,104,1.961,58.15,4.991,0.992,0
32,105,1.922,55.11,5.051,0.805,0
32,106,1.965,55.7,4.662,0.844,0
32,107,1.878,55.22,4.833,0.65,0
32,108,2.017,57.11,4.818,0.918,0
32,109,1.953,55.63,4.832,0.789,0
32,110,1.686,57.07,5.138,0.716,0
32,111,1.759,55.37,4.813,0.807,0
32,112,2.118,55.4,4.792,0.654,0
32,113,1.832,57.85,4.959,0.704,0
32,114,1.957,56.2,5.02,0.792,0
32,115,2.222,56.16,4.798,0.87,0
32,116,1.725,54.61,4.856,0.821,0
32,117,1.755,56.76,4.961,0.927,0
32,118,1.662,56.38,4.881,0.797,0
32,119,1.975,54.33,4.972,0.759,0
32,120,2.217,57.88,5.098,0.997,0
32,121,1.99,55.16,4.857,0.85,0
32,122,1.934,58.7,5.131,0.909,0
32,123,1.52,55.18,5.062,0.716,0
32,124,3.158,55.62,4.988,0.745,0
32,125,1.817,56.28,4.751,0.985,0
32,126,2.018,52.6,4.808,0.658,0
32,127,1.973,56.37,5.018,0.847,0
32,128,1.806,54.94,4.968,0.891,0
32,129,1.751,56.2,4.935,0.978,0
32,130,2.099,56.99,5.042,0.865,0
32,131,2.144,56.0,5.088,0.65,0
32,132,1.794,53.57,5.047,0.668,0
32,133,2.139,55.77,4.963,0.885,0
32,134,2.111,54.09,4.837,0.681,0
32,135,2.079,56.36,4.973,0.862,0
32,136,2.18,53.91,4.891,0.818,0
32,137,2.056,56.13,4.813,0.91,0
32,138,1.875,54.53,4.826,0.66,0
32,139,2.005,56.93,4.786,0.923,0
32,140,1.87,56.45,5.037,0.923,0
32,141,1.812,58.53,5.034,0.979,0
32,142,1.859,55.62,4.745,0.721,0
32,143,1.727,58.27,4.942,0.971,0
32,144,1.849,57.11,5.078,0.942,0
32,145,2.009,56.88,4.811,0.836,0
32,146,1.962,56.45,4.974,0.702,0
32,147,2.239,55.94,4.832,0.858,0
32,148,2.058,56.97,4.961,0.657,0
32,149,2.075,55.39,4.891,0.717,0
32,150,1.972,57.1,4.949,0.696,0
32,151,1.894,57.25,4.818,0.902,0
32,152,2.068,55.33,5.034,0.705,0
32,153,1.818,55.87,4.979,0.735,0
32,154,2.035,56.66,4.929,0.833,0
32,155,2.133,56.51,4.886,0.933,0
32,156,1.962,57.92,4.866,0.695,0
32,157,2.051,56.82,5.154,0.898,0
32,158,1.893,55.66,4.96,0.653,0
32,159,2.294,54.71,4.876,0.608,0
32,160,2.163,55.98,4.946,0.684,0
32,161,2.153,56.67,4.964,0.615,0
32,162,2.311,56.58,4.846,0.601,0
32,163,1.881,56.76,4.988,0.987,0
32,164,2.043,59.02,4.971,0.935,0
32,165,2.137,55.09,4.764,0.663,0
32,166,1.881,56.6,5.086,0.82,0
32,167,1.915,53.21,4.822,0.654,0
32,168,2.197,57.86,4.994,0.926,0
32,169,2.156,56.69,4.867,0.785,0
32,170,2.03,56.17,4.831,0.774,0
32,171,2.037,56.58,5.119,0.644,0
32,172,1.918,56.83,4.981,0.778,0
32,173,2.219,56.51,4.877,0.707,0
32,174,2.006,55.28,5.041,0.874,0
32,175,2.19,56.9,4.782,0.606,0
32,176,2.222,58.41,4.826,0.931,0
32,177,2.095,57.61,4.779,0.931,0
32,178,2.289,55.59,4.904,0.944,0
32,179,2.323,55.93,4.833,0.785,0
32,180,2.114,57.89,4.915,0.899,0
32,181,2.085,59.14,4.813,0.952,0
32,182,2.233,57.85,4.77,0.95,0
32,183,2.292,54.7,4.769,0.619,0
32,184,2.524,56.61,4.901,0.832,0
32,185,2.304,56.81,4.786,0.95,0
32,186,2.005,59.07,4.574,0.971,0
32,187,2.146,56.87,4.815,0.794,0
32,188,2.1,56.89,4.785,0.876,0
32,189,2.1,55.81,4.781,0.65,0
32,190,2.35,57.77,4.807,0.676,0
32,191,2.38,56.07,4.906,0.639,0
32,192,1.989,57.35,4.854,0.664,0
32,193,2.065,56.0,4.797,0.616,0
32,194,2.275,56.67,4.957,0.674,0
32,195,2.178,57.51,4.667,0.745,0
32,196,2.106,59.77,4.865,0.832,0
32,197,2.095,58.2,4.743,0.894,0
32,198,2.462,58.99,4.869,0.967,0
32,199,2.22,57.17,4.742,0.796,0
32,200,2.286,57.17,4.869,0.724,0
32,201,2.416,57.19,4.884,0.878,0
32,202,2.128,58.35,4.731,0.832,0
32,203,2.051,59.74,4.832,0.935,0
32,204,2.317,58.99,4.644,0.664,0
32,205,2.454,58.28,4.961,0.713,0
32,206,2.377,56.42,4.709,0.633,0
32,207,2.217,57.99,4.56,0.81,0
32,208,2.489,57.35,4.89,0.889,0
32,209,2.433,57.38,4.793,0.672,0
32,210,2.409,58.5,4.776,0.805,0
32,211,2.399,57.94,4.812,0.88,0
32,212,2.486,59.22,4.677,0.978,0
32,213,2.408,56.53,4.693,0.874,0
32,214,2.531,58.65,4.726,0.965,0
32,215,2.558,59.14,4.758,0.89,0
32,216,2.372,57.16,4.792,0.655,0
32,217,2.561,58.17,4.789,0.836,0
32,218,2.476,59.86,4.693,0.866,0
32,219,2.508,61.14,4.845,0.952,0
32,220,2.988,58.39,4.688,0.935,0
32,221,2.654,59.81,4.912,0.924,0
32,222,2.673,57.6,4.768,0.64,0
32,223,2.724,58.49,4.829,0.631,0
32,224,2.676,58.78,4.671,0.684,0
32,225,2.484,59.23,4.841,0.758,0
32,226,2.491,56.98,4.706,0.805,0
32,227,2.56,57.99,4.943,0.704,0
32,228,2.678,58.05,4.793,0.75,1
32,229,1.717,56.8,5.097,0.936,0
32,230,1.664,57.04,4.981,0.75,0
32,231,1.723,53.39,4.99,0.608,0
32,232,1.519,55.01,5.029,0.684,0
32,233,1.711,52.24,5.015,0.631,0
32,234,1.978,56.37,5.052,0.958,0
32,235,1.891,54.43,5.037,0.718,0
32,236,1.788,54.85,5.017,0.607,0
32,237,1.891,55.9,4.93,0.949,0
32,238,1.911,54.34,5.061,0.703,0
32,239,2.016,56.03,4.897,0.918,0
32,240,1.534,54.96,4.979,0.712,0
32,241,1.963,56.09,4.948,0.977,0
32,242,1.975,54.5,4.766,0.7,0
32,243,1.891,54.83,4.858,0.72,0
32,244,2.045,54.3,5.095,0.755,0
32,245,1.935,55.46,4.774,0.67,0
32,246,1.849,54.59,5.059,0.622,0
32,247,1.861,54.45,5.073,0.99,0
32,248,2.091,54.58,4.891,0.626,0
32,249,1.976,56.02,5.0,0.703,0
32,250,3.893,54.87,4.763,0.73,0
32,251,1.867,54.85,4.755,0.911,0
32,252,1.92,55.94,5.018,0.811,0
32,253,2.229,56.37,4.927,0.799,0
32,254,1.925,57.99,4.872,0.961,0
32,255,1.723,58.07,4.959,0.929,0
32,256,1.747,53.21,4.922,0.612,0
32,257,1.827,57.42,4.81,0.859,0
32,258,2.003,55.45,5.038,0.623,0
32,259,1.92,53.97,5.067,0.683,0
32,260,2.029,55.89,5.065,0.919,0
32,261,1.542,55.79,4.916,0.957,0
32,262,1.774,54.63,4.847,0.657,0
32,263,2.018,54.59,5.086,0.69,0
32,264,2.039,53.69,5.012,0.665,0
32,265,1.898,55.21,4.898,0.798,0
32,266,1.751,54.79,4.991,0.822,0
32,267,1.643,56.57,5.124,0.835,0
32,268,1.814,56.24,5.065,0.965,0
32,269,1.729,56.98,5.098,0.711,0
32,270,1.811,55.43,4.998,0.906,0
32,271,1.916,55.36,4.882,0.754,0
32,272,1.923,56.03,5.031,0.756,0
32,273,2.127,53.97,4.863,0.809,0
32,274,1.728,55.51,5.094,0.622,0
32,275,1.764,55.24,5.024,0.785,0
32,276,1.714,55.31,4.892,0.946,0
32,277,2.078,58.15,5.077,0.948,0
32,278,2.008,55.02,4.966,0.703,0
32,279,2.138,55.31,4.918,0.82,0
32,280,2.071,56.4,4.957,0.668,0
32,281,2.005,55.35,4.763,0.671,0
32,282,1.81,55.3,4.799,0.998,0
32,283,1.949,55.74,4.855,0.63,0
32,284,2.016,54.95,5.009,0.66,0
32,285,1.619,55.39,4.905,0.693,0
32,286,1.689,57.3,4.806,0.827,0
32,287,2.235,57.22,5.053,0.925,0
32,288,2.147,58.04,4.843,0.982,0
32,289,1.848,55.34,5.123,0.786,0
32,290,2.026,56.81,4.815,0.867,0
32,291,1.943,56.58,4.945,0.731,0
32,292,1.968,56.02,4.905,0.833,0
32,293,1.862,58.52,4.918,0.821,0
32,294,2.28,57.88,4.895,0.781,0
32,295,2.251,56.37,4.982,0.645,0
32,296,1.866,56.39,4.77,0.824,0
32,297,1.864,55.65,4.817,0.761,0
32,298,2.121,58.16,5.022,0.969,0
32,299,2.043,56.96,5.012,0.714,0
32,300,2.26,56.7,4.849,0.778,0
32,301,2.287,57.93,4.914,0.943,0
32,302,1.92,59.23,5.115,0.867,0
32,303,2.106,53.83,4.808,0.644,0
32,304,2.044,58.01,4.809,0.788,0
32,305,1.81,55.9,4.699,0.84,0
32,306,1.965,58.52,4.923,0.979,0
32,307,4.185,58.23,4.911,0.828,0
32,308,2.02,56.91,4.978,0.662,0
32,309,2.033,56.33,4.925,0.631,0
32,310,1.929,56.97,5.043,0.644,0
32,311,1.938,56.1,4.868,0.612,0
32,312,1.78,57.76,4.672,0.85,0
32,313,2.112,60.65,4.81,0.998,0
32,314,1.954,56.86,4.856,0.737,0
32,315,2.385,57.07,4.751,0.904,0
32,316,2.36,56.99,4.734,0.839,0
32,317,2.166,55.99,4.789,0.8,0
32,318,2.0,58.75,4.813,0.674,0
32,319,2.076,59.79,4.79,0.947,0
32,320,2.148,58.35,4.748,0.754,0
32,321,1.962,57.51,4.876,0.697,0
32,322,2.161,58.45,4.795,0.996,0
32,323,2.305,60.23,4.743,0.974,0
32,324,2.156,57.71,4.685,0.788,0
32,325,2.149,56.45,4.906,0.762,0
32,326,2.216,58.63,4.801,0.976,0
32,327,2.392,56.95,4.8,0.676,0
32,328,2.182,60.61,4.606,0.829,0
32,329,2.335,60.08,4.707,0.967,0
32,330,2.274,58.92,4.816,0.943,0
32,331,2.27,57.91,4.656,0.704,0
32,332,2.306,58.23,4.666,0.861,0
32,333,2.302,57.89,4.76,0.642,0
32,334,2.243,58.77,4.816,0.912,0
32,335,2.304,59.08,4.745,0.979,0
32,336,2.149,58.72,4.623,0.971,0
32,337,2.641,59.19,4.9,0.792,0
32,338,2.209,60.1,4.826,0.999,0
32,339,2.521,59.49,4.735,0.707,0
32,340,2.436,60.93,4.586,0.96,0
32,341,2.36,58.22,4.635,0.776,0
32,342,2.392,59.04,4.759,0.936,0
32,343,2.302,59.15,4.696,0.875,0
32,344,2.507,60.89,4.822,0.984,0
32,345,2.51,58.18,4.726,0.691,0
32,346,2.423,60.3,4.684,0.814,0
32,347,2.366,60.59,4.596,0.911,0
32,348,2.721,58.11,4.831,0.701,0
32,349,2.647,58.91,4.639,0.802,0
32,350,2.471,58.81,4.646,0.732,0
32,351,2.802,57.95,4.882,0.679,0
32,352,2.623,59.86,4.642,0.608,0
32,353,2.715,62.13,4.492,0.951,0
32,354,2.639,59.63,4.721,0.648,0
32,355,2.397,57.83,4.552,0.761,0
32,356,2.668,58.93,4.548,0.832,0
32,357,2.582,57.93,4.79,0.684,0
32,358,2.396,57.79,4.573,0.787,0
32,359,2.426,59.91,4.391,0.746,0
32,360,2.679,60.88,4.546,0.99,0
32,361,2.478,61.54,4.356,0.887,0
32,362,2.732,61.1,4.618,0.978,0
32,363,2.844,59.85,4.574,0.71,0
32,364,2.898,61.78,4.697,0.914,0
33,0,2.177,58.12,5.088,0.96,0
33,1,2.073,57.42,5.285,0.601,0
33,2,2.033,56.43,5.051,0.631,0
33,3,2.145,57.61,4.894,0.913,0
33,4,2.393,55.98,5.127,0.914,0
33,5,2.161,54.58,5.154,0.702,0
33,6,1.908,56.24,4.976,0.638,0
33,7,2.222,57.23,5.066,0.802,0
33,8,2.37,57.62,5.204,0.971,0
33,9,1.896,54.84,5.109,0.617,0
33,10,1.958,57.8,5.104,0.942,0
33,11,1.985,56.63,4.929,0.77,0
33,12,1.857,56.57,5.029,0.676,0
33,13,2.413,58.81,5.181,0.865,0
33,14,1.938,57.31,5.176,0.835,0
33,15,2.049,56.97,5.127,0.94,0
33,16,2.114,57.67,5.151,0.858,0
33,17,2.193,57.21,5.045,0.637,0
33,18,2.084,54.99,5.088,0.784,0
33,19,1.997,58.44,4.999,0.792,0
33,20,2.222,59.09,5.043,0.928,0
33,21,1.76,56.59,5.181,0.735,0
33,22,1.977,57.67,4.837,0.849,0
33,23,2.061,58.01,5.027,0.855,0
33,24,2.123,57.31,4.997,0.77,0
33,25,2.13,58.24,5.183,0.995,0
33,26,2.179,55.09,5.009,0.753,0
33,27,2.196,58.95,5.027,0.701,0
33,28,1.971,59.64,5.016,0.986,0
33,29,2.053,56.14,5.015,0.663,0
33,30,1.983,58.07,5.122,0.689,0
33,31,2.121,57.4,5.06,0.892,0
33,32,2.047,56.56,5.111,0.776,0
33,33,1.966,57.63,5.09,0.719,0
33,34,1.903,58.68,5.067,0.902,0
33,35,2.125,57.84,5.187,0.689,0
33,36,2.021,59.84,5.231,0.811,0
33,37,2.186,58.75,5.038,0.788,0
33,38,2.206,58.26,5.022,0.91,0
33,39,2.369,57.07,5.08,0.717,0
33,40,2.08,57.99,5.054,0.831,0
33,41,2.018,57.99,5.115,0.874,0
33,42,2.174,56.8,5.034,0.643,0
33,43,1.923,58.51,4.985,0.701,0
33,44,1.879,57.14,4.94,0.652,0
33,45,2.02,58.28,4.851,0.995,0
33,46,2.036,59.6,5.027,0.921,0
33,47,2.391,57.95,5.191,0.846,0
33,48,1.947,58.96,4.966,0.977,0
33,49,2.075,58.86,5.187,0.988,0
33,50,1.925,56.39,5.062,0.653,0
33,51,2.306,58.62,5.085,0.936,0
33,52,2.346,58.59,5.211,0.623,0
33,53,2.281,56.27,5.12,0.703,0
33,54,2.08,59.88,5.017,0.918,0
33,55,2.084,58.74,5.028,0.706,0
33,56,1.958,54.58,5.082,0.647,0
33,57,2.185,58.73,5.222,0.92,0
33,58,2.017,58.73,4.79,0.916,0
33,59,2.042,58.36,5.108,0.981,0
33,60,2.145,58.19,5.028,0.722,0
33,61,2.072,56.99,5.17,0.623,0
33,62,2.063,57.08,5.289,0.821,0
33,63,1.978,57.37,5.045,0.696,0
33,64,2.415,59.36,4.96,0.921,0
33,65,2.32,56.75,5.149,0.673,0
33,66,1.944,59.45,5.077,0.863,0
33,67,2.267,59.17,5.011,0.893,0
33,68,2.158,58.27,5.138,0.903,0
33,69,2.435,58.32,5.145,0.966,0
33,70,2.023,57.19,4.977,0.779,0
33,71,2.024,58.52,5.173,0.836,0
33,72,2.028,57.82,5.092,0.849,0
33,73,2.183,57.24,4.968,0.662,0
33,74,2.075,58.42,5.077,0.952,0
33,75,2.06,57.56,5.074,0.601,0
33,76,2.235,58.31,5.12,0.886,0
33,77,1.929,56.2,5.083,0.606,0
33,78,2.047,59.9,4.974,0.748,0
33,79,2.244,56.66,5.096,0.839,0
33,80,2.311,58.56,5.073,0.977,0
33,81,2.215,55.79,4.931,0.862,0
33,82,2.408,58.24,4.914,0.688,0
33,83,1.897,56.75,4.996,0.795,0
33,84,1.979,57.63,5.071,0.758,0
33,85,2.091,60.03,4.971,0.87,0
33,86,2.144,58.02,4.941,0.922,0
33,87,2.334,58.29,5.01,0.635,0
33,88,2.278,60.57,5.138,0.992,0
33,89,1.998,58.88,5.058,0.809,0
33,90,2.051,58.37,5.156,0.787,0
33,91,2.098,59.15,4.862,0.718,0
33,92,3.919,59.86,5.245,0.908,0
33,93,2.135,58.07,4.941,0.885,0
33,94,2.177,56.14,4.953,0.821,0
33,95,2.105,57.21,4.95,0.683,0
33,96,2.351,57.05,5.061,0.634,0
33,97,2.256,57.56,4.975,0.699,0
33,98,2.052,59.89,5.002,0.921,0
33,99,2.072,56.82,5.048,0.734,0
33,100,2.439,59.8,5.018,0.69,0
33,101,3.743,61.12,4.93,0.911,0
33,102,2.303,57.21,4.949,0.633,0
33,103,2.34,56.94,4.971,0.982,0
33,104,3.78,58.38,5.088,0.893,0
33,105,2.382,59.9,5.08,0.896,0
33,106,2.234,58.22,5.072,0.879,0
33,107,4.263,59.77,4.858,0.893,0
33,108,2.273,59.01,4.953,0.939,0
33,109,2.23,58.14,5.023,0.695,0
33,110,2.313,59.84,4.955,0.786,0
33,111,2.254,58.86,4.95,0.862,0
33,112,1.985,58.28,5.113,0.607,0
33,113,4.854,59.52,4.949,0.684,0
33,114,2.269,58.78,4.979,0.879,0
33,115,2.437,60.27,4.884,0.952,0
33,116,1.908,59.44,4.839,0.87,0
33,117,1.943,59.86,4.846,0.94,0
33,118,2.324,59.12,4.844,0.716,0
33,119,2.388,61.18,5.055,0.99,0
33,120,2.176,58.21,4.872,0.782,0
33,121,2.018,58.59,4.723,0.665,0
33,122,2.24,59.81,4.942,0.922,0
33,123,2.437,59.22,5.091,0.606,0
33,124,2.364,58.69,4.94,0.837,0
33,125,2.267,59.76,4.733,0.732,0
33,126,2.295,57.11,5.076,0.797,0
33,127,2.299,58.12,4.898,0.756,0
33,128,2.229,59.77,4.913,0.626,0
33,129,2.02,59.55,4.919,0.751,0
33,130,2.312,58.43,4.92,0.658,0
33,131,2.446,60.04,4.87,0.886,0
33,132,2.256,58.22,4.888,0.616,0
33,133,2.481,58.92,5.017,0.677,0
33,134,2.462,60.06,4.848,0.818,0
33,135,2.261,60.25,4.977,0.905,0
33,136,2.497,59.21,5.073,0.625,0
33,137,2.154,60.66,4.925,0.688,0
33,138,2.256,57.15,4.914,0.649,0
33,139,2.418,59.34,5.101,0.826,0
33,140,2.27,59.66,4.795,0.72,0
33,141,2.474,61.46,4.967,0.966,0
33,142,2.491,60.83,4.909,0.705,0
33,143,2.22,59.63,4.955,0.887,0
33,144,2.401,61.69,5.007,0.914,0
33,145,2.552,58.71,4.87,0.668,0
33,146,2.229,59.34,4.825,0.811,0
33,147,2.171,59.15,4.938,0.682,0
33,148,2.314,60.62,4.9,0.843,0
33,149,2.526,61.51,4.786,0.964,0
33,150,2.474,58.53,4.866,0.634,0
33,151,2.357,61.51,5.01,0.809,0
33,152,2.338,60.31,4.988,0.663,0
33,153,2.326,58.61,4.88,0.972,0
33,154,2.49,57.2,4.881,0.878,0
33,155,2.483,58.54,4.831,0.831,0
33,156,2.523,59.94,4.82,0.892,0
33,157,2.316,60.47,4.892,0.625,0
33,158,2.795,60.14,4.881,0.972,0
33,159,2.351,61.1,4.878,0.809,0
33,160,2.608,63.6,4.895,0.959,0
33,161,2.254,57.37,5.07,0.77,0
33,162,2.395,60.49,4.71,0.817,0
33,163,2.658,61.0,4.881,0.975,0
33,164,2.615,59.24,4.977,0.775,0
33,165,2.415,60.75,4.749,0.937,0
33,166,2.401,60.07,4.89,0.692,0
33,167,2.518,61.47,4.731,0.744,0
33,168,2.445,60.05,4.671,0.909,0
33,169,2.432,60.13,4.788,0.845,0
33,170,2.352,60.69,4.859,0.796,0
33,171,2.507,61.81,4.775,0.976,0
33,172,2.42,60.85,4.822,0.908,0
33,173,2.646,59.28,4.744,0.735,0
33,174,2.667,60.5,4.597,0.853,0
33,175,2.79,61.44,4.932,0.768,0
33,176,2.637,61.66,4.765,0.89,0
33,177,2.7,59.76,4.981,0.838,0
33,178,2.517,60.01,4.844,0.799,0
33,179,2.533,60.95,4.719,0.94,0
33,180,2.658,60.1,4.675,0.753,0
33,181,2.424,61.64,4.764,0.976,0
33,182,2.61,64.02,4.82,0.984,0
33,183,2.759,59.18,4.723,0.724,0
33,184,2.674,61.56,4.742,0.602,0
33,185,2.78,60.16,4.853,0.684,0
33,186,2.749,61.68,4.943,0.937,0
33,187,2.773,59.22,4.935,0.605,0
33,188,2.504,61.93,4.935,0.87,0
33,189,2.684,59.35,4.657,0.633,0
33,190,2.497,59.98,4.893,0.943,0
33,191,2.511,62.01,4.833,0.906,0
33,192,2.602,61.91,4.673,0.612,0
33,193,2.762,60.75,4.819,0.648,0
33,194,2.647,59.88,4.797,0.811,0
33,195,4.829,61.01,4.773,0.855,0
33,196,2.784,59.74,4.828,0.746,0
33,197,2.979,61.46,4.725,0.64,0
33,198,2.688,59.84,4.866,0.602,0
33,199,2.73,59.77,4.869,0.679,0
33,200,2.542,60.27,4.874,0.716,0
33,201,2.697,61.33,4.594,0.713,0
33,202,2.913,60.6,4.695,0.643,0
33,203,2.916,63.0,4.686,0.967,0
33,204,2.838,60.76,4.641,0.787,0
33,205,2.882,60.03,4.746,0.654,0
33,206,2.926,62.9,4.637,0.653,0
33,207,2.863,61.75,4.699,0.863,0
33,208,2.614,61.49,4.613,0.944,0
33,209,2.948,63.29,4.721,0.904,0
33,210,2.67,62.08,4.666,0.853,0
33,211,2.872,62.18,4.785,0.741,0
33,212,3.136,61.28,4.805,0.889,0
33,213,2.954,61.53,4.761,0.929,0
33,214,2.825,60.34,4.772,0.645,0
33,215,2.885,62.72,4.813,0.987,0
33,216,2.951,61.88,4.656,0.602,0
33,217,5.329,63.33,4.859,0.901,0
33,218,3.067,60.38,4.571,0.617,0
33,219,2.901,63.22,4.684,0.834,0
33,220,3.281,61.53,4.593,0.63,0
33,221,2.901,59.62,4.623,0.733,0
33,222,3.201,62.77,4.69,0.747,0
33,223,2.966,61.21,4.643,0.65,0
33,224,2.872,61.9,4.669,0.686,0
33,225,3.254,61.59,4.801,0.776,0
33,226,3.427,65.26,4.663,0.889,0
33,227,3.284,62.17,4.621,0.84,0
33,228,2.919,62.47,4.62,0.941,0
33,229,2.944,62.51,4.635,0.911,0
33,230,2.968,62.73,4.72,0.916,0
33,231,3.336,62.05,4.547,0.757,0
33,232,3.224,61.2,4.651,0.771,0
33,233,3.321,62.56,4.5,0.92,0
33,234,3.14,62.54,4.714,0.837,0
33,235,3.404,61.99,4.748,0.737,0
33,236,3.113,63.62,4.467,0.984,0
33,237,3.266,61.56,4.572,0.643,0
33,238,3.156,61.48,4.719,0.628,0
33,239,3.415,63.18,4.588,0.848,0
33,240,3.275,63.09,4.507,0.944,0
33,241,3.265,64.1,4.589,0.8,0
33,242,3.164,63.5,4.723,0.704,0
33,243,3.38,65.12,4.614,0.747,0
33,244,2.979,64.53,4.659,0.95,0
33,245,3.173,62.82,4.746,0.909,0
33,246,3.452,62.05,4.707,0.619,0
33,247,3.412,64.14,4.586,0.838,0
33,248,3.086,64.41,4.615,0.647,0
33,249,3.39,61.56,4.663,0.75,0
33,250,3.225,61.12,4.547,0.632,0
33,251,3.225,62.22,4.404,0.61,0
33,252,3.373,64.13,4.636,0.842,0
33,253,3.371,64.06,4.752,0.872,0
33,254,3.258,64.36,4.583,0.927,0
33,255,3.538,61.56,4.568,0.779,0
33,256,3.409,61.93,4.565,0.608,0
33,257,3.489,62.94,4.595,0.682,0
33,258,3.765,63.65,4.466,0.941,0
33,259,3.533,64.1,4.633,0.959,0
33,260,3.578,63.66,4.718,0.713,0
33,261,3.554,63.78,4.618,0.71,0
33,262,3.52,64.91,4.592,0.603,0
33,263,3.274,66.03,4.648,0.844,0
33,264,3.616,63.63,4.645,0.927,0
33,265,3.653,63.63,4.537,0.823,0
33,266,3.882,63.31,4.61,0.772,0
33,267,3.707,64.09,4.535,0.689,0
33,268,3.659,61.33,4.339,0.615,0
33,269,3.62,63.77,4.522,0.692,0
33,270,3.531,64.87,4.591,0.893,0
33,271,3.773,63.15,4.499,0.642,0
33,272,3.666,62.96,4.592,0.783,0
33,273,3.738,66.5,4.375,0.61,0
33,274,3.825,62.62,4.369,0.681,0
33,275,3.617,63.1,4.378,0.673,0
33,276,3.921,62.87,4.39,0.621,0
33,277,3.849,66.76,4.507,0.869,0
33,278,3.699,66.61,4.477,0.804,0
33,279,4.01,65.64,4.393,0.771,0
33,280,3.885,65.3,4.43,0.953,0
33,281,3.645,66.8,4.527,0.922,0
33,282,3.662,63.8,4.387,0.77,0
33,283,3.726,64.48,4.497,0.747,0
33,284,4.003,66.99,4.471,0.98,0
33,285,3.984,64.26,4.577,0.86,0
33,286,3.825,64.2,4.441,0.882,0
33,287,3.729,65.01,4.379,0.693,0
33,288,3.952,66.96,4.49,0.969,0
33,289,3.767,63.93,4.402,0.833,0
33,290,3.99,64.92,4.396,0.778,0
33,291,4.056,66.06,4.382,0.627,0
33,292,3.806,65.46,4.256,0.707,0
33,293,3.784,67.09,4.264,0.811,0
33,294,4.05,66.58,4.392,0.693,0
33,295,3.985,66.88,4.394,0.821,0
33,296,3.715,65.4,4.411,0.799,0
33,297,4.305,64.72,4.437,0.789,0
33,298,4.183,67.74,4.401,0.94,0
33,299,4.348,64.9,4.276,0.715,0
33,300,4.241,65.51,4.346,0.905,0
33,301,4.197,65.68,4.361,0.78,0
33,302,4.27,67.08,4.562,0.976,0
33,303,4.231,67.42,4.292,0.951,0
33,304,4.267,67.08,4.445,0.819,0
33,305,4.414,69.66,4.397,0.932,0
33,306,4.276,66.52,4.302,0.698,0
33,307,4.259,64.9,4.43,0.801,0
33,308,4.289,65.99,4.411,0.62,0
33,309,4.292,65.4,4.38,0.836,0
33,310,4.326,66.23,4.567,0.698,0
33,311,4.318,66.35,4.204,0.812,0
33,312,4.45,67.88,4.467,0.914,0
33,313,4.042,66.52,4.371,0.898,0
33,314,4.342,66.72,4.47,0.957,0
33,315,4.401,68.26,4.403,0.852,0
33,316,4.416,67.63,4.274,0.972,0
33,317,4.576,66.27,4.178,0.65,0
33,318,4.705,66.22,4.218,0.974,0
33,319,4.784,67.79,4.395,0.832,1
33,320,2.302,58.42,5.037,0.902,0
33,321,2.0,57.65,5.113,0.954,0
33,322,2.235,58.89,5.022,0.8,0
33,323,2.027,55.46,5.164,0.698,0
33,324,2.112,55.86,5.016,0.782,0
33,325,2.147,57.71,5.223,0.967,0
33,326,2.169,58.51,5.118,0.804,0
33,327,2.165,56.46,5.236,0.995,0
33,328,1.888,55.86,5.139,0.629,0
33,329,2.261,56.94,5.137,0.806,0
33,330,2.277,58.66,5.132,0.959,0
33,331,1.853,57.15,5.086,0.657,0
33,332,2.06,58.84,5.264,0.821,0
33,333,1.977,56.31,5.031,0.705,0
33,334,2.102,58.64,5.17,0.999,0
33,335,2.013,54.71,5.036,0.838,0
33,336,1.886,56.6,5.145,0.725,0
33,337,2.085,58.69,5.261,0.752,0
33,338,1.994,59.01,5.068,0.983,0
33,339,2.063,56.83,5.089,0.915,0
33,340,2.198,56.57,5.065,0.742,0
33,341,2.104,57.08,5.224,0.677,0
33,342,2.079,57.96,5.103,0.953,0
33,343,2.126,57.98,5.017,0.805,0
33,344,1.93,58.46,5.189,0.921,0
33,345,2.112,57.91,5.086,0.933,0
33,346,2.009,57.84,5.135,0.989,0
33,347,2.213,57.65,5.153,0.789,0
33,348,2.035,57.22,4.957,0.892,0
33,349,1.654,55.68,5.157,0.897,0
33,350,2.008,56.29,5.01,0.763,0
33,351,2.038,58.19,5.182,0.979,0
33,352,2.04,55.25,5.105,0.672,0
33,353,2.121,55.43,5.232,0.621,0
33,354,1.849,55.77,5.094,0.611,0
33,355,1.992,56.1,4.947,0.7,0
33,356,2.028,56.57,5.092,0.854,0
33,357,2.018,58.58,5.057,0.898,0
33,358,2.142,57.06,4.994,0.955,0
33,359,2.218,55.87,5.113,0.704,0
33,360,2.106,55.64,5.204,0.875,0
33,361,2.075,58.31,4.902,0.809,0
33,362,2.009,58.33,5.183,0.78,0
33,363,2.233,55.61,5.073,0.835,0
33,364,2.186,56.34,5.136,0.661,0
34,0,2.519,67.16,5.182,0.944,0
34,1,2.205,67.54,5.131,0.908,0
34,2,2.062,65.75,5.241,0.886,0
34,3,2.32,63.25,5.105,0.619,0
34,4,2.233,67.26,5.163,0.733,0
34,5,2.736,67.03,5.202,0.899,0
34,6,2.323,67.56,5.29,0.652,0
34,7,2.389,67.51,5.06,0.752,0
34,8,2.385,66.85,5.286,0.93,0
34,9,2.439,66.98,5.059,0.894,0
34,10,2.405,65.97,5.208,0.807,0
34,11,2.449,67.25,5.167,0.905,0
34,12,2.422,65.39,4.998,0.803,0
34,13,2.323,66.69,5.255,0.681,0
34,14,2.659,68.28,4.891,0.957,0
34,15,2.252,67.15,5.259,0.969,0
34,16,2.467,66.51,5.141,0.857,0
34,17,2.329,67.75,5.071,0.989,0
34,18,2.599,68.07,5.117,0.758,0
34,19,2.321,64.71,5.225,0.77,0
34,20,2.612,68.68,5.244,0.817,0
34,21,2.237,67.65,5.191,0.823,0
34,22,2.737,65.35,5.196,0.646,0
34,23,2.492,66.99,5.299,0.968,0
34,24,2.721,66.14,5.022,0.753,0
34,25,2.596,64.9,5.149,0.601,0
34,26,2.502,65.98,4.973,0.712,0
34,27,2.493,68.71,5.134,0.971,0
34,28,2.805,69.54,5.139,0.868,0
34,29,2.586,67.73,5.121,0.834,0
34,30,2.74,67.93,5.098,0.628,0
34,31,2.365,68.04,5.119,0.703,0
34,32,2.598,63.76,5.156,0.607,0
34,33,2.793,69.48,5.107,0.947,0
34,34,2.797,69.23,5.106,0.838,0
34,35,2.67,67.52,5.028,0.932,0
34,36,2.402,67.75,4.999,0.878,0
34,37,2.724,69.17,5.175,0.872,0
34,38,2.771,70.13,4.889,0.933,0
34,39,2.809,66.28,5.217,0.709,0
34,40,2.695,67.9,5.082,0.681,0
34,41,2.824,69.26,5.234,0.832,0
34,42,3.076,68.97,4.995,0.773,0
34,43,2.94,68.15,4.968,0.769,0
34,44,2.744,69.27,4.819,0.701,0
34,45,2.791,68.61,5.105,0.696,0
34,46,2.79,69.13,5.331,0.995,0
34,47,2.92,69.3,4.896,0.776,0
34,48,2.965,70.0,5.044,0.784,0
34,49,3.029,69.29,5.103,0.977,0
34,50,2.916,70.88,5.168,0.896,0
34,51,2.899,69.27,5.053,0.885,0
34,52,3.126,68.23,4.918,0.934,0
34,53,3.197,70.26,5.14,0.756,0
34,54,2.849,68.26,4.938,0.816,0
34,55,2.735,67.59,4.948,0.68,0
34,56,2.863,68.74,5.158,0.856,0
34,57,3.111,68.16,5.01,0.74,0
34,58,3.233,70.01,4.873,0.665,0
34,59,3.248,68.63,5.083,0.643,0
34,60,3.175,67.45,5.045,0.643,0
34,61,3.271,69.82,5.116,0.768,0
34,62,3.385,68.48,4.926,0.878,0
34,63,3.39,68.08,4.821,0.625,0
34,64,3.159,70.02,4.777,0.654,0
34,65,3.502,70.39,4.996,0.898,0
34,66,3.028,69.46,4.897,0.796,0
34,67,3.118,70.96,5.056,0.898,0
34,68,3.364,69.1,5.001,0.691,0
34,69,3.293,70.95,4.807,0.853,0
34,70,3.124,73.05,4.934,0.864,0
34,71,3.399,69.89,5.023,0.799,0
34,72,3.588,69.53,4.812,0.633,0
34,73,3.436,70.56,4.884,0.616,0
34,74,3.308,71.25,4.911,0.837,0
34,75,3.668,69.31,4.892,0.875,0
34,76,3.785,70.08,4.964,0.876,0
34,77,3.645,70.14,4.995,0.646,0
34,78,3.525,72.97,4.858,0.983,0
34,79,3.466,71.58,4.781,0.978,0
34,80,3.656,71.1,4.914,0.631,0
34,81,3.773,73.15,4.884,0.953,0
34,82,3.661,71.15,4.973,0.62,0
34,83,6.511,73.03,4.799,0.939,0
34,84,3.67,70.72,4.802,0.874,0
34,85,3.578,71.79,4.742,0.751,0
34,86,3.523,73.04,4.975,0.884,0
34,87,3.701,71.79,4.788,0.813,0
34,88,3.655,69.64,4.834,0.604,0
34,89,3.801,73.79,4.662,0.901,0
34,90,3.723,71.34,4.728,0.629,0
34,91,3.85,72.3,4.783,0.856,0
34,92,3.745,72.23,4.9,0.994,0
34,93,3.7,72.32,4.554,0.726,0
34,94,4.111,73.2,4.815,0.865,0
34,95,3.936,73.25,4.701,0.666,0
34,96,4.199,71.92,4.882,0.892,0
34,97,4.007,74.82,4.783,0.995,0
34,98,4.276,72.31,4.817,0.702,0
34,99,4.327,73.37,4.724,0.738,0
34,100,4.415,73.86,4.634,0.821,0
34,101,4.419,71.11,4.656,0.605,0
34,102,4.254,73.24,4.766,0.809,0
34,103,4.026,71.54,4.594,0.671,0
34,104,4.055,75.8,4.771,0.909,0
34,105,4.39,73.31,4.596,0.889,0
34,106,4.362,72.66,4.754,0.851,0
34,107,4.905,70.85,4.757,0.759,0
34,108,4.602,73.09,4.54,0.626,0
34,109,4.718,73.84,4.721,0.917,0
34,110,4.415,72.3,4.552,0.666,0
34,111,4.445,74.96,4.582,0.747,0
34,112,4.43,74.84,4.545,0.766,0
34,113,4.557,71.98,4.61,0.643,1
34,114,1.954,64.51,5.42,0.926,0
34,115,2.428,64.63,5.567,0.742,0
34,116,2.215,62.04,5.292,0.737,0
34,117,1.96,65.44,5.491,0.998,0
34,118,2.113,63.9,5.303,0.84,0
34,119,1.727,65.42,5.242,0.995,0
34,120,2.12,65.62,5.365,0.941,0
34,121,1.973,63.58,5.126,0.792,0
34,122,2.338,64.0,5.534,0.872,0
34,123,1.937,66.18,5.398,0.902,0
34,124,2.072,65.53,5.489,0.975,0
34,125,2.082,62.7,5.492,0.607,0
34,126,2.18,64.15,5.381,0.927,0
34,127,2.277,63.99,5.325,0.907,0
34,128,2.027,63.92,5.309,0.95,0
34,129,1.981,63.76,5.339,0.75,0
34,130,2.154,63.56,5.519,0.676,0
34,131,1.777,65.13,5.299,0.936,0
34,132,1.863,65.11,5.384,0.756,0
34,133,1.896,63.86,5.251,0.691,0
34,134,2.125,64.2,5.405,0.784,0
34,135,2.14,65.86,5.306,0.682,0
34,136,1.948,65.84,5.526,0.82,0
34,137,2.378,62.9,5.205,0.621,0
34,138,2.371,64.85,5.119,0.823,0
34,139,2.145,64.17,5.301,0.756,0
34,140,2.148,64.8,5.251,0.721,0
34,141,2.344,66.18,5.466,0.899,0
34,142,1.982,63.61,5.299,0.708,0
34,143,2.295,65.97,5.308,0.994,0
34,144,2.275,67.37,5.325,0.923,0
34,145,2.115,65.94,5.34,0.869,0
34,146,1.976,65.7,5.249,0.715,0
34,147,2.212,65.38,5.223,0.851,0
34,148,2.48,66.99,5.245,0.701,0
34,149,2.259,66.21,5.367,0.859,0
34,150,2.269,66.17,5.189,0.929,0
34,151,2.438,66.38,5.037,0.672,0
34,152,2.332,67.22,5.204,0.943,0
34,153,2.411,61.73,5.103,0.609,0
34,154,2.462,67.3,5.327,0.639,0
34,155,2.505,65.34,5.405,0.666,0
34,156,2.451,67.23,4.968,0.832,0
34,157,2.461,66.78,5.167,0.695,0
34,158,2.663,70.04,5.25,0.989,0
34,159,2.643,67.84,5.139,0.97,0
34,160,2.514,66.85,5.142,0.724,0
34,161,2.357,68.19,5.089,0.99,0
34,162,3.003,66.36,5.172,0.726,0
34,163,2.743,68.48,5.215,0.988,0
34,164,2.911,69.6,5.099,0.818,0
34,165,2.935,66.84,5.211,0.643,0
34,166,3.074,66.25,5.124,0.654,0
34,167,2.66,68.13,5.1,0.612,0
34,168,3.036,66.7,5.288,0.702,0
34,169,2.872,67.27,4.886,0.747,0
34,170,2.785,69.69,4.922,0.803,0
34,171,3.16,70.54,4.901,0.998,0
34,172,3.111,72.49,4.924,0.941,0
34,173,3.073,69.69,5.101,0.952,0
34,174,2.991,68.59,5.031,0.665,0
34,175,3.449,70.43,5.036,0.9,0
34,176,3.324,70.6,4.963,0.825,0
34,177,3.404,69.63,4.896,0.736,0
34,178,3.496,70.04,4.865,0.919,0
34,179,3.637,70.41,4.775,0.754,0
34,180,3.65,67.18,4.803,0.609,0
34,181,3.623,71.8,5.054,0.699,0
34,182,3.555,71.87,4.926,0.81,0
34,183,3.52,71.44,4.86,0.917,0
34,184,3.93,74.14,4.675,0.906,0
34,185,3.68,73.19,4.823,0.84,0
34,186,5.745,72.71,4.967,0.779,0
34,187,4.11,71.2,4.551,0.688,0
34,188,4.068,72.43,4.808,0.693,0
34,189,4.201,73.36,4.711,0.859,0
34,190,4.338,73.14,4.851,0.861,0
34,191,4.282,71.22,4.92,0.601,0
34,192,4.257,73.35,4.552,0.867,0
34,193,4.509,73.91,4.653,0.892,0
34,194,4.416,74.16,4.584,0.925,0
34,195,4.698,72.04,4.707,0.653,0
34,196,4.458,74.64,4.628,0.601,0
34,197,4.289,74.33,4.632,0.778,1
34,198,2.03,63.05,5.223,0.633,0
34,199,2.018,63.87,5.425,0.807,0
34,200,2.15,63.49,5.458,0.862,0
34,201,2.01,62.69,5.216,0.825,0
34,202,2.153,64.27,5.301,0.851,0
34,203,2.172,64.66,5.36,0.775,0
34,204,2.156,62.84,5.448,0.817,0
34,205,4.796,65.97,5.463,0.989,0
34,206,1.991,64.11,5.431,0.845,0
34,207,2.089,63.61,5.406,0.769,0
34,208,1.931,61.27,5.486,0.637,0
34,209,2.27,63.33,5.609,0.854,0
34,210,1.93,63.33,5.384,0.825,0
34,211,3.618,64.32,5.233,0.831,0
34,212,2.035,66.16,5.281,0.943,0
34,213,2.156,63.46,5.355,0.73,0
34,214,2.148,64.19,5.489,0.733,0
34,215,2.305,66.21,5.154,0.849,0
34,216,2.011,64.37,5.407,0.746,0
34,217,2.226,63.62,5.368,0.715,0
34,218,2.261,62.18,5.52,0.618,0
34,219,2.123,64.67,5.358,0.88,0
34,220,2.042,64.5,5.379,0.676,0
34,221,2.048,61.8,5.336,0.615,0
34,222,2.106,62.69,5.295,0.742,0
34,223,2.247,66.83,5.448,0.992,0
34,224,2.425,64.88,5.314,0.879,0
34,225,2.381,63.83,5.397,0.693,0
34,226,3.286,64.83,5.22,0.914,0
34,227,2.522,64.41,5.499,0.815,0
34,228,2.469,64.71,5.326,0.885,0
34,229,2.217,64.76,5.302,0.883,0
34,230,2.297,65.21,5.233,0.622,0
34,231,1.929,66.71,5.244,0.873,0
34,232,2.191,64.01,5.341,0.637,0
34,233,2.038,65.69,5.422,0.983,0
34,234,2.178,63.09,5.449,0.697,0
34,235,1.885,64.32,5.257,0.681,0
34,236,2.256,64.49,5.144,0.662,0
34,237,2.084,66.8,5.26,0.792,0
34,238,2.049,67.3,5.309,0.905,0
34,239,1.962,66.55,5.39,0.961,0
34,240,2.33,64.52,5.138,0.607,0
34,241,2.556,65.09,5.338,0.756,0
34,242,2.134,66.48,5.059,0.954,0
34,243,2.379,64.98,5.338,0.676,0
34,244,2.215,65.25,5.305,0.76,0
34,245,2.127,66.6,5.267,0.752,0
34,246,2.34,65.1,5.196,0.772,0
34,247,2.455,68.32,5.206,0.951,0
34,248,2.034,64.81,5.263,0.847,0
34,249,2.518,65.46,5.14,0.711,0
34,250,2.356,65.11,5.239,0.878,0
34,251,2.526,65.71,5.133,0.927,0
34,252,2.511,65.95,5.476,0.67,0
34,253,2.677,67.66,5.21,0.964,0
34,254,2.363,66.2,4.894,0.72,0
34,255,2.538,65.74,5.104,0.739,0
34,256,2.458,66.64,5.102,0.901,0
34,257,2.509,70.25,5.219,0.974,0
34,258,2.588,65.95,5.215,0.773,0
34,259,2.669,69.23,5.136,0.992,0
34,260,2.767,67.46,4.972,0.97,0
34,261,2.485,67.57,5.025,0.699,0
34,262,2.366,65.81,4.995,0.739,0
34,263,2.612,67.98,5.2,0.839,0
34,264,2.822,67.59,4.907,0.987,0
34,265,2.678,66.46,5.206,0.766,0
34,266,2.744,67.14,4.96,0.913,0
34,267,2.976,68.54,5.036,0.888,0
34,268,2.689,68.06,5.003,0.841,0
34,269,2.841,68.78,5.192,0.843,0
34,270,2.764,67.59,5.174,0.809,0
34,271,2.93,69.43,5.084,0.827,0
34,272,2.896,68.66,4.875,0.892,0
34,273,2.841,67.9,5.032,0.699,0
34,274,2.877,69.55,5.082,0.938,0
34,275,3.168,67.82,5.053,0.605,0
34,276,3.046,68.61,4.996,0.843,0
34,277,2.804,68.3,5.062,0.953,0
34,278,2.956,70.61,4.828,0.928,0
34,279,2.878,67.28,5.086,0.673,0
34,280,3.003,67.53,5.014,0.688,0
34,281,3.068,67.39,5.063,0.668,0
34,282,3.066,68.83,4.873,0.705,0
34,283,3.19,70.83,4.936,0.973,0
34,284,3.184,69.9,4.829,0.813,0
34,285,2.9,68.76,4.712,0.679,0
34,286,3.103,68.81,5.043,0.688,0
34,287,3.394,68.61,4.814,0.624,0
34,288,3.447,71.83,4.893,0.968,0
34,289,3.515,70.67,4.773,0.794,0
34,290,4.907,70.34,4.812,0.896,0
34,291,3.58,71.49,4.92,0.764,0
34,292,3.397,69.63,4.747,0.754,0
34,293,3.639,70.43,4.959,0.781,0
34,294,3.448,70.55,4.859,0.613,0
34,295,3.514,70.93,4.728,0.835,0
34,296,3.965,69.57,4.784,0.604,0
34,297,3.708,71.83,4.811,0.675,0
34,298,3.853,71.02,4.765,0.682,0
34,299,3.774,71.04,4.862,0.716,0
34,300,4.349,73.01,4.778,0.83,0
34,301,4.123,71.75,4.638,0.734,0
34,302,4.05,70.53,4.694,0.633,0
34,303,4.03,74.54,4.888,0.877,0
34,304,4.315,71.8,4.598,0.793,0
34,305,4.578,74.38,4.62,0.799,0
34,306,4.579,73.13,4.632,0.849,0
34,307,4.825,73.12,4.739,0.71,0
34,308,4.548,72.49,4.562,0.863,0
34,309,4.452,74.05,4.59,0.795,0
34,310,4.505,74.54,4.688,0.745,1
34,311,1.921,63.22,5.509,0.699,0
34,312,2.003,64.17,5.407,0.976,0
34,313,2.295,63.72,5.315,0.99,0
34,314,2.251,63.6,5.425,0.768,0
34,315,1.93,62.67,5.299,0.688,0
34,316,1.928,61.97,5.485,0.768,0
34,317,2.065,63.99,5.487,0.76,0
34,318,1.959,61.97,5.53,0.621,0
34,319,2.074,62.97,5.24,0.707,0
34,320,1.951,65.3,5.332,0.809,0
34,321,2.215,64.87,5.164,0.906,0
34,322,1.98,61.68,5.429,0.642,0
34,323,2.125,65.55,5.279,0.799,0
34,324,2.258,64.61,5.27,0.716,0
34,325,2.228,64.99,5.437,0.799,0
34,326,2.193,63.02,5.526,0.71,0
34,327,2.129,65.08,5.31,0.894,0
34,328,2.084,66.77,5.293,0.965,0
34,329,2.312,63.99,5.22,0.663,0
34,330,1.993,66.0,5.407,0.984,0
34,331,2.121,65.34,5.453,0.839,0
34,332,2.099,63.88,5.327,0.732,0
34,333,2.097,66.13,5.338,0.855,0
34,334,2.256,62.67,5.391,0.711,0
34,335,2.333,64.43,5.321,0.947,0
34,336,2.314,64.67,5.261,0.763,0
34,337,2.218,64.63,5.253,0.668,0
34,338,2.281,64.56,5.374,0.778,0
34,339,2.345,66.61,5.21,0.932,0
34,340,2.193,63.26,5.274,0.723,0
34,341,1.993,63.1,5.321,0.7,0
34,342,2.162,64.09,5.331,0.82,0
34,343,2.137,65.9,5.239,0.839,0
34,344,2.386,66.8,5.306,0.931,0
34,345,2.409,66.56,5.186,0.916,0
34,346,2.647,67.74,5.278,0.954,0
34,347,2.356,67.15,5.298,0.786,0
34,348,2.326,67.2,5.232,0.985,0
34,349,2.412,66.33,5.117,0.817,0
34,350,2.443,65.67,4.978,0.848,0
34,351,2.275,67.59,4.989,0.931,0
34,352,2.245,69.43,5.189,0.946,0
34,353,2.605,66.53,5.106,0.975,0
34,354,2.319,68.07,4.994,0.905,0
34,355,2.859,67.04,5.335,0.997,0
34,356,2.433,68.06,5.227,0.772,0
34,357,2.637,67.95,5.174,0.998,0
34,358,2.396,66.42,5.042,0.849,0
34,359,2.924,69.26,5.165,0.806,0
34,360,2.716,70.49,5.015,0.913,0
34,361,2.609,69.0,5.216,0.726,0
34,362,3.204,67.86,4.944,0.708,0
34,363,2.925,68.36,5.109,0.737,0
34,364,2.995,67.61,5.049,0.649,0
35,0,1.921,64.2,5.276,0.834,0
35,1,1.905,64.23,5.345,0.91,0
35,2,1.915,63.86,5.342,0.914,0
35,3,2.026,64.38,5.42,0.987,0
35,4,1.891,62.59,5.344,0.782,0
35,5,1.802,63.59,5.317,0.758,0
35,6,1.856,61.59,5.367,0.651,0
35,7,1.951,65.74,5.275,0.89,0
35,8,1.724,63.33,5.26,0.72,0
35,9,1.905,61.29,5.365,0.768,0
35,10,1.9,63.08,5.168,0.849,0
35,11,2.098,61.92,5.247,0.706,0
35,12,2.008,63.29,5.303,0.721,0
35,13,1.918,64.33,5.251,0.807,0
35,14,2.075,62.43,5.111,0.607,0
35,15,2.2,61.8,5.305,0.656,0
35,16,2.024,62.17,5.236,0.611,0
35,17,1.73,63.85,5.364,0.732,0
35,18,1.887,63.82,5.221,0.957,0
35,19,1.993,62.04,5.141,0.611,0
35,20,2.149,64.19,5.155,0.925,0
35,21,2.064,63.97,5.026,0.823,0
35,22,1.95,63.63,5.141,0.836,0
35,23,2.148,63.56,5.262,0.687,0
35,24,2.055,66.75,5.191,0.891,0
35,25,2.096,64.58,5.012,0.625,0
35,26,1.989,63.41,5.266,0.862,0
35,27,2.113,63.73,5.228,0.631,0
35,28,2.134,65.2,5.175,0.948,0
35,29,2.006,63.89,5.25,0.925,0
35,30,2.417,63.97,5.097,0.888,0
35,31,1.907,65.95,5.113,0.903,0
35,32,2.13,63.26,5.118,0.686,0
35,33,2.122,64.53,5.087,0.931,0
35,34,2.241,63.29,5.139,0.611,0
35,35,1.956,65.82,5.242,0.753,0
35,36,1.793,64.45,5.408,0.899,0
35,37,2.22,65.14,5.129,0.73,0
35,38,2.06,65.87,5.197,0.863,0
35,39,2.294,64.13,5.15,0.718,0
35,40,2.222,65.69,5.185,0.801,0
35,41,2.332,66.0,5.294,0.855,0
35,42,2.285,65.7,5.382,0.722,0
35,43,2.23,65.28,5.328,0.916,0
35,44,2.303,67.68,5.198,0.932,0
35,45,2.262,65.38,5.112,0.733,0
35,46,2.243,64.17,5.203,0.736,0
35,47,2.254,64.72,5.299,0.647,0
35,48,2.585,66.28,5.15,0.89,0
35,49,2.331,62.89,5.271,0.706,0
35,50,2.44,64.76,5.069,0.832,0
35,51,2.568,66.22,5.032,0.775,0
35,52,2.505,66.15,5.074,0.884,0
35,53,2.536,68.12,5.063,0.899,0
35,54,2.558,65.43,5.034,0.829,0
35,55,2.547,66.28,5.121,0.729,0
35,56,2.422,65.83,5.097,0.734,0
35,57,2.511,65.98,5.175,0.784,0
35,58,2.602,65.96,4.983,0.646,0
35,59,2.6,63.38,5.046,0.779,0
35,60,2.688,66.45,5.011,0.918,0
35,61,2.708,65.88,5.135,0.74,0
35,62,2.475,66.05,5.033,0.842,0
35,63,2.59,67.43,5.156,0.893,0
35,64,2.414,67.53,5.17,0.79,0
35,65,2.692,68.03,5.056,0.927,0
35,66,2.724,66.64,5.058,0.857,0
35,67,2.586,69.41,4.983,0.986,0
35,68,2.433,66.63,4.898,0.782,0
35,69,2.794,67.33,4.992,0.985,0
35,70,2.736,66.66,5.066,0.755,0
35,71,2.528,66.89,5.034,0.928,0
35,72,2.684,66.92,4.961,0.701,0
35,73,2.93,68.04,4.99,0.894,0
35,74,2.837,66.5,4.927,0.832,0
35,75,2.724,67.95,4.932,0.748,0
35,76,2.578,71.56,4.872,0.936,0
35,77,3.324,65.95,4.852,0.889,0
35,78,2.877,68.44,4.905,0.964,0
35,79,2.79,66.94,5.028,0.735,0
35,80,2.717,67.96,4.934,0.772,0
35,81,2.645,66.68,4.883,0.653,0
35,82,3.191,66.88,5.161,0.655,0
35,83,2.896,66.09,4.897,0.819,0
35,84,3.115,67.66,4.941,0.851,0
35,85,2.988,67.2,4.865,0.61,0
35,86,2.934,67.45,5.054,0.719,0
35,87,2.789,69.29,4.925,0.908,0
35,88,3.212,67.52,4.93,0.632,0
35,89,3.251,67.85,5.006,0.778,0
35,90,3.158,66.92,4.779,0.69,0
35,91,3.237,68.3,4.928,0.739,0
35,92,3.034,69.19,4.989,0.783,0
35,93,3.053,68.05,4.731,0.726,0
35,94,3.064,65.83,4.814,0.682,0
35,95,3.096,68.25,4.991,0.891,0
35,96,3.053,70.05,4.815,0.99,0
35,97,3.201,67.51,4.874,0.79,0
35,98,3.156,69.83,4.847,0.759,0
35,99,3.166,66.69,5.002,0.629,0
35,100,3.679,69.29,4.821,0.752,0
35,101,3.292,68.88,4.88,0.609,0
35,102,3.318,69.31,4.647,0.611,0
35,103,3.398,70.41,4.971,0.92,0
35,104,3.265,68.89,4.995,0.8,0
35,105,3.293,71.02,4.981,0.935,0
35,106,3.05,69.22,4.767,0.929,0
35,107,3.237,69.66,4.948,0.897,0
35,108,3.615,71.4,4.664,0.981,0
35,109,3.383,69.99,4.64,0.842,0
35,110,3.756,71.71,4.682,0.955,0
35,111,3.702,68.24,4.833,0.627,0
35,112,3.77,68.79,4.639,0.76,0
35,113,3.649,69.39,4.753,0.817,0
35,114,3.566,71.34,4.717,0.793,0
35,115,3.471,71.72,4.869,0.657,0
35,116,3.877,69.76,4.796,0.764,0
35,117,3.894,70.4,4.75,0.622,0
35,118,3.563,69.53,4.786,0.957,0
35,119,3.75,69.92,4.577,0.621,0
35,120,4.079,70.11,4.817,0.745,0
35,121,3.711,71.57,4.716,0.681,0
35,122,3.787,70.54,4.765,0.878,0
35,123,4.043,70.4,4.518,0.616,0
35,124,4.079,69.65,4.834,0.732,0
35,125,3.93,70.06,4.432,0.756,0
35,126,3.672,71.62,4.642,0.67,0
35,127,3.882,71.39,4.868,0.906,0
35,128,4.208,70.33,4.856,0.699,0
35,129,3.976,71.59,4.572,0.639,0
35,130,3.917,71.05,4.563,0.634,0
35,131,4.008,72.37,4.609,0.798,0
35,132,4.017,70.52,4.882,0.672,0
35,133,4.14,71.39,4.741,0.606,0
35,134,4.434,71.91,4.572,0.931,0
35,135,4.286,72.59,4.782,0.854,0
35,136,4.415,70.86,4.675,0.801,0
35,137,4.464,73.39,4.607,0.848,1
35,138,2.089,62.77,5.262,0.943,0
35,139,2.076,63.44,5.356,0.827,0
35,140,1.947,60.22,5.513,0.698,0
35,141,1.978,62.42,5.639,0.975,0
35,142,1.639,61.79,5.461,0.682,0
35,143,1.901,62.24,5.449,0.864,0
35,144,1.81,63.65,5.248,0.831,0
35,145,1.913,58.29,5.406,0.705,0
35,146,2.244,60.87,5.449,0.653,0
35,147,1.557,59.92,5.478,0.782,0
35,148,1.679,62.56,5.666,0.975,0
35,149,2.028,61.36,5.459,0.802,0
35,150,1.87,61.35,5.418,0.852,0
35,151,1.945,62.94,5.478,0.872,0
35,152,1.634,60.92,5.302,0.837,0
35,153,2.008,63.22,5.42,0.81,0
35,154,1.743,63.7,5.452,0.681,0
35,155,1.714,62.06,5.403,0.816,0
35,156,1.879,62.88,5.442,0.738,0
35,157,1.865,59.77,5.261,0.641,0
35,158,1.717,60.77,5.416,0.679,0
35,159,1.967,63.48,5.453,0.97,0
35,160,1.738,61.69,5.568,0.99,0
35,161,1.574,61.27,5.372,0.69,0
35,162,1.778,60.49,5.466,0.605,0
35,163,2.017,60.93,5.524,0.967,0
35,164,1.742,63.05,5.325,0.843,0
35,165,1.698,61.05,5.444,0.695,0
35,166,1.878,62.91,5.401,0.821,0
35,167,1.858,60.93,5.67,0.753,0
35,168,1.908,63.06,5.382,0.855,0
35,169,2.005,63.86,5.497,0.825,0
35,170,1.921,62.12,5.273,0.722,0
35,171,2.054,61.1,5.337,0.657,0
35,172,1.847,61.04,5.38,0.618,0
35,173,1.805,61.65,5.44,0.65,0
35,174,1.923,64.82,5.366,0.978,0
35,175,1.886,64.67,5.375,0.937,0
35,176,1.947,62.51,5.492,0.638,0
35,177,1.743,62.78,5.426,0.756,0
35,178,1.749,60.35,5.478,0.624,0
35,179,1.621,63.09,5.439,0.927,0
35,180,1.871,62.93,5.334,0.777,0
35,181,1.694,62.94,5.529,0.706,0
35,182,1.92,62.3,5.322,0.982,0
35,183,1.972,61.57,5.443,0.929,0
35,184,1.589,61.7,5.215,0.72,0
35,185,1.684,62.62,5.299,0.654,0
35,186,1.898,61.89,5.268,0.717,0
35,187,1.795,65.01,5.371,0.968,0
35,188,1.985,61.27,5.378,0.701,0
35,189,1.842,59.8,5.284,0.741,0
35,190,1.869,59.45,5.312,0.733,0
35,191,2.015,60.7,5.54,0.667,0
35,192,1.793,61.2,5.437,0.806,0
35,193,2.014,64.29,5.563,0.974,0
35,194,1.75,63.41,5.526,0.988,0
35,195,1.886,61.6,5.493,0.64,0
35,196,1.854,59.72,5.587,0.639,0
35,197,1.676,60.91,5.356,0.82,0
35,198,1.686,61.71,5.394,0.806,0
35,199,1.47,60.87,5.434,0.921,0
35,200,1.958,64.05,5.288,0.785,0
35,201,1.927,61.83,5.512,0.961,0
35,202,1.912,62.03,5.464,0.602,0
35,203,1.57,64.09,5.273,0.941,0
35,204,1.685,62.48,5.364,0.882,0
35,205,1.636,62.86,5.271,0.849,0
35,206,4.525,64.99,5.408,0.916,0
35,207,1.945,61.7,5.475,0.792,0
35,208,1.865,62.24,5.493,0.731,0
35,209,1.776,64.01,5.391,0.771,0
35,210,1.533,61.29,5.322,0.707,0
35,211,1.999,63.11,5.362,0.998,0
35,212,1.709,60.41,5.322,0.745,0
35,213,1.665,61.01,5.34,0.808,0
35,214,1.838,62.13,5.299,0.696,0
35,215,1.672,63.43,5.316,0.729,0
35,216,1.948,61.9,5.447,0.731,0
35,217,1.62,62.79,5.352,0.918,0
35,218,1.967,60.4,5.25,0.774,0
35,219,1.825,62.82,5.406,0.797,0
35,220,1.683,61.28,5.463,0.765,0
35,221,1.839,63.48,5.452,0.951,0
35,222,1.762,61.74,5.351,0.717,0
35,223,1.799,62.54,5.417,0.763,0
35,224,1.901,63.88,5.375,0.913,0
35,225,1.677,63.0,5.45,0.906,0
35,226,1.565,63.14,5.601,0.666,0
35,227,1.884,60.63,5.239,0.691,0
35,228,1.939,62.08,5.382,0.86,0
35,229,1.737,61.61,5.529,0.626,0
35,230,1.992,62.95,5.427,0.857,0
35,231,1.68,63.46,5.388,0.65,0
35,232,1.743,60.45,5.328,0.651,0
35,233,1.569,62.49,5.214,0.828,0
35,234,1.797,63.5,5.288,0.826,0
35,235,1.821,63.43,5.259,0.828,0
35,236,1.758,60.77,5.338,0.754,0
35,237,1.715,62.57,5.342,0.87,0
35,238,1.895,62.23,5.396,0.814,0
35,239,1.92,60.71,5.282,0.696,0
35,240,1.799,61.8,5.451,0.71,0
35,241,1.838,63.77,5.417,0.807,0
35,242,1.949,63.45,5.334,0.991,0
35,243,1.683,64.15,5.41,0.956,0
35,244,1.687,61.07,5.199,0.971,0
35,245,1.732,61.84,5.389,0.718,0
35,246,2.035,61.27,5.276,0.892,0
35,247,1.848,60.74,5.588,0.695,0
35,248,1.934,60.79,5.326,0.725,0
35,249,1.964,61.87,5.357,0.784,0
35,250,1.713,62.18,5.273,0.834,0
35,251,1.857,61.86,5.367,0.722,0
35,252,2.048,61.69,5.276,0.608,0
35,253,2.042,63.72,5.267,0.926,0
35,254,1.726,62.52,5.218,0.913,0
35,255,1.821,62.21,5.329,0.944,0
35,256,4.105,62.39,5.248,0.774,0
35,257,1.864,62.6,5.551,0.965,0
35,258,1.89,63.08,5.48,0.855,0
35,259,2.05,61.56,5.375,0.917,0
35,260,1.876,60.52,5.292,0.847,0
35,261,2.003,62.84,5.558,0.858,0
35,262,1.996,63.0,5.406,0.92,0
35,263,2.056,63.6,5.348,0.949,0
35,264,1.716,63.04,5.531,0.661,0
35,265,1.917,61.54,5.364,0.701,0
35,266,1.712,60.64,5.43,0.684,0
35,267,1.647,61.02,5.09,0.724,0
35,268,1.486,61.46,5.449,0.825,0
35,269,1.759,63.99,5.437,0.904,0
35,270,1.863,62.42,5.32,0.629,0
35,271,2.063,61.61,5.408,0.988,0
35,272,1.745,62.44,5.319,0.79,0
35,273,1.746,63.24,5.355,0.929,0
35,274,1.682,63.05,5.261,0.806,0
35,275,2.129,61.95,5.206,0.695,0
35,276,1.925,61.78,5.287,0.621,0
35,277,2.023,62.52,5.412,0.84,0
35,278,1.908,62.42,5.507,0.739,0
35,279,1.965,62.27,5.502,0.617,0
35,280,1.835,61.3,5.582,0.69,0
35,281,1.763,61.95,5.393,0.856,0
35,282,1.904,60.75,5.195,0.658,0
35,283,1.769,64.59,5.485,0.893,0
35,284,2.031,62.18,5.384,0.903,0
35,285,1.774,64.42,5.297,0.898,0
35,286,2.063,63.6,5.471,0.994,0
35,287,2.076,63.31,5.187,0.975,0
35,288,2.148,61.16,5.437,0.785,0
35,289,1.775,62.64,5.332,0.634,0
35,290,1.931,62.11,5.261,0.711,0
35,291,2.07,64.86,5.245,0.777,0
35,292,1.897,59.78,5.423,0.621,0
35,293,1.714,62.6,5.365,0.784,0
35,294,1.546,63.49,5.348,0.859,0
35,295,2.018,62.48,5.48,0.867,0
35,296,1.9,61.65,5.407,0.678,0
35,297,1.835,61.05,5.401,0.738,0
35,298,4.69,63.13,5.215,0.785,0
35,299,1.922,65.04,5.381,0.955,0
35,300,1.765,60.91,5.346,0.642,0
35,301,2.134,62.68,5.304,0.913,0
35,302,1.933,61.11,5.451,0.707,0
35,303,2.002,61.46,5.32,0.784,0
35,304,1.923,63.62,5.397,0.799,0
35,305,1.611,61.38,5.448,0.674,0
35,306,2.258,64.33,5.402,0.993,0
35,307,1.867,62.07,5.376,0.638,0
35,308,1.923,62.26,5.479,0.832,0
35,309,1.61,62.15,5.431,0.687,0
35,310,1.863,62.82,5.338,0.958,0
35,311,2.126,63.45,5.281,0.872,0
35,312,1.971,63.12,5.423,0.756,0
35,313,1.878,63.67,5.547,0.956,0
35,314,1.801,62.04,5.451,0.787,0
35,315,2.049,62.76,5.398,0.721,0
35,316,1.796,63.2,5.171,0.652,0
35,317,1.775,62.29,5.349,0.884,0
35,318,1.936,61.93,5.355,0.969,0
35,319,1.901,61.68,5.366,0.68,0
35,320,2.144,63.14,5.379,0.982,0
35,321,1.855,62.18,5.347,0.811,0
35,322,1.992,61.24,5.457,0.622,0
35,323,1.913,65.33,5.3,0.992,0
35,324,2.007,66.13,5.568,0.926,0
35,325,1.914,62.15,5.274,0.787,0
35,326,1.665,61.78,5.432,0.891,0
35,327,2.181,62.32,5.539,0.622,0
35,328,1.907,60.81,5.275,0.928,0
35,329,1.922,63.02,5.374,0.754,0
35,330,1.903,62.7,5.406,0.654,0
35,331,1.876,64.0,5.257,0.903,0
35,332,2.292,63.62,5.347,0.697,0
35,333,2.0,63.12,5.213,0.876,0
35,334,1.558,64.3,5.384,0.945,0
35,335,1.589,63.74,5.429,0.854,0
35,336,1.938,62.44,5.31,0.619,0
35,337,1.952,62.99,5.291,0.986,0
35,338,1.849,62.32,5.289,0.76,0
35,339,1.861,64.09,5.236,0.954,0
35,340,1.841,61.04,5.397,0.915,0
35,341,2.075,62.31,5.416,0.745,0
35,342,1.839,62.05,5.322,0.647,0
35,343,1.87,66.64,5.277,0.931,0
35,344,2.138,60.81,5.33,0.638,0
35,345,2.193,62.66,5.427,0.921,0
35,346,2.13,64.07,5.331,0.956,0
35,347,2.205,61.99,5.472,0.693,0
35,348,2.229,63.73,5.413,0.891,0
35,349,1.919,64.49,5.4,0.814,0
35,350,2.294,61.32,5.264,0.67,0
35,351,1.692,62.61,5.392,0.85,0
35,352,2.037,63.74,5.101,0.762,0
35,353,1.919,60.78,5.374,0.67,0
35,354,1.858,63.34,5.203,0.841,0
35,355,2.254,63.99,5.254,0.701,0
35,356,2.202,63.85,5.314,0.751,0
35,357,2.019,62.36,5.258,0.688,0
35,358,1.972,62.79,5.466,0.745,0
35,359,1.785,63.16,5.272,0.975,0
35,360,1.771,61.3,5.426,0.647,0
35,361,2.017,62.39,5.287,0.856,0
35,362,2.158,61.93,5.471,0.92,0
35,363,1.958,64.61,5.36,0.931,0
35,364,1.98,64.16,5.448,0.936,0
36,0,2.156,56.13,4.639,0.797,0
36,1,1.994,55.03,4.68,0.826,0
36,2,2.214,56.02,4.641,0.675,0
36,3,1.954,55.69,4.74,0.711,0
36,4,2.029,58.14,4.527,0.974,0
36,5,2.025,57.42,4.62,0.889,0
36,6,2.056,56.87,4.488,0.833,0
36,7,2.281,55.02,4.656,0.644,0
36,8,1.91,56.69,4.631,0.879,0
36,9,2.097,54.53,4.728,0.627,0
36,10,2.147,57.26,4.677,0.953,0
36,11,1.946,54.34,4.617,0.618,0
36,12,1.974,57.15,4.608,0.819,0
36,13,1.994,55.86,4.677,0.958,0
36,14,2.322,58.52,4.572,0.962,0
36,15,2.175,57.21,4.755,0.898,0
36,16,2.39,55.2,4.601,0.735,0
36,17,2.262,54.76,4.593,0.726,0
36,18,2.027,55.91,4.569,0.672,0
36,19,2.149,57.45,4.546,0.935,0
36,20,2.339,57.73,4.672,0.665,0
36,21,2.031,55.21,4.544,0.761,0
36,22,2.182,57.04,4.39,0.882,0
36,23,1.98,55.63,4.609,0.861,0
36,24,2.068,58.77,4.451,1.0,0
36,25,1.957,56.23,4.533,0.897,0
36,26,2.063,56.27,4.503,0.618,0
36,27,1.993,57.56,4.525,0.987,0
36,28,1.905,57.69,4.616,0.882,0
36,29,2.204,56.42,4.685,0.704,0
36,30,1.993,54.85,4.575,0.645,0
36,31,2.178,56.82,4.665,0.908,0
36,32,1.95,58.01,4.559,0.798,0
36,33,2.152,53.88,4.416,0.627,0
36,34,2.052,56.13,4.656,0.758,0
36,35,2.197,55.26,4.553,0.608,0
36,36,2.386,57.12,4.527,0.828,0
36,37,2.296,55.92,4.873,0.702,0
36,38,2.164,54.22,4.561,0.611,0
36,39,2.096,57.61,4.599,0.89,0
36,40,2.348,56.85,4.506,0.782,0
36,41,2.016,57.87,4.544,0.901,0
36,42,2.057,57.59,4.476,0.963,0
36,43,2.243,57.67,4.501,0.884,0
36,44,2.241,58.05,4.435,0.679,0
36,45,2.306,56.94,4.707,0.619,0
36,46,2.248,56.86,4.446,0.927,0
36,47,2.103,55.39,4.555,0.82,0
36,48,2.278,58.02,4.548,0.841,0
36,49,1.89,57.3,4.649,0.861,0
36,50,2.239,58.63,4.518,0.767,0
36,51,2.143,57.17,4.653,0.759,0
36,52,2.313,56.3,4.489,0.809,0
36,53,2.131,56.75,4.539,0.836,0
36,54,2.339,58.09,4.531,0.784,0
36,55,2.458,55.63,4.661,0.658,0
36,56,2.437,57.02,4.576,0.92,0
36,57,2.208,57.82,4.493,0.791,0
36,58,2.211,56.59,4.52,0.787,0
36,59,2.305,58.12,4.576,0.914,0
36,60,2.151,57.88,4.366,0.816,0
36,61,2.463,59.68,4.533,0.854,0
36,62,2.356,56.97,4.411,0.768,0
36,63,2.284,58.41,4.418,0.893,0
36,64,2.4,58.7,4.29,0.913,0
36,65,2.49,58.78,4.457,0.899,0
36,66,2.176,57.06,4.492,0.829,0
36,67,2.189,59.86,4.562,0.864,0
36,68,2.362,57.32,4.4,0.867,0
36,69,2.314,59.44,4.381,0.85,0
36,70,2.332,58.14,4.565,0.625,0
36,71,2.423,58.51,4.485,0.871,0
36,72,2.281,57.57,4.571,0.787,0
36,73,2.575,59.15,4.429,0.937,0
36,74,2.294,57.58,4.454,0.6,0
36,75,2.534,57.28,4.558,0.693,0
36,76,2.387,59.4,4.557,0.723,0
36,77,2.317,58.39,4.508,0.943,0
36,78,2.526,57.37,4.386,0.761,0
36,79,2.696,57.36,4.404,0.635,0
36,80,2.435,56.05,4.414,0.77,0
36,81,2.646,58.94,4.512,0.876,0
36,82,2.53,59.89,4.421,0.976,0
36,83,2.568,59.23,4.292,0.707,0
36,84,2.643,56.87,4.48,0.668,0
36,85,2.42,58.4,4.453,0.794,0
36,86,2.463,58.26,4.392,0.777,0
36,87,2.75,58.2,4.286,0.789,0
36,88,2.854,60.21,4.479,0.995,0
36,89,2.69,59.48,4.443,0.628,0
36,90,2.472,57.4,4.376,0.627,0
36,91,2.601,60.15,4.191,0.772,0
36,92,2.606,59.19,4.467,0.843,0
36,93,2.718,58.84,4.317,0.786,0
36,94,2.618,58.63,4.442,0.653,0
36,95,2.476,57.93,4.435,0.693,0
36,96,2.555,59.7,4.408,0.933,0
36,97,2.605,59.14,4.222,0.606,0
36,98,2.856,58.88,4.583,0.772,0
36,99,2.941,61.29,4.208,0.845,0
36,100,2.529,59.75,4.512,0.843,0
36,101,2.807,60.22,4.503,0.738,0
36,102,2.869,57.43,4.292,0.727,0
36,103,2.952,60.27,4.592,0.763,0
36,104,2.864,61.5,4.526,0.906,0
36,105,2.864,57.63,4.267,0.622,0
36,106,3.153,58.8,4.325,0.859,0
36,107,2.982,61.1,4.318,0.997,0
36,108,2.838,61.77,4.298,0.945,0
36,109,2.987,59.17,4.511,0.705,0
36,110,2.392,58.63,4.12,0.809,0
36,111,2.993,59.48,4.443,0.669,0
36,112,2.98,58.54,4.168,0.693,0
36,113,2.835,60.84,4.513,0.767,0
36,114,2.773,62.24,4.458,0.902,0
36,115,2.964,61.55,4.087,0.945,0
36,116,2.723,60.35,4.392,0.849,0
36,117,2.85,59.83,4.417,0.869,0
36,118,3.132,60.55,4.417,0.844,0
36,119,3.222,62.65,4.213,0.977,0
36,120,3.13,60.11,4.187,0.855,0
36,121,3.126,61.62,4.187,0.933,0
36,122,3.026,60.75,3.999,0.625,0
36,123,3.497,61.97,4.297,0.96,0
36,124,3.005,60.85,4.131,0.793,0
36,125,3.002,59.21,4.103,0.815,0
36,126,3.195,63.26,4.096,0.831,0
36,127,3.028,61.95,4.13,0.971,0
36,128,3.316,59.67,4.16,0.681,0
36,129,3.101,64.58,4.126,0.988,0
36,130,3.226,62.65,4.251,0.851,0
36,131,3.336,60.54,4.144,0.622,0
36,132,3.21,62.26,4.103,0.824,0
36,133,3.485,61.63,4.038,0.797,0
36,134,3.385,65.06,4.048,0.961,0
36,135,3.165,60.1,4.228,0.642,0
36,136,3.19,61.95,4.091,0.711,0
36,137,3.44,59.19,4.212,0.602,0
36,138,3.329,61.12,4.058,0.872,0
36,139,3.378,60.15,3.937,0.63,0
36,140,3.572,63.17,4.167,0.84,0
36,141,3.633,63.81,4.056,0.815,0
36,142,3.855,62.48,3.952,0.808,0
36,143,3.873,63.1,4.054,0.766,0
36,144,3.739,63.45,4.189,0.753,0
36,145,3.52,60.33,4.24,0.653,0
36,146,3.717,63.54,4.122,0.763,0
36,147,3.757,63.04,4.016,0.789,0
36,148,3.758,61.04,4.157,0.701,0
36,149,3.746,63.07,4.017,0.836,0
36,150,3.651,63.01,4.076,0.852,0
36,151,3.659,64.33,4.026,0.804,0
36,152,3.726,63.55,4.125,0.994,0
36,153,4.119,63.85,3.921,0.966,0
36,154,4.152,64.75,3.957,0.949,0
36,155,4.109,63.16,3.98,0.722,0
36,156,4.027,65.37,3.865,0.967,0
36,157,4.027,63.55,4.08,0.727,0
36,158,3.997,64.44,3.791,0.978,0
36,159,4.264,65.0,3.924,0.807,0
36,160,4.167,65.03,3.907,0.765,0
36,161,3.921,62.28,4.072,0.866,0
36,162,4.033,65.48,4.138,0.925,0
36,163,4.311,62.35,3.828,0.656,0
36,164,4.176,66.91,4.051,0.951,0
36,165,4.445,64.03,4.167,0.723,0
36,166,4.364,63.34,3.948,0.633,0
36,167,4.259,62.33,4.048,0.802,0
36,168,4.236,64.5,3.743,0.605,0
36,169,4.427,66.19,3.73,0.982,0
36,170,4.508,65.25,3.883,0.62,0
36,171,4.274,66.93,3.917,0.96,0
36,172,4.638,64.78,3.938,0.674,0
36,173,4.38,67.39,4.004,0.91,0
36,174,4.601,65.28,3.899,0.85,1
36,175,2.089,51.84,4.866,0.709,0
36,176,1.994,54.03,4.511,0.793,0
36,177,1.887,55.99,4.735,0.935,0
36,178,2.074,55.51,4.575,0.918,0
36,179,2.0,55.11,4.632,0.724,0
36,180,2.082,56.64,4.655,0.957,0
36,181,2.196,56.62,4.677,0.779,0
36,182,1.88,55.82,4.705,0.626,0
36,183,1.947,54.77,4.657,0.778,0
36,184,2.125,54.64,4.68,0.921,0
36,185,3.343,53.76,4.684,0.66,0
36,186,2.393,55.11,4.662,0.831,0
36,187,2.26,58.06,4.826,0.989,0
36,188,2.083,55.09,4.717,0.66,0
36,189,1.806,55.1,4.74,0.955,0
36,190,1.771,53.88,4.534,0.643,0
36,191,2.009,55.59,4.625,0.81,0
36,192,2.29,55.0,4.672,0.896,0
36,193,2.004,54.86,4.657,0.889,0
36,194,2.18,56.17,4.756,0.948,0
36,195,1.878,53.94,4.605,0.724,0
36,196,2.165,56.14,4.901,0.814,0
36,197,2.311,55.94,4.748,0.983,0
36,198,1.934,55.18,4.867,0.742,0
36,199,2.08,56.04,4.645,0.799,0
36,200,2.246,55.93,4.738,0.826,0
36,201,2.184,53.72,4.721,0.702,0
36,202,2.125,55.35,4.756,0.639,0
36,203,2.014,54.61,4.72,0.943,0
36,204,1.732,55.21,4.758,0.601,0
36,205,2.193,55.38,4.709,0.955,0
36,206,2.15,54.73,4.612,0.661,0
36,207,1.869,56.03,4.725,0.704,0
36,208,2.259,56.39,4.608,0.939,0
36,209,2.372,56.12,4.555,0.746,0
36,210,1.938,54.47,4.717,0.819,0
36,211,2.044,55.45,4.6,0.918,0
36,212,1.975,55.21,4.651,0.693,0
36,213,2.166,55.95,4.681,0.716,0
36,214,2.034,55.12,4.6,0.814,0
36,215,2.055,54.02,4.696,0.743,0
36,216,1.792,55.71,4.552,0.979,0
36,217,2.206,56.04,4.598,0.78,0
36,218,2.071,57.79,4.741,0.868,0
36,219,2.195,57.11,4.852,0.867,0
36,220,1.935,57.1,4.59,0.875,0
36,221,2.059,56.14,4.825,0.941,0
36,222,2.089,56.17,4.61,0.66,0
36,223,2.041,53.73,4.742,0.602,0
36,224,1.893,56.51,4.6,0.706,0
36,225,2.185,55.17,4.633,0.853,0
36,226,1.968,56.58,4.486,0.951,0
36,227,1.685,54.77,4.757,0.658,0
36,228,1.974,54.11,4.644,0.64,0
36,229,2.18,56.57,4.571,0.651,0
36,230,2.16,54.36,4.719,0.711,0
36,231,2.144,54.27,4.672,0.72,0
36,232,2.126,56.79,4.679,0.799,0
36,233,1.99,57.29,4.576,0.99,0
36,234,2.188,53.78,4.78,0.61,0
36,235,2.109,53.36,4.709,0.656,0
36,236,1.998,56.73,4.734,0.837,0
36,237,1.97,54.28,4.661,0.647,0
36,238,1.799,56.74,4.755,0.92,0
36,239,2.32,58.08,4.682,0.993,0
36,240,1.912,55.55,4.848,0.833,0
36,241,2.244,55.64,4.766,0.953,0
36,242,1.897,55.31,4.603,0.663,0
36,243,2.202,57.95,4.679,0.934,0
36,244,1.968,53.99,4.644,0.777,0
36,245,2.182,56.59,4.714,0.782,0
36,246,1.909,56.7,4.646,0.856,0
36,247,2.019,57.07,4.723,0.895,0
36,248,2.085,55.88,4.766,0.936,0
36,249,2.257,56.54,4.648,0.901,0
36,250,2.249,55.3,4.816,0.735,0
36,251,2.1,57.29,4.72,0.975,0
36,252,2.105,54.65,4.835,0.715,0
36,253,2.064,55.99,4.695,0.882,0
36,254,2.284,56.02,4.56,0.82,0
36,255,2.042,56.59,4.583,0.759,0
36,256,2.119,57.45,4.405,0.75,0
36,257,1.849,57.31,4.616,0.986,0
36,258,1.881,54.42,4.73,0.604,0
36,259,1.739,55.76,4.614,0.9,0
36,260,2.028,57.31,4.592,0.937,0
36,261,1.954,56.28,4.665,0.798,0
36,262,2.02,56.61,4.692,0.913,0
36,263,2.179,54.15,4.66,0.662,0
36,264,1.961,55.64,4.661,0.833,0
36,265,1.895,57.88,4.747,0.878,0
36,266,2.179,54.6,4.705,0.607,0
36,267,2.259,56.2,4.719,0.636,0
36,268,2.128,55.11,4.51,0.69,0
36,269,1.827,54.99,4.685,0.866,0
36,270,2.121,55.19,4.566,0.816,0
36,271,2.414,55.96,4.646,0.707,0
36,272,2.178,56.8,4.406,0.854,0
36,273,2.173,57.29,4.697,0.874,0
36,274,2.043,56.99,4.704,0.872,0
36,275,2.289,58.21,4.675,0.839,0
36,276,2.156,56.36,4.611,0.711,0
36,277,2.005,55.53,4.576,0.717,0
36,278,2.203,54.7,4.521,0.849,0
36,279,1.875,55.18,4.689,0.753,0
36,280,2.215,58.57,4.663,0.901,0
36,281,2.17,57.23,4.594,0.802,0
36,282,1.922,56.85,4.475,0.87,0
36,283,2.065,57.54,4.585,0.709,0
36,284,1.971,56.46,4.559,0.792,0
36,285,2.13,53.94,4.541,0.602,0
36,286,2.141,56.64,4.669,0.759,0
36,287,1.903,55.93,4.548,0.785,0
36,288,2.002,55.43,4.554,0.818,0
36,289,2.182,54.85,4.503,0.748,0
36,290,1.936,54.77,4.535,0.648,0
36,291,2.124,58.76,4.751,0.91,0
36,292,2.255,55.86,4.64,0.818,0
36,293,1.899,56.03,4.558,0.718,0
36,294,2.203,55.87,4.776,0.978,0
36,295,2.052,55.46,4.586,0.732,0
36,296,2.182,57.76,4.681,0.763,0
36,297,2.241,57.62,4.58,0.746,0
36,298,2.317,56.54,4.468,0.644,0
36,299,2.146,56.43,4.626,0.747,0
36,300,2.11,54.89,4.614,0.621,0
36,301,1.852,55.51,4.552,0.744,0
36,302,2.035,54.29,4.622,0.695,0
36,303,1.917,57.28,4.672,0.975,0
36,304,1.815,56.87,4.461,0.85,0
36,305,2.209,56.53,4.717,0.67,0
36,306,2.295,57.3,4.609,0.785,0
36,307,2.249,55.71,4.341,0.65,0
36,308,2.046,56.13,4.521,0.766,0
36,309,1.986,55.28,4.508,0.68,0
36,310,1.975,55.19,4.558,0.791,0
36,311,2.249,58.78,4.884,0.889,0
36,312,2.238,58.36,4.534,0.969,0
36,313,2.472,57.1,4.481,0.649,0
36,314,1.942,57.12,4.599,0.921,0
36,315,2.25,56.69,4.521,0.781,0
36,316,2.066,59.02,4.579,0.998,0
36,317,2.072,55.56,4.724,0.635,0
36,318,2.265,55.95,4.56,0.621,0
36,319,2.254,56.17,4.652,0.651,0
36,320,2.316,57.07,4.517,0.941,0
36,321,2.215,58.03,4.665,0.928,0
36,322,2.142,57.07,4.785,0.803,0
36,323,2.407,55.39,4.6,0.674,0
36,324,2.29,57.56,4.604,0.974,0
36,325,2.146,55.45,4.496,0.675,0
36,326,2.356,56.62,4.588,0.928,0
36,327,2.078,56.91,4.463,0.983,0
36,328,2.067,54.57,4.394,0.621,0
36,329,2.486,56.2,4.652,0.603,0
36,330,2.333,58.05,4.477,0.996,0
36,331,2.444,56.09,4.59,0.747,0
36,332,2.273,58.15,4.647,0.866,0
36,333,2.011,57.36,4.706,0.831,0
36,334,2.24,57.8,4.526,0.717,0
36,335,2.265,55.72,4.584,0.756,0
36,336,2.446,56.68,4.532,0.977,0
36,337,2.138,56.55,4.433,0.675,0
36,338,2.388,56.04,4.467,0.674,0
36,339,2.44,58.74,4.505,0.721,0
36,340,2.452,59.55,4.591,0.931,0
36,341,2.155,58.39,4.477,0.876,0
36,342,2.323,56.8,4.338,0.628,0
36,343,2.105,57.05,4.587,0.682,0
36,344,2.41,56.66,4.453,0.656,0
36,345,2.204,58.41,4.542,0.652,0
36,346,2.011,57.81,4.477,0.891,0
36,347,2.111,57.75,4.365,0.675,0
36,348,2.409,56.77,4.472,0.839,0
36,349,2.6,58.45,4.585,0.996,0
36,350,2.517,56.78,4.565,0.61,0
36,351,2.19,56.02,4.408,0.613,0
36,352,2.286,56.99,4.553,0.785,0
36,353,2.257,56.35,4.317,0.807,0
36,354,2.133,59.07,4.672,0.955,0
36,355,2.297,58.24,4.464,0.829,0
36,356,2.302,58.6,4.489,0.866,0
36,357,2.235,57.0,4.506,0.765,0
36,358,2.343,56.06,4.607,0.637,0
36,359,2.431,57.92,4.432,0.811,0
36,360,2.268,55.96,4.48,0.757,0
36,361,2.131,56.04,4.502,0.712,0
36,362,2.124,57.92,4.535,0.965,0
36,363,2.362,56.6,4.312,0.681,0
36,364,2.162,57.66,4.414,0.896,0
37,0,1.971,66.79,5.176,0.804,0
37,1,1.955,64.6,5.409,0.866,0
37,2,1.932,65.71,5.351,0.644,0
37,3,2.068,65.76,5.188,0.743,0
37,4,2.1,66.56,5.141,0.816,0
37,5,2.161,65.06,5.299,0.711,0
37,6,2.011,65.02,5.274,0.689,0
37,7,1.792,64.93,5.226,0.639,0
37,8,1.717,63.55,5.182,0.696,0
37,9,1.998,64.74,5.186,0.691,0
37,10,2.151,65.96,5.23,0.851,0
37,11,2.102,66.84,5.287,0.941,0
37,12,1.967,65.47,5.201,0.783,0
37,13,2.236,65.33,5.308,0.834,0
37,14,2.236,66.21,5.108,0.816,0
37,15,1.768,66.41,5.416,0.837,0
37,16,1.946,66.48,5.166,0.743,0
37,17,2.182,67.08,5.204,0.971,0
37,18,2.187,68.11,5.123,0.861,0
37,19,2.014,67.16,5.032,0.784,0
37,20,2.093,66.31,5.212,0.783,0
37,21,1.893,67.93,5.336,0.956,0
37,22,2.068,68.46,5.237,0.924,0
37,23,2.182,67.24,5.281,0.906,0
37,24,2.057,65.76,5.122,0.748,0
37,25,2.196,66.97,5.127,0.877,0
37,26,2.255,68.14,5.316,0.939,0
37,27,2.115,67.74,5.167,0.879,0
37,28,2.107,64.65,5.278,0.651,0
37,29,2.0,66.27,5.224,0.612,0
37,30,1.982,68.44,5.254,0.975,0
37,31,2.025,65.83,5.178,0.724,0
37,32,2.025,67.23,5.301,0.899,0
37,33,1.849,66.87,5.382,0.782,0
37,34,2.306,68.07,5.203,0.92,0
37,35,2.134,67.29,5.21,0.902,0
37,36,2.175,67.85,5.189,0.701,0
37,37,2.038,67.92,5.005,0.906,0
37,38,2.247,66.89,5.215,0.842,0
37,39,2.326,66.16,5.246,0.895,0
37,40,2.377,67.06,5.25,0.651,0
37,41,2.024,67.93,5.249,0.926,0
37,42,2.019,67.98,4.962,0.986,0
37,43,2.432,67.75,5.226,0.882,0
37,44,2.028,68.13,5.154,0.663,0
37,45,2.174,66.59,4.988,0.715,0
37,46,2.31,67.1,5.094,0.658,0
37,47,1.927,66.59,4.923,0.684,0
37,48,2.137,67.3,5.066,0.848,0
37,49,2.308,67.6,5.279,0.98,0
37,50,2.465,68.48,5.033,0.696,0
37,51,2.106,67.34,5.075,0.954,0
37,52,2.138,69.51,5.035,0.959,0
37,53,2.419,66.59,5.205,0.817,0
37,54,2.372,69.32,5.107,0.966,0
37,55,2.365,68.97,4.939,0.84,0
37,56,2.443,68.47,5.032,0.878,0
37,57,2.183,69.88,5.016,0.917,0
37,58,2.641,67.9,4.992,0.768,0
37,59,2.377,67.89,4.892,0.645,0
37,60,2.452,69.85,4.847,0.792,0
37,61,2.206,67.87,5.182,0.996,0
37,62,2.309,66.44,5.16,0.612,0
37,63,2.326,69.19,4.858,0.807,0
37,64,2.239,68.3,5.054,0.936,0
37,65,2.229,68.15,4.997,0.809,0
37,66,2.365,67.72,5.031,0.737,0
37,67,2.287,67.33,4.999,0.666,0
37,68,2.322,68.73,4.918,0.855,0
37,69,2.407,68.38,5.149,0.801,0
37,70,2.525,67.68,5.262,0.745,0
37,71,2.548,68.28,5.125,0.74,0
37,72,2.744,67.68,5.043,0.905,0
37,73,2.492,69.38,5.09,0.992,0
37,74,2.599,67.07,4.997,0.674,0
37,75,2.526,70.37,4.825,0.794,0
37,76,2.409,66.45,5.083,0.652,0
37,77,2.644,68.47,5.033,0.797,0
37,78,2.34,69.27,5.023,0.956,0
37,79,2.721,68.88,4.998,0.964,0
37,80,2.848,66.52,4.899,0.672,0
37,81,2.696,67.81,4.849,0.614,0
37,82,2.497,68.55,4.664,0.691,0
37,83,2.391,69.31,5.083,0.954,0
37,84,2.817,70.62,4.897,0.99,0
37,85,2.662,71.33,5.009,0.991,0
37,86,2.429,70.14,4.967,0.727,0
37,87,2.545,69.65,4.881,0.817,0
37,88,2.786,69.65,4.988,0.754,0
37,89,2.498,67.26,5.069,0.658,0
37,90,2.615,70.44,5.062,0.792,0
37,91,3.037,68.51,4.881,0.857,0
37,92,2.469,70.8,5.005,0.829,0
37,93,2.755,67.74,5.117,0.627,0
37,94,3.142,70.2,4.625,0.799,0
37,95,2.785,72.25,5.017,0.765,0
37,96,2.784,71.42,4.665,0.867,0
37,97,2.506,69.6,4.794,0.815,0
37,98,2.778,70.81,4.948,0.848,0
37,99,3.034,71.14,4.952,0.882,0
37,100,3.127,71.45,4.85,0.748,0
37,101,2.982,73.24,4.995,0.977,0
37,102,3.105,72.09,4.748,0.965,0
37,103,3.014,68.94,4.875,0.605,0
37,104,3.007,71.12,4.949,0.726,0
37,105,2.923,71.63,4.826,0.89,0
37,106,3.046,70.91,4.869,0.667,0
37,107,2.811,73.74,4.898,0.986,0
37,108,3.092,69.3,4.816,0.693,0
37,109,2.824,71.32,4.855,0.725,0
37,110,2.769,72.4,4.978,0.899,0
37,111,3.014,71.36,4.87,0.969,0
37,112,3.174,67.96,4.851,0.786,0
37,113,3.0,71.3,4.736,0.842,0
37,114,3.158,71.87,4.647,0.871,0
37,115,2.915,71.49,4.835,0.838,0
37,116,2.862,71.69,4.988,0.603,0
37,117,3.066,70.38,4.734,0.978,0
37,118,3.375,71.5,4.75,0.613,0
37,119,3.36,71.03,4.642,0.722,0
37,120,3.244,72.93,4.776,0.99,0
37,121,3.208,71.39,4.906,0.827,0
37,122,3.166,73.39,4.824,0.985,0
37,123,3.227,72.13,4.681,0.606,0
37,124,3.283,70.66,4.686,0.604,0
37,125,3.232,71.23,4.721,0.629,0
37,126,3.352,70.31,4.842,0.737,0
37,127,3.362,73.43,4.686,0.955,0
37,128,3.359,71.08,4.703,0.7,0
37,129,3.316,70.43,4.729,0.777,0
37,130,3.702,71.43,4.735,0.932,0
37,131,3.47,71.42,4.558,0.654,0
37,132,3.332,72.11,4.792,0.661,0
37,133,3.743,72.11,4.734,0.783,0
37,134,3.61,73.6,4.806,0.872,0
37,135,3.527,70.71,4.551,0.61,0
37,136,3.588,72.7,4.638,0.653,0
37,137,3.661,71.35,4.7,0.664,0
37,138,3.508,71.15,4.558,0.648,0
37,139,3.644,72.41,4.629,0.695,0
37,140,3.659,72.84,4.567,0.951,0
37,141,6.332,71.33,4.615,0.621,0
37,142,3.688,73.64,4.67,0.801,0
37,143,3.669,73.37,4.552,0.976,0
37,144,3.677,70.87,4.573,0.657,0
37,145,3.715,73.5,4.667,0.645,0
37,146,3.999,73.27,4.65,0.753,0
37,147,3.844,75.7,4.63,0.937,0
37,148,3.694,73.54,4.525,0.97,0
37,149,3.493,73.36,4.636,0.815,0
37,150,3.908,72.72,4.52,0.608,0
37,151,4.195,73.55,4.603,0.834,0
37,152,4.156,74.24,4.771,0.944,0
37,153,4.175,73.54,4.604,0.825,0
37,154,3.925,73.98,4.621,0.773,0
37,155,4.104,76.42,4.586,0.926,0
37,156,4.222,73.06,4.585,0.635,0
37,157,4.04,73.71,4.758,0.789,0
37,158,4.232,74.98,4.756,0.981,0
37,159,4.125,76.19,4.468,0.868,0
37,160,4.08,74.2,4.512,0.783,0
37,161,4.148,76.27,4.467,0.741,0
37,162,4.565,73.93,4.696,0.669,0
37,163,4.122,75.62,4.464,0.839,1
37,164,1.56,66.05,5.232,0.709,0
37,165,1.893,63.13,5.271,0.633,0
37,166,2.057,66.71,5.223,0.737,0
37,167,2.115,66.8,5.276,0.962,0
37,168,2.086,66.48,5.464,0.849,0
37,169,3.558,64.7,5.4,0.66,0
37,170,1.854,65.96,5.408,0.803,0
37,171,1.99,66.69,5.51,0.801,0
37,172,1.958,64.17,5.196,0.638,0
37,173,1.933,64.6,5.309,0.694,0
37,174,2.045,66.11,5.29,0.973,0
37,175,1.861,66.69,5.335,0.957,0
37,176,1.671,63.23,5.243,0.616,0
37,177,1.951,65.2,5.407,0.855,0
37,178,2.132,66.05,5.327,0.79,0
37,179,1.78,65.14,5.182,0.882,0
37,180,1.833,64.0,5.213,0.701,0
37,181,1.971,63.35,5.297,0.706,0
37,182,2.193,66.83,5.365,0.984,0
37,183,1.848,66.6,5.291,0.858,0
37,184,1.997,66.72,5.355,0.875,0
37,185,2.06,65.14,5.429,0.792,0
37,186,2.131,65.19,5.332,0.966,0
37,187,2.38,65.91,5.247,0.868,0
37,188,2.133,62.66,5.351,0.734,0
37,189,1.989,65.74,5.092,0.827,0
37,190,1.925,64.28,5.012,0.912,0
37,191,1.834,63.21,5.331,0.698,0
37,192,2.146,63.39,5.369,0.864,0
37,193,1.916,65.26,5.377,0.696,0
37,194,2.006,65.75,5.167,0.722,0
37,195,1.875,67.75,5.353,0.835,0
37,196,2.051,66.95,5.313,0.756,0
37,197,1.967,67.32,5.497,0.983,0
37,198,1.916,64.42,5.168,0.751,0
37,199,2.03,64.69,5.12,0.805,0
37,200,1.883,65.7,5.205,0.812,0
37,201,2.252,67.52,5.283,0.927,0
37,202,1.943,66.95,5.04,0.829,0
37,203,2.024,64.21,5.141,0.76,0
37,204,1.876,66.27,5.194,0.768,0
37,205,2.212,66.76,5.086,0.721,0
37,206,2.047,68.44,5.096,0.981,0
37,207,1.745,67.55,5.401,0.982,0
37,208,2.023,65.3,5.319,0.885,0
37,209,2.314,67.32,4.967,0.617,0
37,210,2.241,66.24,5.308,0.918,0
37,211,2.103,69.28,5.173,0.997,0
37,212,2.306,67.0,5.078,0.954,0
37,213,2.232,64.96,5.031,0.678,0
37,214,2.227,68.69,5.123,0.844,0
37,215,1.979,67.83,5.258,0.962,0
37,216,2.228,65.64,5.108,0.73,0
37,217,2.201,68.8,5.148,0.94,0
37,218,2.115,66.25,4.908,0.767,0
37,219,2.457,69.71,5.023,0.979,0
37,220,1.964,66.91,5.173,0.832,0
37,221,2.169,68.77,4.977,0.696,0
37,222,2.302,67.8,5.023,0.792,0
37,223,2.26,68.72,5.045,0.89,0
37,224,2.324,68.3,4.998,0.955,0
37,225,2.223,68.91,5.093,0.78,0
37,226,2.336,71.23,5.152,0.943,0
37,227,2.314,68.04,5.069,0.656,0
37,228,2.616,69.55,5.245,0.833,0
37,229,2.58,67.22,5.035,0.669,0
37,230,2.386,68.0,4.997,0.711,0
37,231,2.551,67.81,5.046,0.695,0
37,232,2.308,68.96,5.196,0.957,0
37,233,2.661,67.4,4.879,0.623,0
37,234,2.746,67.24,4.856,0.662,0
37,235,2.628,69.28,4.937,0.792,0
37,236,2.587,69.72,5.056,0.97,0
37,237,2.537,70.15,4.914,0.816,0
37,238,2.847,67.72,4.974,0.635,0
37,239,2.542,69.23,5.016,0.622,0
37,240,2.814,69.18,5.126,0.781,0
37,241,2.989,70.46,5.031,0.899,0
37,242,2.943,70.02,5.113,0.811,0
37,243,2.867,68.73,4.998,0.699,0
37,244,2.95,69.79,4.88,0.68,0
37,245,2.807,69.77,4.922,0.835,0
37,246,2.819,71.1,5.001,0.845,0
37,247,2.814,72.37,4.773,0.821,0
37,248,3.057,71.4,4.841,0.61,0
37,249,2.922,69.25,4.882,0.622,0
37,250,3.182,72.45,4.781,0.917,0
37,251,3.024,68.45,4.845,0.603,0
37,252,3.219,73.18,4.717,0.861,0
37,253,3.195,71.22,4.721,0.759,0
37,254,3.581,72.17,4.867,0.986,0
37,255,3.136,72.35,4.826,0.847,0
37,256,3.574,72.58,4.656,0.732,0
37,257,3.628,70.77,4.896,0.606,0
37,258,3.662,72.54,4.715,0.822,0
37,259,3.409,71.63,4.745,0.865,0
37,260,3.642,72.32,4.484,0.872,0
37,261,3.862,73.21,4.454,0.953,0
37,262,3.818,73.24,4.579,0.724,0
37,263,3.65,75.89,4.535,0.916,0
37,264,3.829,72.83,4.62,0.691,0
37,265,4.015,74.83,4.545,0.92,0
37,266,4.332,76.52,4.721,0.947,0
37,267,4.363,75.17,4.687,0.988,0
37,268,4.192,76.23,4.625,0.874,0
37,269,4.254,74.49,4.386,0.879,0
37,270,4.411,73.67,4.474,0.717,0
37,271,4.302,72.93,4.403,0.673,0
37,272,4.199,74.53,4.418,0.767,0
37,273,4.324,74.17,4.4,0.661,1
37,274,2.002,68.4,5.183,0.874,0
37,275,1.869,64.78,5.576,0.722,0
37,276,1.927,66.2,5.517,0.854,0
37,277,1.821,65.83,5.301,0.957,0
37,278,1.91,65.34,5.298,0.706,0
37,279,2.069,62.92,5.358,0.691,0
37,280,1.818,64.16,5.391,0.748,0
37,281,1.831,62.33,5.375,0.61,0
37,282,1.535,64.19,5.311,0.63,0
37,283,1.98,67.13,5.275,0.973,0
37,284,1.995,63.16,5.42,0.63,0
37,285,2.011,64.74,5.421,0.961,0
37,286,1.687,64.81,5.207,0.729,0
37,287,1.899,64.93,5.19,0.697,0
37,288,1.751,64.34,5.391,0.708,0
37,289,1.877,63.69,5.405,0.639,0
37,290,1.698,65.69,5.43,0.96,0
37,291,1.784,64.97,5.164,0.803,0
37,292,1.973,64.07,5.395,0.66,0
37,293,2.264,65.07,5.26,0.736,0
37,294,1.927,63.41,5.357,0.681,0
37,295,2.101,65.85,5.229,0.973,0
37,296,1.897,65.28,5.271,0.697,0
37,297,2.171,66.51,5.299,0.892,0
37,298,1.778,64.72,5.201,0.601,0
37,299,1.768,65.38,5.447,0.771,0
37,300,1.904,66.92,5.139,0.859,0
37,301,1.944,65.22,5.094,0.746,0
37,302,1.873,62.53,5.235,0.633,0
37,303,2.102,66.33,5.217,0.911,0
37,304,1.983,64.57,5.095,0.615,0
37,305,1.821,63.21,5.354,0.658,0
37,306,2.055,64.5,5.351,0.698,0
37,307,2.021,62.91,5.334,0.69,0
37,308,1.834,66.58,5.075,0.895,0
37,309,2.016,65.99,5.043,0.664,0
37,310,1.789,66.44,5.313,0.64,0
37,311,1.876,67.68,5.225,0.867,0
37,312,1.958,64.18,5.43,0.761,0
37,313,2.064,67.3,5.124,0.906,0
37,314,1.747,66.05,5.307,0.919,0
37,315,1.793,65.23,5.302,0.646,0
37,316,1.763,65.05,5.303,0.853,0
37,317,2.068,64.91,5.344,0.678,0
37,318,1.987,68.47,5.292,0.79,0
37,319,1.999,65.34,5.204,0.625,0
37,320,2.024,65.79,5.224,0.83,0
37,321,2.227,67.47,5.141,0.937,0
37,322,1.994,65.07,5.301,0.706,0
37,323,1.922,66.77,5.131,0.888,0
37,324,2.12,65.06,5.22,0.652,0
37,325,2.11,66.73,5.21,0.835,0
37,326,2.13,65.41,5.199,0.7,0
37,327,2.106,67.04,5.215,0.901,0
37,328,2.03,67.73,5.312,0.808,0
37,329,1.986,68.07,5.143,0.94,0
37,330,2.164,64.78,5.148,0.636,0
37,331,1.943,65.44,5.046,0.627,0
37,332,2.155,67.36,5.058,0.744,0
37,333,2.157,66.91,5.03,0.77,0
37,334,1.863,64.82,5.282,0.603,0
37,335,2.338,67.32,5.11,0.789,0
37,336,2.247,67.3,5.213,0.703,0
37,337,2.349,68.32,5.102,0.719,0
37,338,2.061,68.05,5.146,0.907,0
37,339,2.283,66.42,5.246,0.739,0
37,340,2.226,68.97,5.15,0.854,0
37,341,1.984,66.88,5.104,0.661,0
37,342,2.011,66.88,5.033,0.729,0
37,343,2.2,69.14,5.038,0.916,0
37,344,2.511,67.64,5.248,0.821,0
37,345,2.226,69.05,5.048,0.975,0
37,346,2.298,67.85,5.139,0.93,0
37,347,2.19,68.55,5.093,0.621,0
37,348,2.423,66.85,5.15,0.712,0
37,349,2.513,69.39,4.998,0.801,0
37,350,2.529,68.66,5.036,0.865,0
37,351,2.23,68.29,5.016,0.728,0
37,352,2.3,68.72,4.95,0.97,0
37,353,2.55,70.02,5.112,0.763,0
37,354,2.433,70.57,5.019,0.831,0
37,355,2.763,69.54,5.141,0.978,0
37,356,2.434,65.89,5.008,0.707,0
37,357,2.558,66.88,4.822,0.753,0
37,358,2.406,66.99,5.109,0.772,0
37,359,2.442,68.69,4.731,0.772,0
37,360,5.345,66.34,4.841,0.663,0
37,361,2.71,69.56,4.962,0.845,0
37,362,2.489,69.87,4.917,0.84,0
37,363,2.587,68.02,4.81,0.658,0
37,364,2.665,70.24,4.894,0.839,0
38,0,1.958,58.23,5.086,0.73,0
38,1,1.873,59.3,5.1,0.991,0
38,2,1.784,58.77,4.823,0.899,0
38,3,1.916,58.29,5.036,0.846,0
38,4,1.672,58.74,4.796,0.951,0
38,5,1.985,58.94,5.022,0.899,0
38,6,1.586,58.66,5.145,0.939,0
38,7,1.948,58.43,5.057,0.857,0
38,8,1.816,56.34,4.986,0.611,0
38,9,1.67,59.61,4.96,0.887,0
38,10,1.955,57.96,4.905,0.806,0
38,11,1.388,58.77,5.104,0.898,0
38,12,2.169,60.11,5.044,0.85,0
38,13,1.618,57.97,4.94,0.737,0
38,14,1.728,56.66,4.977,0.679,0
38,15,1.844,57.36,5.14,0.619,0
38,16,1.837,58.0,4.993,0.609,0
38,17,1.835,58.9,4.985,0.852,0
38,18,1.814,59.1,5.101,0.854,0
38,19,1.989,58.23,5.112,0.774,0
38,20,1.582,59.73,5.067,0.952,0
38,21,1.612,57.82,5.161,0.737,0
38,22,1.494,58.11,5.073,0.904,0
38,23,1.901,58.19,5.061,0.613,0
38,24,1.852,55.74,5.185,0.613,0
38,25,1.773,57.4,5.093,0.616,0
38,26,1.965,59.89,5.06,0.97,0
38,27,1.961,58.19,5.093,0.878,0
38,28,1.909,58.26,5.017,0.712,0
38,29,1.926,57.84,5.091,0.663,0
38,30,2.031,59.66,5.058,0.937,0
38,31,1.957,60.81,4.945,0.878,0
38,32,1.773,58.02,5.001,0.766,0
38,33,1.683,57.12,4.996,0.626,0
38,34,1.639,59.35,5.093,0.975,0
38,35,1.747,58.26,5.016,0.691,0
38,36,1.814,57.19,4.896,0.876,0
38,37,1.926,58.98,4.92,0.838,0
38,38,1.629,57.93,4.977,0.714,0
38,39,1.803,59.77,5.11,0.949,0
38,40,1.937,62.29,5.159,0.908,0
38,41,2.329,57.96,4.963,0.869,0
38,42,1.896,58.19,4.836,0.755,0
38,43,1.73,60.77,5.031,0.891,0
38,44,1.709,59.32,5.004,0.827,0
38,45,1.979,59.03,5.057,0.891,0
38,46,2.107,60.04,4.996,0.837,0
38,47,2.007,58.23,4.979,0.672,0
38,48,1.842,57.82,5.114,0.628,0
38,49,1.778,58.41,4.987,0.728,0
38,50,1.877,58.44,4.982,0.801,0
38,51,1.68,57.31,4.923,0.777,0
38,52,2.054,58.92,4.949,0.735,0
38,53,2.094,60.84,4.936,0.951,0
38,54,2.066,58.72,4.978,0.717,0
38,55,2.142,58.75,5.03,0.817,0
38,56,2.012,60.22,4.948,0.994,0
38,57,1.877,58.86,5.013,0.735,0
38,58,2.019,60.53,4.988,0.916,0
38,59,2.302,60.54,5.004,0.884,0
38,60,1.731,59.58,5.024,0.698,0
38,61,2.241,57.37,4.923,0.652,0
38,62,1.963,61.83,4.776,0.966,0
38,63,2.047,59.09,4.994,0.969,0
38,64,2.121,56.85,5.021,0.656,0
38,65,2.059,61.3,4.878,0.94,0
38,66,1.892,58.02,4.976,0.783,0
38,67,2.091,58.07,4.887,0.766,0
38,68,1.949,58.86,4.79,0.734,0
38,69,2.339,59.17,4.73,0.791,0
38,70,2.073,59.83,4.999,0.774,0
38,71,2.177,58.71,4.745,0.729,0
38,72,2.045,59.37,4.792,0.861,0
38,73,1.981,61.82,4.897,0.998,0
38,74,1.838,60.49,4.827,0.997,0
38,75,1.845,61.68,4.937,0.884,0
38,76,2.198,60.91,4.848,0.985,0
38,77,1.885,56.98,5.018,0.648,0
38,78,2.066,59.31,4.89,0.708,0
38,79,2.005,59.76,4.954,0.693,0
38,80,2.239,59.72,4.796,0.814,0
38,81,2.433,59.37,4.939,0.641,0
38,82,1.864,61.06,4.968,0.918,0
38,83,2.032,60.68,4.885,0.803,0
38,84,2.274,61.22,4.822,0.904,0
38,85,2.102,58.33,5.04,0.661,0
38,86,1.974,60.49,4.762,0.667,0
38,87,2.215,60.61,4.843,0.736,0
38,88,2.251,59.68,4.776,0.75,0
38,89,2.403,60.31,5.028,0.878,0
38,90,2.343,58.62,4.728,0.688,0
38,91,1.852,59.7,4.886,0.806,0
38,92,2.03,60.25,5.044,0.749,0
38,93,2.335,62.7,4.893,0.755,0
38,94,2.304,60.03,4.798,0.601,0
38,95,1.956,58.28,4.828,0.685,0
38,96,2.123,62.28,4.824,0.948,0
38,97,2.1,61.69,4.857,0.879,0
38,98,2.161,60.5,4.67,0.832,0
38,99,2.424,61.86,4.817,0.84,0
38,100,2.186,59.85,4.784,0.653,0
38,101,2.153,61.36,4.842,0.716,0
38,102,2.16,57.01,4.74,0.606,0
38,103,2.414,62.08,4.659,0.899,0
38,104,2.458,60.46,4.917,0.807,0
38,105,2.526,60.31,4.822,0.635,0
38,106,2.262,61.0,4.899,0.902,0
38,107,2.19,60.63,4.873,0.825,0
38,108,2.33,59.59,4.879,0.685,0
38,109,2.458,60.97,4.746,0.655,0
38,110,1.972,60.92,4.721,0.892,0
38,111,2.522,60.66,4.745,0.705,0
38,112,1.979,62.21,4.971,0.918,0
38,113,2.462,62.57,4.732,0.863,0
38,114,2.653,59.64,4.88,0.723,0
38,115,2.304,60.6,4.717,0.808,0
38,116,2.304,61.59,4.815,0.936,0
38,117,2.53,61.23,4.725,0.829,0
38,118,2.294,61.41,4.791,0.749,0
38,119,2.476,61.22,4.502,0.819,0
38,120,2.43,61.26,4.638,0.706,0
38,121,2.665,61.54,4.745,0.683,0
38,122,2.355,60.59,4.848,0.774,0
38,123,2.391,62.53,4.843,0.799,0
38,124,2.238,61.68,4.747,0.734,0
38,125,2.609,61.79,4.892,0.609,0
38,126,2.419,61.35,4.736,0.623,0
38,127,2.485,61.59,4.614,0.813,0
38,128,2.814,63.42,4.723,0.99,0
38,129,4.987,61.25,4.621,0.872,0
38,130,2.607,62.72,4.667,0.744,0
38,131,2.729,61.03,4.557,0.657,0
38,132,2.392,63.1,4.706,0.784,0
38,133,2.388,63.3,4.667,0.996,0
38,134,2.573,62.45,4.684,0.679,0
38,135,2.487,62.61,4.585,0.878,0
38,136,2.716,61.56,4.747,0.871,0
38,137,2.274,61.52,4.718,0.62,0
38,138,2.478,62.28,4.67,0.691,0
38,139,2.375,62.01,4.756,0.699,0
38,140,2.729,62.36,4.619,0.63,0
38,141,2.733,61.87,4.735,0.761,0
38,142,2.754,64.81,4.506,0.954,0
38,143,2.887,60.61,4.384,0.842,0
38,144,3.044,64.0,4.579,0.684,0
38,145,2.875,64.13,4.806,0.965,0
38,146,2.683,63.44,4.703,0.738,0
38,147,2.74,62.96,4.691,0.711,0
38,148,2.64,66.08,4.879,0.787,0
38,149,2.851,62.64,4.599,0.757,0
38,150,2.716,63.46,4.602,0.98,0
38,151,3.132,63.88,4.588,0.799,0
38,152,2.864,63.64,4.45,0.974,0
38,153,2.838,63.15,4.485,0.83,0
38,154,2.732,65.33,4.707,0.982,0
38,155,2.832,62.24,4.502,0.821,0
38,156,3.133,63.37,4.722,0.72,0
38,157,3.146,65.37,4.535,0.931,0
38,158,3.557,63.79,4.576,0.765,0
38,159,3.258,64.13,4.539,0.98,0
38,160,3.268,64.33,4.523,0.81,0
38,161,3.322,63.44,4.484,0.697,0
38,162,3.038,65.65,4.408,0.893,0
38,163,2.931,64.45,4.513,0.965,0
38,164,3.01,65.84,4.389,0.879,0
38,165,3.033,64.67,4.58,0.909,0
38,166,3.146,64.06,4.609,0.797,0
38,167,3.308,63.2,4.487,0.617,0
38,168,3.366,64.5,4.299,0.9,0
38,169,3.182,63.85,4.585,0.662,0
38,170,3.409,67.79,4.437,0.971,0
38,171,3.32,67.21,4.44,0.928,0
38,172,3.452,63.13,4.397,0.696,0
38,173,3.494,66.1,4.426,0.603,0
38,174,3.311,66.78,4.668,0.83,0
38,175,5.049,63.67,4.437,0.642,0
38,176,3.912,64.35,4.44,0.655,0
38,177,3.629,66.87,4.463,0.909,0
38,178,3.75,65.04,4.411,0.905,0
38,179,3.677,65.02,4.296,0.728,0
38,180,3.704,65.13,4.316,0.617,0
38,181,3.731,66.23,4.52,0.994,0
38,182,3.953,65.78,4.508,0.863,0
38,183,3.606,67.68,4.236,0.895,0
38,184,3.897,67.14,4.34,0.725,0
38,185,3.609,64.8,4.314,0.712,0
38,186,3.846,68.11,4.124,0.92,0
38,187,3.806,67.92,4.155,0.825,0
38,188,3.959,65.56,4.232,0.692,0
38,189,3.763,66.66,4.499,0.922,0
38,190,4.304,65.79,4.397,0.806,0
38,191,4.46,66.05,4.224,0.753,0
38,192,4.186,68.57,4.237,0.875,0
38,193,4.135,66.72,4.351,0.769,0
38,194,4.419,68.44,4.186,0.96,0
38,195,4.433,70.11,4.208,0.958,0
38,196,4.301,66.45,4.199,0.772,0
38,197,4.421,68.79,4.337,0.883,1
38,198,1.5,56.69,5.226,0.822,0
38,199,2.05,57.47,5.185,0.883,0
38,200,2.023,59.95,4.898,0.944,0
38,201,1.837,57.01,5.026,0.771,0
38,202,1.744,58.25,5.045,0.833,0
38,203,2.128,57.52,4.93,0.827,0
38,204,1.833,59.5,4.952,0.947,0
38,205,1.827,58.8,5.047,0.834,0
38,206,2.199,58.96,5.098,0.78,0
38,207,1.559,58.94,5.078,0.93,0
38,208,1.886,58.04,5.057,0.804,0
38,209,3.012,57.86,5.076,0.751,0
38,210,1.847,56.29,5.18,0.618,0
38,211,1.893,58.32,4.839,0.625,0
38,212,1.882,58.61,4.846,0.66,0
38,213,2.059,56.77,5.071,0.758,0
38,214,1.735,56.93,5.078,0.668,0
38,215,1.936,58.2,5.109,0.949,0
38,216,1.942,57.45,5.01,0.71,0
38,217,1.971,56.45,4.976,0.685,0
38,218,1.778,58.57,5.07,0.96,0
38,219,2.037,56.7,5.069,0.794,0
38,220,1.853,57.81,4.969,0.749,0
38,221,1.657,59.54,4.999,0.821,0
38,222,1.718,58.54,4.935,0.913,0
38,223,2.163,58.02,4.966,0.626,0
38,224,2.126,59.62,4.969,0.952,0
38,225,1.565,58.98,5.189,0.823,0
38,226,1.858,58.72,5.193,0.85,0
38,227,2.113,60.24,5.043,0.924,0
38,228,1.994,56.39,5.072,0.667,0
38,229,1.961,60.38,4.858,0.96,0
38,230,1.912,58.16,5.181,0.649,0
38,231,1.767,59.29,5.015,0.987,0
38,232,1.931,57.3,5.085,0.654,0
38,233,1.846,58.61,4.98,0.799,0
38,234,1.876,57.68,4.962,0.679,0
38,235,1.61,60.76,5.217,0.994,0
38,236,1.789,58.19,4.966,0.657,0
38,237,1.671,59.59,5.291,0.97,0
38,238,1.657,57.94,5.007,0.951,0
38,239,2.005,58.65,5.101,0.938,0
38,240,1.872,61.2,4.918,0.698,0
38,241,1.717,58.03,5.045,0.693,0
38,242,1.701,60.43,5.118,0.922,0
38,243,2.117,58.37,4.943,0.773,0
38,244,1.879,59.01,4.961,0.718,0
38,245,1.976,56.68,4.955,0.622,0
38,246,2.092,56.33,5.15,0.64,0
38,247,1.756,59.59,5.094,0.821,0
38,248,1.993,59.83,4.883,0.777,0
38,249,1.777,58.41,5.061,0.797,0
38,250,1.802,57.9,4.858,0.885,0
38,251,1.894,57.41,4.997,0.79,0
38,252,1.964,57.28,5.101,0.71,0
38,253,2.002,59.11,4.908,0.911,0
38,254,2.067,58.63,4.951,0.994,0
38,255,2.036,58.45,5.06,0.752,0
38,256,1.944,58.86,4.993,0.744,0
38,257,1.884,59.63,4.986,0.693,0
38,258,2.111,58.42,4.848,0.632,0
38,259,2.173,59.18,4.887,0.675,0
38,260,1.866,59.48,4.698,0.848,0
38,261,1.904,60.33,5.111,0.993,0
38,262,1.899,60.68,4.873,0.95,0
38,263,1.877,59.1,4.876,0.61,0
38,264,1.992,58.94,5.039,0.64,0
38,265,2.044,59.13,4.999,0.656,0
38,266,1.888,58.39,5.02,0.611,0
38,267,2.004,62.61,4.696,0.999,0
38,268,2.164,58.87,4.96,0.691,0
38,269,1.988,58.31,4.769,0.748,0
38,270,2.239,57.76,4.864,0.622,0
38,271,2.09,59.23,4.962,0.61,0
38,272,2.098,58.26,4.888,0.667,0
38,273,2.011,57.58,4.808,0.613,0
38,274,2.102,59.63,4.96,0.824,0
38,275,2.091,59.97,4.831,0.644,0
38,276,2.076,59.35,4.833,0.774,0
38,277,2.281,60.26,4.927,0.811,0
38,278,1.87,62.6,4.771,0.863,0
38,279,2.269,59.04,5.029,0.628,0
38,280,2.051,60.47,4.865,0.769,0
38,281,2.03,60.75,4.941,0.678,0
38,282,2.081,60.73,4.93,0.743,0
38,283,2.05,60.92,4.934,0.86,0
38,284,2.178,60.66,4.857,0.786,0
38,285,2.198,60.24,4.756,0.721,0
38,286,2.04,60.58,5.01,0.927,0
38,287,2.084,60.63,4.766,0.66,0
38,288,2.192,61.81,4.799,0.797,0
38,289,2.118,61.01,4.823,0.912,0
38,290,2.27,63.25,4.748,0.929,0
38,291,2.109,62.81,4.836,0.972,0
38,292,2.172,60.31,4.832,0.878,0
38,293,2.064,61.53,4.868,0.94,0
38,294,2.124,59.55,4.748,0.614,0
38,295,2.239,59.59,4.825,0.708,0
38,296,2.211,62.53,4.864,0.751,0
38,297,2.453,61.38,4.638,0.979,0
38,298,2.496,62.21,5.015,0.849,0
38,299,2.263,62.35,4.674,0.966,0
38,300,2.305,60.84,4.866,0.641,0
38,301,2.279,62.61,4.856,0.915,0
38,302,2.217,60.41,4.853,0.613,0
38,303,2.462,62.4,4.833,0.681,0
38,304,2.31,62.91,4.705,0.91,0
38,305,2.783,62.86,4.709,0.907,0
38,306,2.354,61.73,4.61,0.815,0
38,307,2.457,63.36,5.089,0.814,0
38,308,2.398,62.93,4.653,0.882,0
38,309,2.47,60.79,4.858,0.681,0
38,310,2.618,63.29,4.698,0.921,0
38,311,2.734,62.61,4.827,0.822,0
38,312,2.705,63.93,4.718,0.987,0
38,313,3.001,60.92,4.663,0.684,0
38,314,2.863,63.59,4.711,0.748,0
38,315,2.5,62.24,4.723,0.695,0
38,316,2.488,64.24,4.636,0.997,0
38,317,2.736,62.68,4.725,0.607,0
38,318,2.853,63.14,4.601,0.627,0
38,319,2.551,65.25,4.776,0.938,0
38,320,2.751,63.68,4.666,0.739,0
38,321,2.714,61.48,4.785,0.66,0
38,322,2.596,61.62,4.614,0.675,0
38,323,2.698,60.04,4.858,0.606,0
38,324,2.61,63.85,4.646,0.996,0
38,325,2.93,62.22,4.643,0.775,0
38,326,2.68,62.74,4.515,0.694,0
38,327,2.898,62.18,4.642,0.899,0
38,328,2.994,61.96,4.835,0.605,0
38,329,2.91,63.8,4.577,0.816,0
38,330,3.047,61.8,4.801,0.606,0
38,331,3.007,65.0,4.664,0.932,0
38,332,3.196,66.99,4.699,0.998,0
38,333,3.146,64.36,4.673,0.697,0
38,334,3.179,64.5,4.446,0.717,0
38,335,3.054,67.54,4.548,0.757,0
38,336,2.944,64.72,4.582,0.928,0
38,337,3.227,62.96,4.681,0.629,0
38,338,3.137,65.83,4.432,0.801,0
38,339,3.117,65.45,4.583,0.658,0
38,340,3.21,64.96,4.629,0.673,0
38,341,2.938,63.82,4.438,0.881,0
38,342,3.178,63.22,4.447,0.764,0
38,343,3.006,65.0,4.554,0.703,0
38,344,3.002,63.19,4.511,0.671,0
38,345,3.235,66.5,4.456,0.849,0
38,346,3.462,65.66,4.743,0.914,0
38,347,3.478,66.04,4.342,0.983,0
38,348,3.545,65.38,4.498,0.872,0
38,349,3.684,67.34,4.468,0.978,0
38,350,3.286,63.69,4.359,0.611,0
38,351,3.387,65.5,4.475,0.756,0
38,352,3.71,65.18,4.589,0.632,0
38,353,3.567,64.3,4.466,0.779,0
38,354,3.686,65.23,4.33,0.729,0
38,355,3.631,65.24,4.331,0.605,0
38,356,3.469,65.08,4.496,0.605,0
38,357,3.891,68.92,4.435,0.863,0
38,358,3.736,65.95,4.351,0.741,0
38,359,3.763,66.42,4.412,0.821,0
38,360,3.885,65.48,4.524,0.695,0
38,361,3.737,67.47,4.314,0.866,0
38,362,3.921,65.82,4.457,0.87,0
38,363,4.104,65.63,4.476,0.616,0
38,364,3.863,66.94,4.29,0.785,0
39,0,2.016,61.58,5.657,0.976,0
39,1,1.684,61.71,5.582,0.904,0
39,2,1.727,61.07,5.491,0.909,0
39,3,1.831,59.99,5.615,0.806,0
39,4,1.696,61.68,5.74,0.706,0
39,5,1.885,61.65,5.613,0.744,0
39,6,1.963,59.92,5.87,0.697,0
39,7,1.704,61.56,5.527,0.903,0
39,8,1.77,61.78,5.649,0.926,0
39,9,1.523,62.0,5.654,0.983,0
39,10,1.434,62.76,5.551,0.938,0
39,11,1.411,62.4,5.466,0.726,0
39,12,1.713,57.98,5.629,0.629,0
39,13,1.437,61.15,5.775,0.88,0
39,14,1.818,62.78,5.697,0.943,0
39,15,1.554,61.14,5.62,0.828,0
39,16,1.595,61.57,5.624,0.643,0
39,17,1.832,63.33,5.496,0.935,0
39,18,1.926,62.43,5.671,0.872,0
39,19,1.836,62.58,5.598,0.91,0
39,20,1.715,60.73,5.439,0.733,0
39,21,1.809,62.92,5.548,0.975,0
39,22,1.938,61.44,5.539,0.934,0
39,23,1.8,62.14,5.528,0.895,0
39,24,2.198,62.28,5.616,0.765,0
39,25,1.934,63.05,5.57,0.944,0
39,26,1.829,62.14,5.4,0.72,0
39,27,1.771,61.52,5.526,0.75,0
39,28,1.575,60.73,5.562,0.656,0
39,29,1.904,62.48,5.451,0.719,0
39,30,1.755,61.94,5.667,0.609,0
39,31,1.912,61.14,5.732,0.737,0
39,32,1.722,61.18,5.55,0.816,0
39,33,1.771,61.32,5.589,0.793,0
39,34,1.67,62.6,5.547,0.806,0
39,35,1.754,62.99,5.642,0.798,0
39,36,1.887,62.12,5.579,0.985,0
39,37,1.881,61.33,5.554,0.705,0
39,38,1.959,60.51,5.387,0.761,0
39,39,2.26,62.22,5.693,0.984,0
39,40,1.658,61.16,5.321,0.668,0
39,41,2.18,61.25,5.437,0.829,0
39,42,1.773,63.37,5.568,0.755,0
39,43,2.0,61.11,5.554,0.873,0
39,44,1.693,62.43,5.593,0.815,0
39,45,1.688,61.77,5.631,0.76,0
39,46,2.131,63.31,5.444,0.861,0
39,47,1.949,63.3,5.412,0.988,0
39,48,1.984,59.7,5.372,0.601,0
39,49,2.296,63.28,5.446,0.873,0
39,50,2.008,60.96,5.701,0.602,0
39,51,2.063,63.33,5.513,0.99,0
39,52,2.004,62.56,5.497,0.832,0
39,53,1.879,59.48,5.442,0.658,0
39,54,2.021,60.09,5.493,0.697,0
39,55,2.142,64.33,5.487,0.79,0
39,56,1.746,63.2,5.663,0.893,0
39,57,1.924,62.95,5.374,0.78,0
39,58,2.062,61.48,5.518,0.68,0
39,59,2.105,61.88,5.347,0.806,0
39,60,2.056,61.58,5.414,0.649,0
39,61,2.061,62.71,5.338,0.917,0
39,62,1.955,60.53,5.483,0.647,0
39,63,2.047,61.77,5.491,0.682,0
39,64,1.951,60.9,5.546,0.688,0
39,65,2.423,62.13,5.488,0.735,0
39,66,1.895,61.31,5.442,0.66,0
39,67,1.983,60.62,5.567,0.695,0
39,68,1.962,61.9,5.506,0.825,0
39,69,2.067,61.13,5.437,0.626,0
39,70,2.357,62.25,5.325,0.807,0
39,71,2.307,60.5,5.459,0.658,0
39,72,1.811,63.23,5.421,0.755,0
39,73,2.446,62.27,5.243,0.658,0
39,74,1.947,63.13,5.309,0.699,0
39,75,2.36,63.76,5.313,0.707,0
39,76,1.974,61.17,5.385,0.609,0
39,77,2.42,61.09,5.53,0.609,0
39,78,2.03,62.04,5.398,0.69,0
39,79,2.12,62.42,5.475,0.984,0
39,80,2.069,63.14,5.432,0.954,0
39,81,2.261,62.73,5.385,0.99,0
39,82,2.348,63.34,5.489,0.945,0
39,83,2.467,62.72,5.444,0.969,0
39,84,2.193,62.03,5.362,0.772,0
39,85,2.321,61.31,5.317,0.648,0
39,86,2.453,61.91,5.27,0.8,0
39,87,2.419,62.45,5.406,0.739,0
39,88,2.265,62.82,5.431,0.661,0
39,89,2.108,61.82,5.359,0.715,0
39,90,2.183,63.33,5.214,0.726,0
39,91,2.564,65.49,5.431,0.864,0
39,92,2.55,64.99,5.285,0.962,0
39,93,2.314,62.56,5.454,0.81,0
39,94,2.267,63.35,5.623,0.679,0
39,95,2.268,63.83,5.303,0.998,0
39,96,2.64,63.7,5.33,0.742,0
39,97,2.25,64.63,5.342,0.884,0
39,98,2.52,62.25,5.332,0.633,0
39,99,2.42,65.64,5.496,0.915,1
39,100,1.692,63.24,5.446,0.995,0
39,101,1.743,58.6,5.566,0.788,0
39,102,1.848,63.1,5.787,0.944,0
39,103,1.757,60.38,5.765,0.723,0
39,104,1.592,60.09,5.508,0.76,0
39,105,1.358,59.26,5.563,0.679,0
39,106,1.882,61.52,5.638,0.62,0
39,107,1.854,59.27,5.726,0.738,0
39,108,1.627,61.59,5.625,0.977,0
39,109,1.731,60.17,5.663,0.889,0
39,110,1.899,61.74,5.621,0.871,0
39,111,1.407,61.17,5.753,0.893,0
39,112,1.854,60.66,5.678,0.604,0
39,113,1.83,61.54,5.698,0.761,0
39,114,1.523,59.58,5.637,0.677,0
39,115,1.835,61.09,5.524,0.711,0
39,116,1.695,60.18,5.488,0.664,0
39,117,1.913,61.01,5.753,0.676,0
39,118,2.942,62.13,5.522,0.976,0
39,119,1.528,61.43,5.523,0.994,0
39,120,1.917,60.71,5.488,0.716,0
39,121,1.474,60.05,5.394,0.636,0
39,122,1.601,61.01,5.663,0.705,0
39,123,1.818,61.81,5.534,0.972,0
39,124,1.611,61.5,5.687,0.809,0
39,125,1.647,62.79,5.702,0.914,0
39,126,1.904,60.74,5.277,0.911,0
39,127,1.755,59.77,5.55,0.803,0
39,128,1.549,60.05,5.536,0.858,0
39,129,1.572,61.73,5.497,0.943,0
39,130,1.676,65.24,5.606,0.913,0
39,131,1.531,61.06,5.537,0.686,0
39,132,1.727,60.41,5.499,0.676,0
39,133,1.76,61.16,5.469,0.876,0
39,134,1.588,59.46,5.591,0.701,0
39,135,1.581,60.41,5.516,0.661,0
39,136,1.844,61.82,5.404,0.732,0
39,137,1.523,61.34,5.607,0.62,0
39,138,1.949,62.3,5.56,0.9,0
39,139,1.761,61.94,5.422,0.854,0
39,140,1.829,62.3,5.583,0.976,0
39,141,1.734,61.42,5.672,0.766,0
39,142,1.566,62.33,5.503,0.853,0
39,143,1.842,62.79,5.458,0.93,0
39,144,1.667,60.27,5.403,0.881,0
39,145,1.544,62.55,5.573,0.905,0
39,146,1.81,62.42,5.476,0.681,0
39,147,1.91,62.82,5.511,0.705,0
39,148,1.731,61.73,5.335,0.902,0
39,149,2.015,61.83,5.508,0.807,0
39,150,1.894,61.89,5.539,0.807,0
39,151,1.987,62.3,5.406,0.816,0
39,152,1.697,62.93,5.443,0.716,0
39,153,2.017,61.67,5.645,0.743,0
39,154,1.835,64.05,5.759,0.954,0
39,155,2.009,63.07,5.43,0.775,0
39,156,1.824,64.8,5.425,0.947,0
39,157,1.84,63.0,5.513,0.711,0
39,158,1.905,63.5,5.33,0.977,0
39,159,1.92,63.44,5.711,0.839,0
39,160,1.905,63.3,5.531,0.732,0
39,161,1.845,63.41,5.425,0.926,0
39,162,2.336,64.77,5.252,0.894,0
39,163,1.814,61.65,5.418,0.656,0
39,164,2.304,64.24,5.383,0.747,0
39,165,2.004,64.37,5.37,0.814,0
39,166,2.037,63.08,5.264,0.778,0
39,167,2.102,62.42,5.234,0.833,0
39,168,2.161,63.82,5.239,0.708,0
39,169,2.265,63.57,5.427,0.993,0
39,170,2.042,61.15,5.385,0.644,0
39,171,2.248,64.99,5.371,0.613,0
39,172,2.295,63.3,5.32,0.883,0
39,173,2.355,67.09,5.29,0.964,0
39,174,2.251,65.08,5.527,0.894,0
39,175,2.424,64.06,5.29,0.6,0
39,176,2.222,64.87,5.089,0.676,0
39,177,2.561,64.77,5.431,0.754,0
39,178,2.396,62.71,5.177,0.712,0
39,179,2.319,65.27,5.402,0.843,0
39,180,2.491,66.36,5.184,0.909,0
39,181,2.434,65.97,5.317,0.64,0
39,182,2.77,64.66,5.167,0.725,0
39,183,2.804,66.06,5.204,0.849,0
39,184,2.578,65.73,5.338,0.741,0
39,185,2.741,65.54,5.246,0.713,0
39,186,2.693,64.83,4.984,0.697,0
39,187,2.789,66.74,5.12,0.623,0
39,188,2.93,64.68,5.124,0.613,0
39,189,2.655,64.68,5.234,0.834,0
39,190,2.848,67.0,5.107,0.786,0
39,191,2.847,67.59,4.957,0.771,0
39,192,2.781,68.49,5.126,0.919,0
39,193,2.993,65.83,5.066,0.636,0
39,194,2.899,67.17,5.022,0.991,0
39,195,2.889,69.21,4.98,0.982,0
39,196,3.123,66.43,5.163,0.74,0
39,197,3.145,68.56,4.93,0.849,0
39,198,3.153,66.25,4.894,0.653,0
39,199,3.507,67.36,5.073,0.764,0
39,200,3.221,71.15,4.948,0.932,0
39,201,3.333,71.46,4.686,0.934,0
39,202,3.641,67.8,5.056,0.746,0
39,203,3.633,68.97,5.148,0.695,0
39,204,3.718,68.19,4.797,0.75,0
39,205,3.857,69.75,4.858,0.727,0
39,206,3.581,70.28,4.838,0.901,0
39,207,3.629,69.28,5.006,0.646,0
39,208,3.739,69.89,4.874,0.903,0
39,209,3.857,68.56,4.919,0.708,0
39,210,4.007,67.86,4.891,0.712,0
39,211,4.03,70.01,4.953,0.739,0
39,212,3.933,72.37,4.946,0.976,0
39,213,3.835,71.17,4.827,0.841,0
39,214,4.36,69.01,4.812,0.608,1
39,215,1.812,61.76,5.555,0.992,0
39,216,1.689,60.3,5.643,0.652,0
39,217,1.531,58.83,5.596,0.888,0
39,218,1.666,62.13,5.733,0.934,0
39,219,1.787,62.15,5.507,0.752,0
39,220,1.756,62.2,5.676,0.784,0
39,221,1.658,60.85,5.516,0.729,0
39,222,1.769,61.6,5.629,0.982,0
39,223,1.906,59.7,5.589,0.714,0
39,224,1.853,61.18,5.606,0.933,0
39,225,1.463,60.66,5.685,0.894,0
39,226,1.758,60.42,5.85,0.749,0
39,227,1.58,61.57,5.697,0.989,0
39,228,1.876,59.95,5.768,0.648,0
39,229,1.706,63.14,5.603,0.988,0
39,230,1.726,61.52,5.593,0.88,0
39,231,1.704,60.51,5.58,0.839,0
39,232,1.785,63.41,5.57,0.868,0
39,233,1.465,60.83,5.526,0.653,0
39,234,1.405,61.78,5.633,0.787,0
39,235,1.737,60.29,5.673,0.682,0
39,236,1.823,62.82,5.459,0.905,0
39,237,1.504,59.88,5.577,0.756,0
39,238,1.808,61.09,5.672,0.825,0
39,239,1.78,60.19,5.526,0.876,0
39,240,1.71,61.39,5.487,0.765,0
39,241,1.905,59.47,5.635,0.708,0
39,242,1.73,59.81,5.644,0.808,0
39,243,1.976,60.38,5.502,0.769,0
39,244,1.78,60.64,5.47,0.63,0
39,245,1.998,60.27,5.675,0.683,0
39,246,1.629,63.56,5.487,0.99,0
39,247,1.691,60.46,5.426,0.605,0
39,248,1.954,62.5,5.484,0.946,0
39,249,1.668,60.57,5.446,0.806,0
39,250,1.846,61.57,5.47,0.739,0
39,251,1.579,60.22,5.461,0.615,0
39,252,1.716,62.51,5.514,0.814,0
39,253,1.946,60.9,5.606,0.629,0
39,254,1.79,59.82,5.618,0.607,0
39,255,2.09,60.25,5.473,0.635,0
39,256,1.986,64.97,5.62,0.972,0
39,257,1.639,62.8,5.52,0.991,0
39,258,1.848,62.65,5.528,0.658,0
39,259,1.842,63.11,5.342,0.926,0
39,260,1.715,63.42,5.545,0.981,0
39,261,1.891,61.06,5.49,0.656,0
39,262,1.876,61.5,5.417,0.67,0
39,263,1.898,61.65,5.444,0.618,0
39,264,1.654,62.88,5.508,0.643,0
39,265,1.924,60.13,5.466,0.644,0
39,266,1.494,62.89,5.413,0.68,0
39,267,1.811,61.22,5.483,0.776,0
39,268,2.061,61.74,5.478,0.632,0
39,269,1.948,62.3,5.591,0.702,0
39,270,2.121,62.4,5.42,0.795,0
39,271,1.935,63.16,5.421,0.957,0
39,272,1.835,64.28,5.419,0.767,0
39,273,1.848,62.74,5.363,0.772,0
39,274,1.963,64.63,5.337,0.926,0
39,275,1.976,63.51,5.248,0.922,0
39,276,2.193,62.01,5.288,0.926,0
39,277,2.036,62.63,5.281,0.917,0
39,278,2.038,62.95,5.329,0.928,0
39,279,1.995,61.53,5.316,0.758,0
39,280,2.087,65.13,5.364,0.778,0
39,281,2.226,64.48,5.322,0.897,0
39,282,2.079,62.86,5.228,0.942,0
39,283,2.198,63.44,5.355,0.626,0
39,284,1.963,61.57,5.209,0.893,0
39,285,2.25,60.66,5.304,0.616,0
39,286,2.245,63.66,5.153,0.637,0
39,287,2.038,64.03,5.275,0.786,0
39,288,2.086,62.01,5.579,0.708,0
39,289,2.344,65.45,5.374,0.955,0
39,290,2.155,65.3,5.371,0.968,0
39,291,2.209,64.65,5.337,0.708,0
39,292,2.373,64.7,5.169,0.865,0
39,293,2.506,63.47,5.198,0.731,0
39,294,2.427,62.4,5.335,0.651,0
39,295,2.261,64.4,5.291,0.729,0
39,296,2.473,63.91,5.259,0.716,0
39,297,2.46,65.18,5.285,0.757,0
39,298,2.496,66.05,5.211,0.92,0
39,299,2.555,64.63,5.315,0.617,0
39,300,2.273,66.02,5.245,0.934,0
39,301,2.864,66.45,5.247,0.742,0
39,302,2.468,67.22,5.136,0.968,0
39,303,2.39,65.3,5.263,0.866,0
39,304,2.742,66.37,5.143,0.965,0
39,305,2.807,66.95,5.127,0.854,0
39,306,3.065,67.7,5.069,0.799,0
39,307,2.587,66.51,5.218,0.958,0
39,308,2.771,64.85,5.039,0.604,0
39,309,2.826,65.9,5.124,0.684,0
39,310,3.061,66.55,5.113,0.706,0
39,311,2.961,66.7,5.168,0.836,0
39,312,3.052,66.53,5.255,0.718,0
39,313,2.708,65.92,4.837,0.654,0
39,314,2.94,68.12,4.876,0.691,0
39,315,3.141,68.33,5.2,0.911,0
39,316,3.212,69.39,4.94,0.902,0
39,317,3.335,67.36,4.973,0.867,0
39,318,3.395,67.17,5.061,0.644,0
39,319,3.14,68.01,5.111,0.625,0
39,320,3.358,68.49,5.044,0.837,0
39,321,3.453,65.75,4.904,0.618,0
39,322,3.531,68.98,4.884,0.849,0
39,323,3.492,68.41,5.27,0.674,0
39,324,3.336,68.31,5.185,0.637,0
39,325,3.451,67.34,4.976,0.692,0
39,326,3.193,68.46,5.056,0.777,0
39,327,3.58,69.5,4.711,0.905,0
39,328,3.463,69.34,5.087,0.675,0
39,329,3.739,68.59,4.894,0.666,0
39,330,3.504,68.59,4.892,0.647,0
39,331,3.912,67.64,4.839,0.661,0
39,332,3.625,69.73,4.951,0.63,0
39,333,3.935,71.25,4.903,0.935,0
39,334,3.848,70.49,4.688,0.999,0
39,335,3.935,71.56,4.859,0.869,0
39,336,3.973,70.49,4.711,0.733,0
39,337,4.243,70.0,4.944,0.776,0
39,338,4.161,68.19,4.845,0.613,0
39,339,4.252,73.05,4.835,0.997,1
39,340,1.678,59.98,5.569,0.648,0
39,341,1.773,63.13,5.578,0.999,0
39,342,1.853,59.56,5.69,0.614,0
39,343,1.827,59.95,5.744,0.779,0
39,344,1.566,61.8,5.717,0.894,0
39,345,1.728,62.0,5.545,0.994,0
39,346,1.665,58.97,5.523,0.607,0
39,347,1.867,59.83,5.642,0.779,0
39,348,2.042,61.73,5.617,0.848,0
39,349,1.767,61.59,5.781,0.76,0
39,350,1.823,60.47,5.655,0.785,0
39,351,2.228,61.23,5.555,0.983,0
39,352,1.948,61.59,5.434,0.903,0
39,353,1.855,60.73,5.712,0.974,0
39,354,1.792,62.12,5.415,0.91,0
39,355,1.857,61.84,5.579,0.948,0
39,356,1.767,59.73,5.505,0.687,0
39,357,1.673,61.16,5.511,0.873,0
39,358,1.731,60.83,5.598,0.898,0
39,359,2.135,61.5,5.448,0.614,0
39,360,1.661,61.55,5.573,0.813,0
39,361,2.027,60.51,5.619,0.686,0
39,362,1.858,60.58,5.411,0.643,0
39,363,1.853,63.06,5.786,0.882,0
39,364,1.554,60.75,5.549,0.731,0
40,0,1.967,57.92,5.059,0.759,0
40,1,1.886,61.89,5.254,0.938,0
40,2,1.933,61.3,5.02,0.908,0
40,3,1.964,60.94,5.09,0.841,0
40,4,2.127,58.72,5.209,0.685,0
40,5,2.12,60.59,5.007,0.79,0
40,6,1.879,59.6,5.191,0.681,0
40,7,1.899,61.08,5.077,0.837,0
40,8,1.719,58.68,5.041,0.657,0
40,9,1.708,60.35,5.181,0.95,0
40,10,2.027,59.79,5.354,0.894,0
40,11,1.983,57.9,4.905,0.65,0
40,12,2.116,60.93,4.954,0.841,0
40,13,2.065,60.44,5.067,0.928,0
40,14,1.901,59.09,5.055,0.828,0
40,15,1.821,59.44,5.223,0.908,0
40,16,1.988,58.65,5.147,0.721,0
40,17,2.032,58.36,5.092,0.71,0
40,18,1.89,60.73,5.12,0.945,0
40,19,2.151,58.74,4.952,0.631,0
40,20,1.995,62.24,5.085,0.955,0
40,21,1.966,60.16,5.071,0.903,0
40,22,2.104,58.04,5.199,0.609,0
40,23,2.019,59.49,5.116,0.811,0
40,24,2.081,60.18,5.126,0.825,0
40,25,1.923,59.36,5.072,0.808,0
40,26,1.927,58.37,5.012,0.949,0
40,27,2.11,60.27,5.058,0.702,0
40,28,2.079,60.05,5.016,0.642,0
40,29,1.802,60.34,5.138,0.609,0
40,30,2.114,60.35,5.123,0.741,0
40,31,2.195,63.47,4.811,0.877,0
40,32,2.014,59.57,5.108,0.654,0
40,33,1.987,58.79,5.045,0.66,0
40,34,1.821,61.52,4.95,0.965,0
40,35,2.007,57.98,5.171,0.632,0
40,36,2.154,61.69,4.996,0.843,0
40,37,2.278,60.1,5.168,0.896,0
40,38,2.179,61.34,5.062,0.982,0
40,39,1.886,60.39,5.074,0.877,0
40,40,2.328,61.47,4.954,0.807,0
40,41,1.995,60.03,4.727,0.825,0
40,42,2.266,58.5,5.028,0.69,0
40,43,2.216,62.1,4.942,0.982,0
40,44,2.01,58.93,4.879,0.621,0
40,45,1.962,59.47,5.05,0.724,0
40,46,2.327,60.55,4.863,0.839,0
40,47,2.179,59.75,5.108,0.621,0
40,48,2.041,62.66,4.928,0.907,0
40,49,1.659,59.45,4.915,0.875,0
40,50,2.083,60.42,5.084,0.677,0
40,51,2.069,62.49,4.875,0.728,0
40,52,2.015,61.34,5.137,0.738,0
40,53,2.154,60.52,4.877,0.883,0
40,54,2.104,58.88,4.883,0.665,0
40,55,1.99,61.75,4.867,0.945,0
40,56,2.37,60.44,5.062,0.894,0
40,57,1.903,60.52,5.065,0.765,0
40,58,2.027,60.02,4.867,0.712,0
40,59,1.971,61.07,4.956,0.733,0
40,60,1.943,62.7,5.091,0.899,0
40,61,2.212,62.91,5.008,0.785,0
40,62,2.225,58.7,4.811,0.601,0
40,63,2.062,60.49,5.032,0.88,0
40,64,2.096,60.73,4.995,0.718,0
40,65,2.192,61.67,5.064,0.832,0
40,66,2.392,60.88,4.837,0.846,0
40,67,2.322,61.57,4.981,0.84,0
40,68,2.408,62.74,4.986,0.9,0
40,69,1.856,60.15,4.889,0.814,0
40,70,2.332,59.97,4.877,0.776,0
40,71,2.261,62.29,4.972,0.875,0
40,72,2.398,61.38,4.925,0.783,0
40,73,2.207,60.56,4.903,0.767,0
40,74,2.305,60.74,4.983,0.69,0
40,75,2.16,61.35,4.858,0.738,0
40,76,2.405,63.23,4.939,0.96,0
40,77,2.262,61.17,5.007,0.789,0
40,78,2.085,61.61,4.818,0.907,0
40,79,2.188,61.1,4.955,0.758,0
40,80,2.331,63.92,4.863,0.897,0
40,81,2.241,62.07,4.73,0.738,0
40,82,2.302,61.5,4.85,0.718,0
40,83,2.123,62.15,5.013,0.7,0
40,84,2.4,61.52,4.789,0.629,0
40,85,2.459,61.23,4.804,0.914,0
40,86,2.252,63.14,5.052,0.689,0
40,87,2.406,63.39,4.928,0.919,0
40,88,2.41,63.82,4.836,0.954,0
40,89,2.146,64.51,5.071,0.843,0
40,90,2.326,61.37,5.067,0.743,0
40,91,2.177,61.04,4.726,0.882,0
40,92,2.672,62.28,4.919,0.89,0
40,93,2.375,62.35,4.906,0.697,0
40,94,2.645,63.48,4.849,0.878,0
40,95,2.357,62.46,4.851,0.866,0
40,96,2.325,62.91,4.938,0.839,0
40,97,2.225,63.1,4.886,0.975,0
40,98,2.473,62.84,4.867,0.75,0
40,99,2.675,63.02,4.805,0.771,0
40,100,2.788,65.35,4.793,0.703,0
40,101,2.877,65.76,4.617,0.836,0
40,102,2.512,63.37,4.699,0.829,0
40,103,3.224,62.69,4.758,0.705,0
40,104,2.714,62.76,4.864,0.847,0
40,105,2.675,63.66,4.572,0.877,0
40,106,2.843,62.29,4.882,0.936,0
40,107,2.787,64.52,4.945,0.708,0
40,108,2.51,64.08,4.797,0.699,0
40,109,2.931,64.03,4.813,0.894,0
40,110,2.516,63.33,4.852,0.828,0
40,111,2.821,65.73,4.596,0.931,0
40,112,2.92,62.52,4.618,0.688,0
40,113,2.729,64.17,4.694,0.749,0
40,114,2.749,65.52,4.607,0.927,0
40,115,2.563,64.52,4.575,0.747,0
40,116,3.107,64.19,4.686,0.773,0
40,117,2.909,64.0,4.8,0.947,0
40,118,2.817,62.96,4.586,0.651,0
40,119,2.981,63.29,4.683,0.711,0
40,120,2.973,65.59,4.632,0.829,0
40,121,2.655,65.45,4.688,0.677,0
40,122,2.864,66.46,4.697,0.995,0
40,123,3.148,64.61,4.531,0.756,0
40,124,3.113,63.57,4.55,0.736,0
40,125,3.022,62.49,4.639,0.62,0
40,126,3.181,66.64,4.787,0.939,0
40,127,3.241,64.24,4.784,0.784,0
40,128,2.935,63.23,4.813,0.752,0
40,129,2.786,64.95,4.636,0.907,0
40,130,2.974,66.0,4.471,0.984,0
40,131,3.113,66.92,4.491,0.902,0
40,132,3.18,65.02,4.573,0.82,0
40,133,3.114,65.37,4.487,0.936,0
40,134,3.049,68.08,4.6,0.876,0
40,135,3.123,65.99,4.443,0.614,0
40,136,3.127,63.94,4.605,0.805,0
40,137,3.274,66.91,4.567,0.975,0
40,138,3.326,64.57,4.684,0.718,0
40,139,3.161,64.35,4.449,0.662,0
40,140,3.383,65.99,4.555,0.667,0
40,141,3.513,68.75,4.446,0.913,0
40,142,3.345,65.6,4.617,0.89,0
40,143,3.562,67.27,4.419,0.831,0
40,144,3.548,66.9,4.57,0.795,0
40,145,3.888,67.24,4.564,0.949,0
40,146,3.487,65.42,4.519,0.622,0
40,147,3.718,69.3,4.374,0.992,0
40,148,3.736,67.22,4.564,0.95,0
40,149,3.932,67.06,4.374,0.758,0
40,150,3.744,67.46,4.635,0.945,0
40,151,3.757,69.51,4.341,0.991,0
40,152,3.7,64.36,4.338,0.646,0
40,153,3.806,70.28,4.281,0.989,0
40,154,4.104,64.59,4.475,0.632,0
40,155,4.145,67.31,4.398,0.784,0
40,156,3.996,68.39,4.535,0.747,0
40,157,3.99,67.03,4.495,0.656,0
40,158,3.881,67.85,4.58,0.909,0
40,159,4.153,68.1,4.364,0.7,0
40,160,3.935,65.69,4.454,0.729,0
40,161,3.889,67.15,4.445,0.937,0
40,162,4.134,67.26,4.429,0.625,0
40,163,4.274,68.86,4.405,0.918,0
40,164,4.184,67.93,4.324,0.678,0
40,165,4.314,68.59,4.336,0.768,0
40,166,4.336,66.39,4.282,0.646,0
40,167,4.097,66.18,4.297,0.662,0
40,168,4.152,71.04,4.232,0.98,0
40,169,4.193,69.61,4.504,0.853,0
40,170,4.533,70.91,4.36,0.986,0
40,171,4.372,71.27,4.415,0.732,0
40,172,4.318,71.03,4.291,0.942,0
40,173,4.215,70.9,4.469,0.996,0
40,174,4.285,68.77,4.324,0.601,0
40,175,4.479,68.63,4.298,0.964,1
40,176,2.004,60.46,4.944,0.847,0
40,177,2.185,60.4,5.122,0.911,0
40,178,1.895,59.86,5.117,0.988,0
40,179,1.886,57.96,5.142,0.638,0
40,180,1.867,59.72,5.134,0.994,0
40,181,1.951,61.57,4.985,0.991,0
40,182,2.099,59.06,5.201,0.922,0
40,183,2.051,59.15,5.132,0.723,0
40,184,1.979,58.0,5.18,0.834,0
40,185,2.006,60.22,5.017,0.938,0
40,186,1.861,57.88,5.225,0.731,0
40,187,1.871,60.15,5.071,0.907,0
40,188,3.368,60.22,5.014,0.914,0
40,189,1.969,59.92,5.054,0.906,0
40,190,2.096,58.38,5.103,0.83,0
40,191,1.961,60.77,5.122,0.904,0
40,192,2.193,60.81,5.175,0.651,0
40,193,1.892,58.27,5.081,0.748,0
40,194,1.799,58.55,5.105,0.908,0
40,195,1.921,61.39,5.101,0.894,0
40,196,1.85,60.46,5.157,0.868,0
40,197,2.128,57.99,5.086,0.707,0
40,198,1.9,57.2,4.999,0.703,0
40,199,1.919,59.19,5.009,0.771,0
40,200,1.913,59.75,5.044,0.807,0
40,201,1.812,58.71,4.975,0.956,0
40,202,1.862,60.64,4.909,0.914,0
40,203,1.844,57.93,5.211,0.695,0
40,204,2.088,59.86,5.061,0.64,0
40,205,1.863,58.85,5.092,0.644,0
40,206,1.976,59.9,5.147,0.942,0
40,207,2.076,60.41,5.154,0.901,0
40,208,2.0,58.55,4.989,0.626,0
40,209,1.815,60.38,5.033,0.863,0
40,210,1.943,58.52,5.021,0.762,0
40,211,1.739,59.14,5.133,0.653,0
40,212,1.837,58.03,5.131,0.643,0
40,213,1.853,60.04,4.826,0.884,0
40,214,1.877,59.46,5.232,0.613,0
40,215,2.054,59.21,4.854,0.916,0
40,216,2.042,60.52,5.07,0.822,0
40,217,1.75,60.39,5.178,0.929,0
40,218,1.866,60.34,5.169,0.931,0
40,219,1.928,60.26,5.066,0.807,0
40,220,2.299,60.45,5.093,0.933,0
40,221,1.936,59.46,5.098,0.666,0
40,222,1.881,58.11,5.12,0.623,0
40,223,1.877,61.63,5.049,0.981,0
40,224,1.978,60.24,5.154,0.942,0
40,225,2.035,58.77,5.001,0.703,0
40,226,2.051,61.65,4.992,0.96,0
40,227,1.79,58.58,5.028,0.679,0
40,228,1.653,59.64,5.129,0.943,0
40,229,1.969,59.45,5.042,0.67,0
40,230,1.814,60.23,5.112,0.789,0
40,231,1.861,59.09,5.115,0.689,0
40,232,1.848,59.81,4.92,0.744,0
40,233,1.796,60.1,4.921,0.775,0
40,234,2.021,58.47,4.954,0.921,0
40,235,2.009,60.25,5.187,0.849,0
40,236,2.024,60.41,5.013,0.778,0
40,237,2.056,60.35,4.963,0.946,0
40,238,1.924,57.94,5.057,0.837,0
40,239,1.94,58.18,5.143,0.609,0
40,240,2.011,59.34,5.034,0.744,0
40,241,1.924,60.47,5.301,0.724,0
40,242,1.822,61.9,5.013,0.918,0
40,243,1.947,60.47,4.938,0.84,0
40,244,1.901,59.68,5.143,0.89,0
40,245,2.068,60.76,5.131,0.916,0
40,246,2.181,60.47,5.129,0.681,0
40,247,2.117,60.84,5.136,0.865,0
40,248,1.829,58.73,5.092,0.78,0
40,249,2.035,58.26,5.028,0.688,0
40,250,2.195,59.67,5.083,0.811,0
40,251,1.994,60.59,5.121,0.98,0
40,252,2.262,57.73,5.018,0.713,0
40,253,2.141,58.09,4.947,0.924,0
40,254,2.206,59.71,5.213,0.647,0
40,255,2.185,59.45,4.942,0.645,0
40,256,2.158,60.01,5.029,0.878,0
40,257,2.161,60.75,4.859,0.931,0
40,258,2.094,58.86,5.268,0.805,0
40,259,2.271,62.27,5.086,0.918,0
40,260,2.201,60.0,4.986,0.727,0
40,261,1.81,59.35,4.884,0.619,0
40,262,1.942,62.51,4.972,0.865,0
40,263,1.909,60.85,4.933,0.937,0
40,264,1.931,60.52,4.991,0.643,0
40,265,1.928,62.54,5.05,0.97,0
40,266,2.008,59.61,5.065,0.932,0
40,267,2.226,61.37,5.057,0.841,0
40,268,2.136,59.82,5.055,0.777,0
40,269,2.101,60.52,4.938,0.863,0
40,270,1.969,59.44,5.032,0.64,0
40,271,2.106,59.1,4.983,0.733,0
40,272,2.136,59.89,5.03,0.655,0
40,273,1.924,59.53,4.992,0.608,0
40,274,2.213,59.89,5.155,0.717,0
40,275,2.181,60.83,5.023,0.856,0
40,276,2.07,60.79,4.967,0.677,0
40,277,2.131,59.33,4.967,0.792,0
40,278,2.053,60.04,5.217,0.719,0
40,279,2.229,59.61,4.985,0.884,0
40,280,2.064,61.48,5.086,0.926,0
40,281,1.911,62.71,4.868,0.879,0
40,282,2.023,58.5,5.003,0.612,0
40,283,2.189,62.73,5.15,0.795,0
40,284,2.04,59.61,4.932,0.647,0
40,285,1.926,59.87,4.927,0.81,0
40,286,1.924,61.75,5.152,0.876,0
40,287,1.947,60.29,5.136,0.808,0
40,288,2.087,61.01,4.985,0.718,0
40,289,2.027,59.75,4.997,0.775,0
40,290,2.208,59.62,5.213,0.706,0
40,291,1.986,61.68,5.046,0.846,0
40,292,2.048,59.29,5.007,0.748,0
40,293,2.11,58.31,5.246,0.624,0
40,294,2.311,60.8,4.948,0.869,0
40,295,2.299,61.91,4.83,0.66,0
40,296,1.969,63.69,5.129,0.97,0
40,297,2.369,60.44,4.816,0.791,0
40,298,2.226,62.54,4.999,0.925,0
40,299,2.198,60.98,5.02,0.762,0
40,300,2.125,59.53,5.226,0.664,0
40,301,2.236,61.39,4.832,0.777,0
40,302,2.152,60.86,4.94,0.74,0
40,303,2.309,60.64,4.775,0.804,0
40,304,1.932,60.19,4.861,0.638,0
40,305,2.177,61.87,4.986,0.916,0
40,306,1.936,60.01,4.989,0.656,0
40,307,2.215,61.76,4.803,0.979,0
40,308,2.178,60.09,4.924,0.641,0
40,309,2.208,62.82,4.863,0.89,0
40,310,2.217,61.64,4.793,0.686,0
40,311,2.142,60.81,5.027,0.896,0
40,312,2.284,59.4,4.943,0.708,0
40,313,1.919,59.92,4.878,0.695,0
40,314,2.22,60.54,4.913,0.704,0
40,315,2.267,61.98,4.849,0.88,0
40,316,2.287,59.28,4.906,0.664,0
40,317,2.309,60.56,4.976,0.836,0
40,318,2.217,63.35,4.765,0.965,0
40,319,2.113,59.9,5.0,0.794,0
40,320,2.162,62.94,5.042,0.876,0
40,321,2.197,63.81,4.927,0.895,0
40,322,2.369,61.45,4.881,0.636,0
40,323,2.325,60.64,4.908,0.81,0
40,324,2.071,62.51,4.998,0.893,0
40,325,2.314,61.87,4.934,0.69,0
40,326,2.37,59.16,4.766,0.704,0
40,327,2.307,61.52,4.954,0.799,0
40,328,2.387,61.65,4.911,0.618,0
40,329,2.519,64.12,4.846,0.893,0
40,330,2.416,60.18,4.744,0.671,0
40,331,2.211,63.82,4.721,0.844,0
40,332,2.23,61.99,4.893,0.823,0
40,333,2.046,59.55,4.922,0.746,0
40,334,2.154,63.44,5.041,0.961,0
40,335,2.112,62.61,4.999,0.752,0
40,336,2.368,64.0,5.077,0.939,0
40,337,2.31,63.67,4.843,0.936,0
40,338,2.096,62.4,4.874,0.806,0
40,339,2.155,63.4,4.714,0.704,0
40,340,2.473,62.65,4.859,0.842,0
40,341,2.461,59.81,4.788,0.674,0
40,342,2.647,62.87,4.863,0.611,0
40,343,2.52,62.14,4.837,0.609,0
40,344,2.577,62.71,4.723,0.764,0
40,345,2.378,62.77,4.714,0.927,0
40,346,2.684,62.41,4.806,0.834,0
40,347,2.395,62.45,4.777,0.961,0
40,348,2.606,63.21,4.693,0.939,0
40,349,2.321,61.27,4.88,0.759,0
40,350,2.616,63.74,4.814,0.75,0
40,351,2.469,62.15,4.678,0.605,0
40,352,2.451,61.39,4.787,0.761,0
40,353,2.527,64.07,4.758,0.892,0
40,354,2.7,62.59,4.764,0.91,0
40,355,2.543,64.13,4.706,0.809,0
40,356,2.711,65.37,4.895,0.98,0
40,357,2.611,64.45,4.693,0.707,0
40,358,2.55,62.4,4.789,0.793,0
40,359,2.636,62.46,4.921,0.674,0
40,360,2.684,63.18,4.784,0.774,0
40,361,2.632,63.32,4.851,0.772,0
40,362,2.596,65.89,4.749,0.792,0
40,363,2.319,61.99,4.721,0.646,0
40,364,2.899,63.55,4.64,0.666,0
41,0,2.334,60.45,5.193,0.683,0
41,1,2.151,62.96,5.048,0.826,0
41,2,2.228,59.86,5.024,0.809,0
41,3,2.343,59.25,5.085,0.611,0
41,4,2.357,59.74,5.123,0.621,0
41,5,2.219,59.58,5.172,0.762,0
41,6,2.205,58.08,5.075,0.783,0
41,7,2.192,61.81,5.122,0.746,0
41,8,2.273,59.68,5.017,0.797,0
41,9,2.431,59.2,5.051,0.698,0
41,10,2.15,59.85,5.272,0.719,0
41,11,2.343,59.85,5.254,0.613,0
41,12,2.309,58.92,5.228,0.786,0
41,13,2.555,58.92,5.069,0.76,0
41,14,2.033,59.39,5.182,0.828,0
41,15,2.031,62.01,5.158,0.904,0
41,16,2.432,60.92,5.009,0.844,0
41,17,2.192,60.01,5.252,0.876,0
41,18,2.267,60.14,4.993,0.68,0
41,19,2.361,59.79,4.766,0.932,0
41,20,2.347,58.64,5.035,0.786,0
41,21,2.34,62.18,5.102,0.918,0
41,22,2.484,61.31,4.995,0.947,0
41,23,2.207,58.58,5.097,0.637,0
41,24,2.241,61.84,4.997,0.849,0
41,25,2.366,63.59,5.112,0.962,0
41,26,2.328,59.52,4.96,0.77,0
41,27,2.042,61.29,5.016,0.864,0
41,28,2.39,60.65,4.886,0.803,0
41,29,2.344,59.11,5.088,0.713,0
41,30,2.189,61.81,4.896,0.928,0
41,31,2.335,61.83,4.888,0.882,0
41,32,2.286,61.87,5.117,0.843,0
41,33,2.291,63.5,4.969,0.809,0
41,34,2.045,60.21,5.183,0.656,0
41,35,2.517,60.81,5.042,0.908,0
41,36,2.286,61.63,4.967,0.916,0
41,37,2.115,61.13,4.77,0.674,0
41,38,2.547,60.83,5.036,0.729,0
41,39,2.158,59.07,4.923,0.689,0
41,40,2.318,62.11,4.99,0.652,0
41,41,2.412,61.8,4.945,0.711,0
41,42,2.307,62.2,5.049,0.71,0
41,43,2.24,60.72,5.166,0.701,0
41,44,2.265,59.67,5.039,0.65,0
41,45,2.461,61.92,4.904,0.706,0
41,46,2.146,61.21,4.917,0.742,0
41,47,2.189,61.23,4.929,0.913,0
41,48,2.422,60.5,5.141,0.805,0
41,49,2.429,63.01,4.85,0.779,0
41,50,2.438,63.66,5.037,0.88,0
41,51,2.531,62.98,4.938,0.819,0
41,52,2.49,61.73,4.96,0.806,0
41,53,2.295,62.8,4.871,0.981,0
41,54,2.422,60.64,5.056,0.632,0
41,55,2.193,59.89,4.746,0.683,0
41,56,2.34,62.22,5.013,0.637,0
41,57,2.213,63.87,4.957,0.95,0
41,58,2.345,63.19,5.151,0.98,0
41,59,2.401,64.35,4.871,0.959,0
41,60,2.188,66.6,4.757,0.973,0
41,61,2.361,63.36,4.898,0.985,0
41,62,2.326,63.72,5.037,0.889,0
41,63,2.6,64.1,4.916,0.962,0
41,64,2.529,62.56,4.779,0.719,0
41,65,2.521,60.52,4.982,0.704,0
41,66,2.379,63.88,5.028,0.953,0
41,67,2.474,62.35,5.124,0.716,0
41,68,2.503,60.74,4.765,0.624,0
41,69,2.642,64.09,4.86,0.914,0
41,70,2.39,64.48,5.031,0.873,0
41,71,2.595,62.04,4.831,0.705,0
41,72,2.579,63.62,5.014,0.915,0
41,73,2.499,62.42,4.762,0.856,0
41,74,2.779,63.11,4.873,0.756,0
41,75,2.567,62.53,4.661,0.758,0
41,76,2.761,63.15,5.006,0.722,0
41,77,2.589,64.67,4.828,0.861,0
41,78,2.36,61.59,4.789,0.736,0
41,79,2.7,64.1,4.702,0.881,0
41,80,2.64,62.1,4.881,0.802,0
41,81,2.579,65.17,4.876,0.935,0
41,82,3.042,63.38,4.949,0.847,0
41,83,2.896,62.62,4.92,0.766,0
41,84,2.687,64.84,4.873,0.927,0
41,85,2.65,63.31,4.78,0.625,0
41,86,2.753,62.84,4.884,0.828,0
41,87,2.478,64.47,4.8,0.906,0
41,88,2.8,64.78,4.828,0.657,0
41,89,2.875,65.28,4.804,0.903,0
41,90,2.846,64.88,4.836,0.85,0
41,91,2.785,62.12,4.874,0.697,0
41,92,3.008,63.68,4.793,0.766,0
41,93,2.93,64.55,4.843,0.997,0
41,94,2.602,66.96,4.587,0.967,0
41,95,2.768,63.94,4.674,0.655,0
41,96,2.892,63.21,4.792,0.882,0
41,97,2.947,64.06,4.796,0.896,0
41,98,3.142,64.41,4.657,0.805,0
41,99,3.106,65.34,4.74,0.85,0
41,100,3.007,61.68,4.74,0.652,0
41,101,2.928,63.04,4.638,0.737,0
41,102,3.108,65.24,4.753,0.788,0
41,103,3.144,63.59,4.767,0.682,0
41,104,3.065,64.5,4.732,0.674,0
41,105,3.622,64.24,4.566,0.728,0
41,106,3.3,65.56,4.699,0.76,0
41,107,3.127,66.6,4.549,0.967,0
41,108,3.325,66.44,4.627,0.879,0
41,109,3.216,65.54,4.755,0.793,0
41,110,2.969,65.17,4.761,0.886,0
41,111,3.165,65.75,4.733,0.931,0
41,112,3.341,68.18,4.645,0.94,0
41,113,3.108,64.9,4.582,0.862,0
41,114,3.207,65.41,4.654,0.66,0
41,115,3.189,65.56,4.792,0.909,0
41,116,3.173,68.54,4.62,0.968,0
41,117,3.665,66.86,4.522,0.841,0
41,118,3.663,66.07,4.512,0.982,0
41,119,3.334,65.31,4.651,0.79,0
41,120,3.778,66.07,4.564,0.927,0
41,121,3.452,68.28,4.634,0.814,0
41,122,3.41,68.41,4.648,0.987,0
41,123,3.43,66.2,4.587,0.645,0
41,124,3.019,67.64,4.642,0.829,0
41,125,3.471,67.37,4.55,0.908,0
41,126,3.416,65.79,4.579,0.77,0
41,127,3.896,66.13,4.531,0.896,0
41,128,3.571,66.15,4.581,0.709,0
41,129,3.727,66.22,4.58,0.834,0
41,130,3.549,68.68,4.395,0.965,0
41,131,4.022,66.95,4.436,0.963,0
41,132,3.72,67.83,4.424,0.711,0
41,133,3.842,68.54,4.492,0.89,0
41,134,3.956,68.75,4.4,0.9,0
41,135,3.706,69.34,4.579,0.849,0
41,136,4.005,68.94,4.445,0.776,0
41,137,4.097,66.56,4.394,0.898,0
41,138,4.024,67.39,4.366,0.619,0
41,139,4.08,69.6,4.514,0.94,0
41,140,4.066,69.27,4.3,0.775,0
41,141,3.761,68.14,4.311,0.826,0
41,142,3.919,69.07,4.394,0.779,0
41,143,4.025,69.01,4.414,0.645,0
41,144,4.057,67.82,4.413,0.877,0
41,145,4.302,67.44,4.162,0.699,0
41,146,4.408,68.04,4.268,0.655,0
41,147,4.323,68.69,4.536,0.75,0
41,148,4.562,66.9,4.161,0.705,0
41,149,4.331,69.14,4.59,0.967,0
41,150,4.268,70.51,4.506,0.953,0
41,151,4.654,70.6,4.211,0.78,0
41,152,4.58,68.83,4.546,0.879,0
41,153,4.525,69.08,4.322,0.708,0
41,154,4.586,72.56,4.341,0.938,0
41,155,4.672,71.06,4.229,0.97,0
41,156,4.467,70.63,4.329,0.879,0
41,157,4.675,69.82,4.264,0.623,1
41,158,2.465,58.68,4.971,0.802,0
41,159,1.768,59.32,5.079,0.859,0
41,160,2.113,59.38,5.128,0.829,0
41,161,2.396,59.8,5.027,0.934,0
41,162,2.443,59.74,5.125,0.792,0
41,163,2.059,60.76,5.032,0.833,0
41,164,2.215,57.93,5.196,0.65,0
41,165,2.517,58.08,5.223,0.61,0
41,166,2.117,58.66,5.055,0.649,0
41,167,2.204,61.11,5.021,0.945,0
41,168,2.504,59.38,5.216,0.842,0
41,169,2.199,61.62,5.13,0.969,0
41,170,2.133,61.35,4.889,0.855,0
41,171,2.36,60.73,5.119,0.805,0
41,172,2.296,60.58,5.155,0.724,0
41,173,2.278,61.16,5.021,0.777,0
41,174,2.41,58.64,5.212,0.817,0
41,175,2.189,59.09,5.134,0.738,0
41,176,2.164,61.17,5.113,0.897,0
41,177,2.159,58.01,5.03,0.626,0
41,178,2.283,60.41,5.159,0.997,0
41,179,2.264,59.3,5.086,0.718,0
41,180,2.22,59.58,5.062,0.657,0
41,181,2.225,60.03,5.123,0.768,0
41,182,2.221,60.27,4.966,0.829,0
41,183,2.308,59.82,5.066,0.801,0
41,184,2.172,63.4,5.014,0.986,0
41,185,2.142,58.61,5.017,0.605,0
41,186,2.207,60.52,5.048,0.637,0
41,187,2.281,59.6,5.267,0.766,0
41,188,2.163,58.82,5.053,0.869,0
41,189,2.609,61.02,4.847,0.924,0
41,190,2.526,61.3,5.214,0.893,0
41,191,1.905,59.56,4.968,0.773,0
41,192,2.269,60.82,5.217,0.619,0
41,193,2.33,58.14,4.875,0.605,0
41,194,2.438,59.63,5.096,0.832,0
41,195,2.291,59.54,4.947,0.713,0
41,196,2.168,59.83,4.99,0.76,0
41,197,2.376,59.46,5.049,0.64,0
41,198,2.298,62.6,5.177,0.887,0
41,199,2.386,61.51,5.037,0.84,0
41,200,2.425,61.45,4.806,0.875,0
41,201,2.424,60.45,5.038,0.804,0
41,202,2.323,59.88,5.044,0.694,0
41,203,2.534,61.88,4.958,0.79,0
41,204,2.404,59.03,4.707,0.719,0
41,205,2.169,61.43,4.964,0.996,0
41,206,2.417,60.77,5.101,0.866,0
41,207,2.242,63.43,5.042,0.919,0
41,208,2.179,61.26,4.966,0.799,0
41,209,2.262,60.08,4.966,0.629,0
41,210,2.369,62.21,4.906,0.808,0
41,211,2.453,60.23,4.975,0.692,0
41,212,2.196,62.14,4.891,0.82,0
41,213,2.358,62.43,4.979,0.981,0
41,214,2.329,60.75,4.907,0.635,0
41,215,2.06,61.93,4.918,0.787,0
41,216,2.361,61.93,5.026,0.874,0
41,217,2.341,61.07,5.154,0.645,0
41,218,2.483,62.89,4.891,0.861,0
41,219,2.252,62.83,4.987,0.864,0
41,220,2.471,60.08,4.902,0.757,0
41,221,2.432,62.37,4.81,0.823,0
41,222,2.538,59.64,4.79,0.625,0
41,223,2.419,61.83,4.991,0.776,0
41,224,2.47,64.49,4.759,0.891,0
41,225,2.59,63.34,4.886,0.934,0
41,226,2.41,60.54,4.955,0.943,0
41,227,2.665,63.04,4.915,0.789,0
41,228,2.668,61.46,4.951,0.847,0
41,229,2.57,63.4,4.89,0.801,0
41,230,2.454,63.07,5.023,0.953,0
41,231,2.441,63.22,4.886,0.779,0
41,232,2.543,62.16,4.928,0.678,0
41,233,2.497,63.97,4.992,0.954,0
41,234,2.47,64.83,4.659,0.99,0
41,235,2.528,63.11,4.787,0.676,0
41,236,2.86,63.14,4.751,0.75,0
41,237,2.735,62.32,4.849,0.609,0
41,238,2.562,61.44,4.815,0.751,0
41,239,2.872,62.71,4.76,0.76,0
41,240,2.795,64.45,4.737,0.67,0
41,241,2.642,64.17,4.653,0.781,0
41,242,2.742,65.08,4.701,0.909,0
41,243,3.085,66.11,4.731,0.945,0
41,244,2.915,62.71,4.753,0.708,0
41,245,2.864,64.41,4.887,0.693,0
41,246,2.731,66.93,4.68,0.899,0
41,247,2.912,62.23,4.875,0.826,0
41,248,2.935,63.17,4.538,0.711,0
41,249,3.083,64.16,4.718,0.784,0
41,250,3.327,65.44,4.748,0.952,0
41,251,3.251,64.63,4.604,0.732,0
41,252,3.01,64.86,4.585,0.719,0
41,253,3.095,66.54,4.535,0.833,0
41,254,3.408,65.22,4.656,0.884,0
41,255,3.48,68.2,4.737,0.952,0
41,256,3.445,64.96,4.484,0.685,0
41,257,3.163,68.03,4.767,0.892,0
41,258,3.023,67.81,4.548,0.913,0
41,259,3.458,67.28,4.591,0.831,0
41,260,3.587,65.77,4.382,0.902,0
41,261,3.428,65.57,4.478,0.81,0
41,262,3.544,65.29,4.584,0.706,0
41,263,3.548,66.31,4.675,0.777,0
41,264,3.652,66.2,4.56,0.793,0
41,265,3.446,67.65,4.526,0.621,0
41,266,3.808,67.11,4.383,0.846,0
41,267,3.902,67.31,4.548,0.825,0
41,268,3.675,67.13,4.598,0.974,0
41,269,3.832,68.44,4.627,0.972,0
41,270,3.852,67.34,4.632,0.877,0
41,271,4.002,66.91,4.373,0.78,0
41,272,4.149,67.95,4.547,0.751,0
41,273,4.056,69.47,4.262,0.944,0
41,274,4.277,66.12,4.433,0.691,0
41,275,4.05,66.7,4.685,0.622,0
41,276,3.836,68.3,4.216,0.723,0
41,277,6.478,68.42,4.376,0.901,0
41,278,4.169,70.0,4.281,0.9,0
41,279,4.237,66.74,4.357,0.613,0
41,280,4.518,69.61,4.23,0.617,0
41,281,4.503,70.62,4.321,0.927,0
41,282,4.648,68.25,4.265,0.936,0
41,283,4.66,69.08,4.481,0.606,0
41,284,4.731,68.81,4.237,0.653,0
41,285,4.637,69.42,4.297,0.855,1
41,286,2.054,60.46,5.243,0.966,0
41,287,2.214,59.09,5.289,0.863,0
41,288,2.253,60.92,5.098,0.627,0
41,289,1.994,59.22,5.144,0.935,0
41,290,2.069,59.5,5.001,0.66,0
41,291,4.192,62.56,5.06,0.799,0
41,292,2.154,57.27,5.046,0.719,0
41,293,2.056,59.72,5.087,0.619,0
41,294,2.043,60.01,5.076,0.824,0
41,295,2.374,58.88,5.01,0.778,0
41,296,2.343,59.98,5.092,0.623,0
41,297,2.105,57.58,5.158,0.699,0
41,298,2.153,60.0,5.211,0.997,0
41,299,2.047,58.49,4.931,0.694,0
41,300,2.15,60.15,5.008,0.868,0
41,301,2.035,59.76,5.041,0.832,0
41,302,2.422,60.06,5.13,0.834,0
41,303,2.179,61.17,5.064,0.734,0
41,304,2.267,59.45,5.077,0.855,0
41,305,2.214,58.78,5.264,0.687,0
41,306,2.196,59.0,5.261,0.632,0
41,307,2.418,60.66,5.186,0.848,0
41,308,2.173,58.64,5.179,0.702,0
41,309,2.225,59.97,5.006,0.817,0
41,310,2.366,58.86,5.376,0.728,0
41,311,2.162,59.57,5.091,0.771,0
41,312,2.14,61.25,4.986,0.838,0
41,313,4.659,60.28,5.056,0.792,0
41,314,2.0,59.94,5.109,0.656,0
41,315,2.329,61.85,5.021,0.613,0
41,316,2.251,60.09,5.152,0.766,0
41,317,2.005,62.87,5.13,0.961,0
41,318,2.243,60.81,5.051,0.814,0
41,319,2.267,61.02,5.054,0.832,0
41,320,1.993,60.06,4.996,0.862,0
41,321,2.19,60.79,4.82,0.748,0
41,322,2.315,61.45,5.091,0.841,0
41,323,2.634,58.36,5.094,0.605,0
41,324,2.409,59.63,4.994,0.635,0
41,325,2.322,58.77,5.084,0.75,0
41,326,2.435,61.17,5.042,0.898,0
41,327,3.376,60.71,5.124,0.625,0
41,328,2.406,61.25,4.988,0.842,0
41,329,2.213,60.82,5.083,0.636,0
41,330,2.302,61.02,5.044,0.658,0
41,331,2.251,59.25,4.939,0.676,0
41,332,2.101,58.18,5.019,0.736,0
41,333,2.222,59.17,4.969,0.613,0
41,334,2.322,60.66,4.989,0.843,0
41,335,2.304,59.77,4.875,0.672,0
41,336,2.331,60.96,4.861,0.885,0
41,337,2.235,62.16,4.977,0.73,0
41,338,2.408,61.41,5.094,0.843,0
41,339,2.263,59.75,4.923,0.617,0
41,340,2.35,61.75,4.979,0.637,0
41,341,2.254,62.73,4.983,0.935,0
41,342,2.683,64.14,4.922,0.94,0
41,343,2.337,59.69,4.948,0.71,0
41,344,2.654,61.55,5.065,0.663,0
41,345,2.404,62.01,4.838,0.806,0
41,346,2.507,63.76,5.016,0.736,0
41,347,2.398,63.32,4.863,0.698,0
41,348,2.659,65.54,5.015,0.854,0
41,349,2.35,63.1,4.979,0.776,0
41,350,2.734,62.36,4.792,0.665,0
41,351,2.559,62.05,5.042,0.695,0
41,352,2.675,62.46,4.827,0.653,0
41,353,2.75,64.4,4.851,0.752,0
41,354,2.766,64.88,4.83,0.908,0
41,355,2.793,63.49,4.726,0.707,0
41,356,2.743,64.82,4.825,0.919,0
41,357,2.793,65.84,4.774,0.812,0
41,358,2.637,64.18,4.798,0.792,0
41,359,2.5,65.66,4.906,0.967,0
41,360,2.601,64.39,4.978,0.831,0
41,361,2.765,65.05,4.763,0.878,0
41,362,2.909,63.67,4.903,0.757,0
41,363,3.055,63.85,4.713,0.747,0
41,364,3.04,65.14,4.706,0.932,0
42,0,2.209,62.66,4.465,0.649,0
42,1,2.302,61.81,4.49,0.903,0
42,2,2.217,62.76,4.621,0.974,0
42,3,2.205,62.12,4.525,0.655,0
42,4,2.405,62.68,4.517,0.702,0
42,5,2.092,61.22,4.417,0.818,0
42,6,2.133,61.95,4.632,0.757,0
42,7,2.198,63.04,4.638,0.779,0
42,8,2.364,62.23,4.482,0.943,0
42,9,2.347,61.53,4.564,0.757,0
42,10,2.277,63.26,4.554,0.902,0
42,11,2.149,63.1,4.75,0.984,0
42,12,2.481,62.61,4.754,0.988,0
42,13,2.571,63.91,4.458,0.918,0
42,14,2.576,65.2,4.513,0.99,0
42,15,2.289,63.56,4.814,0.717,0
42,16,2.534,62.57,4.555,0.73,0
42,17,2.152,60.89,4.634,0.609,0
42,18,2.545,63.06,4.488,0.632,0
42,19,2.444,65.46,4.591,0.972,0
42,20,2.307,60.3,4.414,0.668,0
42,21,2.482,64.93,4.405,0.868,0
42,22,2.431,64.69,4.421,0.945,0
42,23,2.054,63.76,4.599,0.77,0
42,24,2.356,64.47,4.484,0.797,0
42,25,2.421,61.98,4.436,0.74,0
42,26,2.563,64.56,4.649,0.906,0
42,27,2.49,60.28,4.49,0.783,0
42,28,2.356,61.97,4.556,0.624,0
42,29,2.426,59.98,4.416,0.63,0
42,30,2.41,63.3,4.367,0.729,0
42,31,2.421,62.13,4.58,0.721,0
42,32,2.743,62.6,4.449,0.755,0
42,33,2.518,65.83,4.607,0.931,0
42,34,2.424,64.46,4.414,0.664,0
42,35,2.517,62.44,4.501,0.689,0
42,36,2.584,63.16,4.418,0.88,0
42,37,2.707,66.76,4.413,0.94,0
42,38,2.749,62.7,4.552,0.613,0
42,39,2.396,64.94,4.557,0.963,0
42,40,2.392,64.94,4.47,0.97,0
42,41,2.757,63.38,4.68,0.863,0
42,42,2.934,62.39,4.474,0.642,0
42,43,2.643,63.48,4.47,0.625,0
42,44,2.712,64.07,4.46,0.998,0
42,45,2.476,64.27,4.527,0.796,0
42,46,2.304,62.96,4.352,0.712,0
42,47,2.509,64.77,4.635,0.797,0
42,48,2.894,64.29,4.365,0.896,0
42,49,2.719,66.88,4.484,0.785,0
42,50,2.6,64.28,4.405,0.623,0
42,51,2.465,64.72,4.542,0.875,0
42,52,2.748,64.77,4.422,0.865,0
42,53,2.727,64.14,4.388,0.844,0
42,54,2.861,63.51,4.39,0.639,0
42,55,2.645,65.79,4.412,0.968,0
42,56,2.604,63.74,4.438,0.682,0
42,57,2.59,65.61,4.283,0.732,0
42,58,2.805,66.3,4.55,0.927,0
42,59,2.857,63.6,4.544,0.889,0
42,60,2.847,64.67,4.427,0.848,0
42,61,2.754,64.67,4.212,0.779,0
42,62,2.943,66.31,4.443,0.932,0
42,63,2.638,64.54,4.465,0.681,0
42,64,2.978,65.92,4.333,0.855,0
42,65,2.683,63.9,4.477,0.753,0
42,66,2.755,66.44,4.415,0.852,0
42,67,2.817,64.66,4.428,0.609,0
42,68,2.934,65.63,4.284,0.756,0
42,69,3.17,62.99,4.278,0.662,0
42,70,2.936,65.63,4.488,0.839,0
42,71,3.08,65.56,4.328,0.818,0
42,72,2.791,65.86,4.265,0.672,0
42,73,2.837,65.73,4.364,0.878,0
42,74,3.138,67.43,4.312,0.994,0
42,75,2.967,65.26,4.443,0.611,0
42,76,3.078,66.68,4.321,0.794,0
42,77,3.429,67.2,4.248,0.836,0
42,78,3.123,64.37,4.528,0.789,0
42,79,3.095,65.07,4.357,0.61,0
42,80,3.047,64.23,4.151,0.661,0
42,81,2.928,64.95,4.399,0.993,0
42,82,2.976,67.93,4.357,0.895,0
42,83,3.423,66.36,4.323,0.816,0
42,84,3.106,68.47,4.607,0.993,0
42,85,3.17,67.6,4.39,0.819,0
42,86,3.126,66.57,4.294,0.765,0
42,87,3.14,65.52,4.258,0.633,0
42,88,3.181,65.29,4.315,0.653,0
42,89,3.679,66.09,4.162,0.696,0
42,90,3.393,66.96,4.461,0.825,0
42,91,3.404,68.4,4.323,0.981,0
42,92,3.623,65.12,4.248,0.651,0
42,93,3.555,68.42,4.141,0.874,0
42,94,4.057,68.9,4.088,0.976,0
42,95,6.138,66.46,4.213,0.61,0
42,96,3.443,68.72,4.259,0.963,0
42,97,3.843,68.16,4.362,0.898,0
42,98,3.592,66.58,3.997,0.728,0
42,99,3.47,67.86,3.873,0.958,0
42,100,3.666,68.68,4.211,0.88,0
42,101,3.595,66.89,4.403,0.866,0
42,102,3.635,65.7,4.229,0.632,0
42,103,3.765,67.48,4.221,0.821,0
42,104,3.277,69.07,4.354,0.858,0
42,105,3.85,66.39,4.22,0.619,0
42,106,3.704,66.59,4.295,0.678,0
42,107,3.578,67.39,4.148,0.85,0
42,108,3.76,66.6,4.176,0.81,0
42,109,3.456,65.78,4.072,0.714,0
42,110,3.464,67.25,4.055,0.688,0
42,111,3.927,71.03,4.318,0.999,0
42,112,3.964,68.52,4.074,0.846,0
42,113,4.039,68.07,4.204,0.825,0
42,114,3.84,69.33,4.11,0.859,0
42,115,3.941,66.88,3.965,0.61,0
42,116,4.114,69.64,3.903,0.809,0
42,117,3.9,67.72,3.964,0.654,0
42,118,3.794,68.16,4.072,0.769,0
42,119,4.101,68.8,4.178,0.86,0
42,120,3.82,69.75,4.068,0.959,0
42,121,4.021,69.65,3.98,0.887,0
42,122,4.206,67.48,3.907,0.612,0
42,123,4.066,67.71,4.098,0.892,0
42,124,4.221,70.01,4.117,0.912,0
42,125,3.969,68.52,4.093,0.611,0
42,126,4.316,68.54,4.134,0.905,0
42,127,4.304,69.02,4.107,0.951,0
42,128,4.396,67.92,4.057,0.687,0
42,129,4.394,68.56,3.891,0.749,0
42,130,4.46,66.87,3.918,0.656,0
42,131,4.312,69.39,3.971,0.679,0
42,132,3.963,69.36,3.927,0.963,1
42,133,1.842,57.88,4.755,0.726,0
42,134,1.735,59.19,4.793,0.729,0
42,135,1.95,59.77,4.665,0.718,0
42,136,1.834,60.1,4.936,0.924,0
42,137,1.784,58.41,4.809,0.702,0
42,138,1.875,60.52,4.941,0.769,0
42,139,1.829,60.72,4.866,0.754,0
42,140,1.782,59.66,4.766,0.846,0
42,141,1.815,61.23,4.86,0.761,0
42,142,1.82,58.95,4.614,0.604,0
42,143,1.801,58.83,4.89,0.636,0
42,144,1.741,59.94,4.698,0.91,0
42,145,1.971,58.08,4.648,0.832,0
42,146,1.806,61.36,4.913,0.784,0
42,147,2.096,58.68,4.92,0.73,0
42,148,1.987,58.4,4.79,0.721,0
42,149,1.829,61.68,4.741,0.99,0
42,150,1.767,61.35,4.933,0.925,0
42,151,1.6,61.18,4.677,0.909,0
42,152,1.681,60.37,4.833,0.788,0
42,153,2.067,58.34,4.701,0.893,0
42,154,1.826,57.43,4.925,0.752,0
42,155,1.855,58.39,4.754,0.782,0
42,156,1.908,59.48,4.667,0.936,0
42,157,1.811,58.46,4.768,0.626,0
42,158,1.94,58.81,4.901,0.741,0
42,159,2.195,57.88,4.655,0.728,0
42,160,1.738,59.18,4.713,0.721,0
42,161,1.755,59.33,4.809,0.881,0
42,162,1.719,59.65,4.882,0.874,0
42,163,1.91,59.49,4.911,0.941,0
42,164,1.827,60.45,4.858,0.966,0
42,165,1.879,60.35,4.811,0.928,0
42,166,1.905,59.13,4.943,0.707,0
42,167,1.849,57.21,4.962,0.605,0
42,168,2.155,58.93,4.914,0.728,0
42,169,1.839,57.8,4.677,0.628,0
42,170,1.705,60.77,4.991,0.723,0
42,171,1.658,57.78,4.837,0.601,0
42,172,1.931,61.88,4.787,0.799,0
42,173,1.848,60.33,4.836,0.94,0
42,174,1.773,59.58,4.783,0.807,0
42,175,1.607,59.19,4.8,0.883,0
42,176,1.705,59.53,4.603,0.895,0
42,177,2.067,57.31,5.012,0.732,0
42,178,1.817,61.71,4.974,0.941,0
42,179,1.809,60.29,4.678,0.811,0
42,180,1.69,60.25,4.888,0.692,0
42,181,1.767,59.25,4.793,0.792,0
42,182,2.029,59.56,4.633,0.648,0
42,183,1.683,59.94,4.636,0.773,0
42,184,1.867,60.19,4.716,0.905,0
42,185,1.89,59.82,4.922,0.758,0
42,186,1.794,58.29,4.66,0.662,0
42,187,1.825,60.91,4.973,0.904,0
42,188,1.822,59.05,4.744,0.75,0
42,189,1.931,59.11,4.885,0.707,0
42,190,2.032,57.68,4.679,0.632,0
42,191,1.717,59.35,4.713,0.709,0
42,192,1.955,58.69,4.653,0.686,0
42,193,2.213,60.37,4.992,0.843,0
42,194,1.775,61.51,4.809,0.824,0
42,195,1.901,57.8,4.918,0.602,0
42,196,1.724,59.1,4.843,0.875,0
42,197,1.775,60.24,4.678,0.914,0
42,198,1.889,57.28,4.868,0.671,0
42,199,1.671,62.54,4.629,0.978,0
42,200,1.651,62.15,4.734,0.957,0
42,201,1.897,62.26,4.65,0.986,0
42,202,1.885,62.35,4.723,0.859,0
42,203,2.105,60.79,4.774,0.968,0
42,204,1.897,60.43,4.881,0.651,0
42,205,1.894,59.75,4.756,0.875,0
42,206,2.049,60.53,4.756,0.762,0
42,207,1.693,61.51,4.744,0.7,0
42,208,1.959,61.99,4.812,0.93,0
42,209,1.762,60.2,4.867,0.745,0
42,210,1.899,59.17,4.752,0.611,0
42,211,1.896,58.69,4.797,0.629,0
42,212,1.909,61.84,4.748,0.933,0
42,213,1.756,61.01,4.768,0.947,0
42,214,2.111,61.37,4.714,0.892,0
42,215,1.704,60.69,4.861,0.854,0
42,216,1.824,62.45,4.627,0.987,0
42,217,2.068,61.37,4.721,0.976,0
42,218,1.848,61.83,4.929,0.786,0
42,219,1.992,62.48,4.663,0.812,0
42,220,2.108,62.64,4.495,0.952,0
42,221,1.918,59.99,4.882,0.797,0
42,222,2.078,61.75,4.864,0.698,0
42,223,1.866,62.18,4.816,0.886,0
42,224,2.058,61.01,4.702,0.958,0
42,225,1.979,62.0,4.852,0.826,0
42,226,1.956,59.06,4.781,0.6,0
42,227,2.169,60.66,4.604,0.794,0
42,228,2.159,60.51,4.788,0.749,0
42,229,2.014,63.91,4.612,0.955,0
42,230,2.19,62.26,4.779,0.917,0
42,231,1.676,63.53,4.774,0.992,0
42,232,2.153,61.64,4.536,0.619,0
42,233,1.958,61.75,4.552,0.752,0
42,234,2.176,62.27,4.812,0.785,0
42,235,1.918,59.43,4.714,0.815,0
42,236,2.028,60.76,4.76,0.763,0
42,237,2.185,61.25,4.897,0.786,0
42,238,1.989,61.2,4.67,0.814,0
42,239,1.966,60.32,4.526,0.792,0
42,240,2.017,61.98,4.663,0.758,0
42,241,2.078,62.15,4.847,0.934,0
42,242,2.115,60.99,4.713,0.967,0
42,243,2.04,62.95,4.631,0.995,0
42,244,2.144,62.9,4.633,0.985,0
42,245,2.006,62.09,4.676,0.654,0
42,246,2.018,60.69,4.638,0.609,0
42,247,2.095,62.03,4.638,0.747,0
42,248,2.388,62.63,4.708,0.82,0
42,249,2.193,63.59,4.636,0.934,0
42,250,1.923,61.67,4.627,0.831,0
42,251,2.04,63.01,4.517,0.885,0
42,252,2.205,62.84,4.663,0.868,0
42,253,2.493,62.04,4.681,0.836,0
42,254,1.84,62.76,4.671,0.844,0
42,255,2.077,62.67,4.555,0.715,0
42,256,2.109,63.36,4.563,0.924,0
42,257,2.122,62.21,4.624,0.861,0
42,258,2.364,61.18,4.588,0.866,0
42,259,2.081,62.97,4.538,0.881,0
42,260,2.257,60.19,4.665,0.601,0
42,261,2.057,63.21,4.827,0.766,0
42,262,2.559,64.38,4.63,0.739,0
42,263,2.41,62.11,4.591,0.698,0
42,264,2.449,61.52,4.431,0.624,0
42,265,2.359,60.81,4.557,0.784,0
42,266,1.97,61.7,4.554,0.929,0
42,267,2.38,63.96,4.6,0.816,0
42,268,2.293,62.99,4.534,0.905,0
42,269,1.983,62.9,4.556,0.743,0
42,270,2.458,61.99,4.527,0.948,0
42,271,2.737,62.24,4.529,0.729,0
42,272,2.415,62.51,4.616,0.722,0
42,273,2.433,61.29,4.613,0.627,0
42,274,2.335,62.07,4.635,0.664,0
42,275,2.346,64.22,4.602,0.986,0
42,276,2.475,64.21,4.671,0.991,0
42,277,2.318,62.68,4.433,0.876,0
42,278,2.272,64.03,4.556,0.846,0
42,279,2.384,63.29,4.606,0.665,0
42,280,2.373,61.78,4.449,0.607,0
42,281,2.308,61.68,4.565,0.756,0
42,282,2.234,64.2,4.618,0.742,0
42,283,2.32,61.31,4.475,0.629,0
42,284,2.399,63.05,4.373,0.755,0
42,285,2.385,64.01,4.515,0.96,0
42,286,2.389,64.07,4.412,0.663,0
42,287,2.639,63.65,4.484,0.806,0
42,288,2.335,64.89,4.66,0.98,0
42,289,2.542,61.84,4.481,0.621,0
42,290,2.206,63.09,4.476,0.876,0
42,291,2.062,62.92,4.392,0.773,0
42,292,2.385,64.22,4.576,0.895,0
42,293,2.475,62.56,4.455,0.66,0
42,294,2.491,62.26,4.466,0.676,0
42,295,2.617,62.78,4.396,0.74,0
42,296,2.631,63.16,4.501,0.665,0
42,297,2.416,63.98,4.517,0.757,0
42,298,2.47,64.79,4.469,0.72,0
42,299,2.632,64.03,4.433,0.751,0
42,300,2.841,63.27,4.562,0.709,0
42,301,2.749,62.07,4.35,0.644,0
42,302,2.368,63.59,4.42,0.977,0
42,303,2.831,64.81,4.411,0.878,0
42,304,2.693,63.89,4.526,0.834,0
42,305,2.498,65.63,4.619,0.88,0
42,306,2.792,63.22,4.39,0.85,0
42,307,2.774,64.1,4.274,0.709,0
42,308,2.785,64.32,4.291,0.653,0
42,309,2.661,64.62,4.586,0.683,0
42,310,2.828,65.08,4.342,0.974,0
42,311,2.83,63.88,4.408,0.658,0
42,312,2.903,65.09,4.418,0.833,0
42,313,2.828,63.27,4.262,0.642,0
42,314,2.888,64.95,4.363,0.795,0
42,315,2.916,63.74,4.526,0.918,0
42,316,2.945,65.32,4.557,0.636,0
42,317,2.65,65.24,4.16,0.755,0
42,318,2.893,66.72,4.321,0.923,0
42,319,3.259,65.72,4.263,0.809,0
42,320,3.064,67.14,4.359,0.926,0
42,321,2.941,65.16,4.546,0.766,0
42,322,3.0,64.96,4.443,0.871,0
42,323,2.961,64.12,4.317,0.845,0
42,324,2.915,65.93,4.298,0.766,0
42,325,2.986,62.91,4.319,0.777,0
42,326,2.953,66.17,4.283,0.667,0
42,327,3.206,62.26,4.324,0.606,0
42,328,3.203,65.01,4.38,0.693,0
42,329,3.3,62.55,4.541,0.654,0
42,330,3.19,62.38,4.31,0.612,0
42,331,2.845,66.47,4.232,0.821,0
42,332,3.427,66.13,4.324,0.901,0
42,333,3.102,65.36,4.345,0.714,0
42,334,3.285,67.32,4.413,0.989,0
42,335,3.051,64.83,4.386,0.801,0
42,336,3.059,66.75,4.302,0.733,0
42,337,3.126,66.29,4.086,0.707,0
42,338,3.307,66.35,4.261,0.893,0
42,339,3.076,67.93,4.17,0.769,0
42,340,3.225,65.1,4.261,0.783,0
42,341,3.15,68.37,4.125,0.818,0
42,342,3.149,66.29,4.013,0.727,0
42,343,3.319,68.34,4.236,0.93,0
42,344,4.775,67.26,4.306,0.976,0
42,345,3.387,67.27,4.167,0.962,0
42,346,3.362,68.41,4.266,0.9,0
42,347,3.385,68.4,4.109,0.944,0
42,348,3.53,65.53,4.249,0.678,0
42,349,3.332,67.29,4.377,0.918,0
42,350,3.553,67.63,4.051,0.906,0
42,351,3.625,67.49,4.049,0.726,0
42,352,3.572,67.04,4.059,0.89,0
42,353,3.678,67.52,4.105,0.784,0
42,354,3.76,67.97,4.198,0.971,0
42,355,3.826,64.95,4.233,0.827,0
42,356,3.6,68.94,4.095,0.941,0
42,357,3.772,67.54,4.102,0.7,0
42,358,3.478,67.66,4.274,0.865,0
42,359,3.704,70.36,4.182,0.996,0
42,360,3.875,68.42,4.238,0.988,0
42,361,3.818,66.66,4.105,0.747,0
42,362,4.113,68.99,4.168,0.845,0
42,363,3.96,69.08,4.038,0.913,0
42,364,3.916,68.64,4.126,0.812,0
43,0,2.431,63.21,5.371,0.905,0
43,1,2.232,62.87,5.362,0.716,0
43,2,2.241,62.52,5.451,0.612,0
43,3,2.458,61.14,5.506,0.632,0
43,4,2.061,63.91,5.34,0.918,0
43,5,2.225,64.23,5.396,0.862,0
43,6,2.249,62.84,5.324,0.874,0
43,7,2.261,63.74,5.362,0.673,0
43,8,2.312,64.02,5.436,0.963,0
43,9,2.43,65.19,5.485,0.769,0
43,10,2.433,63.25,5.276,0.999,0
43,11,2.199,61.93,5.417,0.713,0
43,12,2.295,63.2,5.353,0.651,0
43,13,2.333,64.16,5.232,0.816,0
43,14,2.126,64.15,5.328,0.868,0
43,15,2.032,65.75,5.477,0.918,0
43,16,2.191,64.96,5.512,0.765,0
43,17,2.187,65.09,5.345,0.969,0
43,18,2.364,62.64,5.199,0.789,0
43,19,2.252,63.47,5.309,0.629,0
43,20,2.113,63.94,5.334,0.789,0
43,21,2.306,64.64,5.29,0.979,0
43,22,2.376,63.93,5.336,0.641,0
43,23,2.236,65.3,5.436,0.874,0
43,24,2.293,64.32,5.221,0.814,0
43,25,2.295,66.17,5.298,0.854,0
43,26,2.214,62.64,5.277,0.601,0
43,27,2.564,64.7,5.147,0.85,0
43,28,2.314,65.99,5.458,0.909,0
43,29,2.494,63.83,5.355,0.848,0
43,30,2.287,65.33,5.283,0.778,0
43,31,2.416,64.9,5.326,0.814,0
43,32,2.255,64.4,5.268,0.718,0
43,33,2.573,66.55,5.152,0.985,0
43,34,2.539,65.57,5.373,0.943,0
43,35,2.547,64.55,5.163,0.804,0
43,36,2.565,66.37,5.147,0.905,0
43,37,2.365,65.9,5.334,0.974,0
43,38,2.548,65.31,5.221,0.881,0
43,39,2.29,65.18,5.396,0.759,0
43,40,2.582,64.51,5.248,0.777,0
43,41,2.435,66.42,5.222,0.975,0
43,42,2.482,63.28,5.162,0.802,0
43,43,2.679,66.83,5.158,0.817,0
43,44,2.71,62.12,5.133,0.748,0
43,45,2.79,66.07,4.979,0.963,0
43,46,2.301,65.59,5.076,0.769,0
43,47,2.575,64.82,5.078,0.825,0
43,48,2.736,63.96,5.199,0.897,0
43,49,2.731,64.66,4.97,0.629,0
43,50,2.723,64.81,5.185,0.975,0
43,51,2.737,66.82,5.172,0.896,0
43,52,2.645,65.14,5.08,0.605,0
43,53,2.755,65.42,5.182,0.601,0
43,54,2.906,67.02,5.19,0.663,0
43,55,2.764,65.89,5.092,0.938,0
43,56,2.653,65.32,5.069,0.618,0
43,57,2.548,64.06,5.374,0.623,0
43,58,2.806,67.77,5.043,0.941,0
43,59,2.83,65.53,5.263,0.641,0
43,60,2.691,66.5,5.11,0.827,0
43,61,2.986,65.93,5.077,0.685,0
43,62,2.568,68.16,5.095,0.828,0
43,63,2.712,68.77,5.007,0.806,0
43,64,2.948,67.24,5.077,0.733,0
43,65,3.054,67.64,4.855,0.974,0
43,66,2.842,67.58,5.018,0.722,0
43,67,3.012,68.97,5.131,0.911,0
43,68,3.257,67.0,4.98,0.888,0
43,69,3.006,68.81,5.064,0.82,0
43,70,3.031,67.47,5.02,0.823,0
43,71,2.959,67.61,5.02,0.918,0
43,72,2.94,67.27,4.917,0.639,0
43,73,3.138,67.84,5.002,0.651,0
43,74,3.229,68.75,4.878,0.733,0
43,75,3.29,70.61,4.977,0.964,0
43,76,3.103,68.95,4.968,0.603,0
43,77,3.142,67.53,5.018,0.736,0
43,78,3.003,66.53,5.146,0.736,0
43,79,3.486,69.51,5.076,0.987,0
43,80,3.242,69.22,5.118,0.641,0
43,81,3.632,66.89,5.002,0.766,0
43,82,3.349,70.11,5.003,0.801,0
43,83,3.619,70.2,4.947,0.919,0
43,84,3.598,69.82,4.879,0.893,0
43,85,3.623,68.61,4.858,0.989,0
43,86,3.633,70.23,4.878,0.674,0
43,87,3.784,69.85,4.76,0.695,0
43,88,3.775,68.46,4.893,0.623,0
43,89,3.847,68.15,4.793,0.613,0
43,90,3.776,71.5,4.943,0.941,0
43,91,3.823,69.0,4.906,0.619,0
43,92,3.817,70.52,4.511,0.685,0
43,93,3.679,69.37,4.641,0.667,0
43,94,3.711,70.0,4.746,0.894,0
43,95,4.042,69.27,4.9,0.674,0
43,96,4.234,73.92,4.84,0.937,0
43,97,3.981,70.03,4.861,0.848,0
43,98,3.847,72.41,4.648,0.751,0
43,99,4.226,72.43,4.687,0.994,0
43,100,4.147,70.3,4.734,0.663,0
43,101,4.351,71.41,4.577,0.778,0
43,102,4.137,70.06,4.746,0.63,0
43,103,4.271,71.81,4.842,0.763,0
43,104,4.44,73.57,4.739,0.968,0
43,105,4.322,73.72,4.755,0.978,0
43,106,4.479,70.61,4.708,0.659,0
43,107,4.43,70.44,4.702,0.713,0
43,108,4.666,70.99,4.574,0.829,0
43,109,4.406,74.01,4.533,0.868,0
43,110,6.687,70.55,4.493,0.702,0
43,111,4.716,72.32,4.717,0.893,0
43,112,4.926,73.33,4.629,0.864,0
43,113,4.621,71.83,4.583,0.649,0
43,114,4.62,73.39,4.7,0.986,1
43,115,2.082,64.14,5.668,0.954,0
43,116,2.07,63.92,5.435,0.899,0
43,117,2.133,62.47,5.333,0.685,0
43,118,2.236,62.63,5.172,0.604,0
43,119,1.928,62.21,5.273,0.906,0
43,120,2.192,61.79,5.478,0.918,0
43,121,2.136,63.87,5.545,0.676,0
43,122,2.474,63.23,5.436,0.826,0
43,123,2.064,60.69,5.335,0.644,0
43,124,2.159,63.39,5.435,0.954,0
43,125,2.455,61.01,5.377,0.713,0
43,126,1.968,62.46,5.397,0.877,0
43,127,2.156,61.93,5.327,0.645,0
43,128,2.048,65.72,5.321,0.999,0
43,129,2.27,62.73,5.459,0.823,0
43,130,2.241,63.38,5.505,0.844,0
43,131,2.001,63.38,5.446,0.666,0
43,132,2.359,62.47,5.236,0.732,0
43,133,2.299,61.13,5.389,0.674,0
43,134,1.838,61.65,5.329,0.691,0
43,135,2.151,61.14,5.389,0.649,0
43,136,2.334,61.09,5.302,0.836,0
43,137,1.892,63.52,5.131,0.833,0
43,138,2.32,60.86,5.325,0.837,0
43,139,2.418,62.97,5.377,0.819,0
43,140,2.369,62.37,5.343,0.996,0
43,141,2.295,63.76,5.311,0.902,0
43,142,2.059,64.95,5.243,0.853,0
43,143,2.218,63.4,5.357,0.856,0
43,144,2.266,65.84,5.448,0.885,0
43,145,2.367,61.43,5.394,0.635,0
43,146,2.173,64.25,5.368,0.937,0
43,147,2.209,64.06,5.451,0.97,0
43,148,2.136,62.94,5.356,0.931,0
43,149,2.456,64.87,5.434,0.931,0
43,150,2.066,63.04,5.376,0.69,0
43,151,2.327,61.98,5.398,0.705,0
43,152,2.034,65.59,5.319,0.872,0
43,153,2.129,62.88,5.44,0.775,0
43,154,2.517,63.81,5.328,0.85,0
43,155,2.17,60.84,5.427,0.652,0
43,156,2.109,61.69,5.404,0.783,0
43,157,2.237,63.33,5.207,0.765,0
43,158,2.55,64.63,5.485,0.807,0
43,159,2.17,63.22,5.243,0.702,0
43,160,2.354,62.08,5.233,0.736,0
43,161,2.427,65.04,5.162,0.918,0
43,162,2.398,62.71,5.264,0.723,0
43,163,2.236,63.25,5.297,0.803,0
43,164,2.406,62.27,5.25,0.882,0
43,165,2.175,62.84,5.265,0.641,0
43,166,2.397,67.95,5.499,0.941,0
43,167,2.189,62.87,5.316,0.843,0
43,168,2.275,63.4,5.404,0.679,0
43,169,2.175,65.83,5.222,0.968,0
43,170,2.22,65.35,5.148,0.991,0
43,171,2.097,62.09,5.326,0.661,0
43,172,2.357,63.44,5.228,0.614,0
43,173,2.324,65.01,5.16,0.82,0
43,174,2.356,63.32,5.349,0.765,0
43,175,2.218,65.52,5.273,0.926,0
43,176,2.438,64.5,5.145,0.913,0
43,177,2.364,63.26,5.308,0.806,0
43,178,1.959,63.98,5.526,0.89,0
43,179,2.381,61.39,5.22,0.657,0
43,180,2.188,65.94,5.265,0.821,0
43,181,2.464,64.53,5.183,0.909,0
43,182,2.491,64.06,5.346,0.956,0
43,183,2.223,64.49,5.089,0.889,0
43,184,2.462,64.35,5.353,0.78,0
43,185,2.541,65.11,5.34,0.853,0
43,186,2.569,64.71,5.285,0.672,0
43,187,2.425,67.35,5.209,0.957,0
43,188,2.623,65.64,5.157,0.706,0
43,189,2.729,62.88,5.175,0.643,0
43,190,2.684,67.0,5.242,0.717,0
43,191,2.569,64.56,5.153,0.672,0
43,192,2.425,65.59,5.176,0.779,0
43,193,2.714,65.65,5.29,0.876,0
43,194,2.651,64.74,5.299,0.896,0
43,195,2.687,67.29,5.171,0.968,0
43,196,2.699,65.03,5.233,0.86,0
43,197,2.567,65.84,5.146,0.848,0
43,198,2.467,66.06,5.157,0.626,0
43,199,2.422,65.91,5.221,0.681,0
43,200,2.647,65.59,5.151,0.787,0
43,201,2.63,64.6,5.039,0.605,0
43,202,2.642,64.88,5.007,0.604,0
43,203,2.824,66.7,5.16,0.761,0
43,204,2.795,65.1,4.952,0.667,0
43,205,2.867,64.3,5.134,0.673,0
43,206,2.657,65.54,5.133,0.629,0
43,207,2.591,68.52,5.129,0.838,0
43,208,2.883,66.22,5.248,0.823,0
43,209,2.885,65.33,5.02,0.786,0
43,210,2.778,66.63,5.136,0.688,0
43,211,2.942,68.31,5.134,0.869,0
43,212,2.826,65.4,5.276,0.861,0
43,213,2.481,65.96,5.112,0.895,0
43,214,2.859,67.16,5.176,0.866,0
43,215,2.795,66.06,5.112,0.854,0
43,216,2.846,67.87,5.121,0.986,0
43,217,2.907,67.23,5.008,0.677,0
43,218,2.938,67.13,5.063,0.808,0
43,219,3.022,66.1,4.886,0.824,0
43,220,2.843,66.89,5.119,0.646,0
43,221,2.715,65.6,5.162,0.674,0
43,222,3.127,63.89,5.169,0.709,0
43,223,2.986,68.12,5.152,0.839,0
43,224,3.221,67.46,5.21,0.941,0
43,225,3.084,66.82,5.034,0.63,0
43,226,3.276,68.2,4.921,0.914,0
43,227,3.101,67.4,5.124,0.943,0
43,228,3.163,69.48,4.899,0.911,0
43,229,3.342,68.74,5.031,0.722,0
43,230,3.176,69.34,4.91,0.885,0
43,231,3.099,68.45,4.908,0.96,0
43,232,3.353,68.01,4.879,0.903,0
43,233,3.537,70.11,4.884,0.933,0
43,234,3.168,71.72,5.119,0.977,0
43,235,3.47,68.51,4.78,0.687,0
43,236,3.142,71.85,4.956,0.963,0
43,237,3.711,69.09,4.616,0.71,0
43,238,3.502,67.54,4.838,0.693,0
43,239,3.665,68.86,4.881,0.962,0
43,240,3.701,71.15,4.906,0.928,0
43,241,3.572,69.83,4.696,0.884,0
43,242,3.755,69.75,4.976,0.963,0
43,243,3.647,71.8,4.964,0.952,0
43,244,3.763,69.66,4.76,0.873,0
43,245,3.764,70.51,4.859,0.917,0
43,246,3.853,69.17,4.873,0.633,0
43,247,3.483,72.61,4.837,0.964,0
43,248,3.954,68.94,4.775,0.821,0
43,249,3.802,69.84,4.557,0.714,0
43,250,3.985,70.53,4.794,0.796,0
43,251,3.986,69.1,4.798,0.607,0
43,252,4.224,69.11,4.831,0.62,0
43,253,4.225,70.89,4.76,0.733,0
43,254,4.291,69.46,4.517,0.62,0
43,255,4.182,73.13,4.811,0.937,0
43,256,4.564,72.97,4.656,0.868,0
43,257,4.55,72.19,4.613,0.649,0
43,258,5.997,71.96,4.794,0.664,0
43,259,4.332,70.92,4.761,0.764,0
43,260,4.736,69.39,4.684,0.612,0
43,261,4.541,70.79,4.692,0.831,0
43,262,4.718,75.67,4.589,0.897,0
43,263,4.426,73.38,4.607,0.761,0
43,264,4.936,74.39,4.582,0.96,0
43,265,4.395,73.13,4.517,0.766,1
43,266,2.4,64.3,5.599,0.9,0
43,267,2.085,64.09,5.54,0.852,0
43,268,2.505,62.21,5.287,0.695,0
43,269,2.165,62.89,5.254,0.797,0
43,270,2.57,63.97,5.226,0.995,0
43,271,2.286,61.61,5.304,0.958,0
43,272,2.369,64.12,5.312,0.995,0
43,273,2.119,62.47,5.444,0.825,0
43,274,2.154,63.56,5.337,0.822,0
43,275,2.348,62.71,5.463,0.747,0
43,276,2.02,61.07,5.48,0.87,0
43,277,2.316,62.29,5.253,0.619,0
43,278,2.12,63.31,5.341,0.74,0
43,279,2.309,62.8,5.508,0.85,0
43,280,2.102,61.49,5.348,0.62,0
43,281,2.375,64.87,5.389,0.921,0
43,282,2.285,66.4,5.302,0.857,0
43,283,2.323,64.97,5.391,0.841,0
43,284,2.124,62.82,5.464,0.744,0
43,285,2.44,63.3,5.41,0.781,0
43,286,2.314,62.91,5.384,0.881,0
43,287,2.406,64.11,5.297,0.986,0
43,288,2.323,64.16,5.321,0.779,0
43,289,2.412,65.38,5.251,0.726,0
43,290,2.568,65.27,5.319,0.985,0
43,291,2.496,64.44,5.151,0.814,0
43,292,2.664,65.55,5.185,0.821,0
43,293,2.471,65.13,5.281,0.689,0
43,294,2.599,64.3,5.228,0.635,0
43,295,2.654,65.33,5.166,0.781,0
43,296,2.504,68.56,5.044,0.992,0
43,297,2.676,67.73,5.245,0.991,0
43,298,2.697,66.69,5.202,0.64,0
43,299,2.68,67.22,5.223,0.892,0
43,300,2.8,65.22,5.228,0.691,0
43,301,2.787,66.46,5.244,0.944,0
43,302,2.784,65.4,5.183,0.885,0
43,303,2.827,66.12,5.257,0.771,0
43,304,2.765,67.34,5.133,0.801,0
43,305,2.967,67.29,4.993,0.751,0
43,306,2.986,68.6,5.167,0.681,0
43,307,3.266,69.6,5.037,0.844,0
43,308,3.176,66.12,4.798,0.641,0
43,309,3.223,66.53,4.895,0.655,0
43,310,3.463,71.83,4.996,0.986,0
43,311,3.807,69.04,4.847,0.725,0
43,312,3.689,68.24,4.85,0.793,0
43,313,3.746,71.36,4.937,0.967,0
43,314,3.639,71.8,4.69,0.891,0
43,315,3.813,71.25,4.821,0.779,0
43,316,3.888,71.66,4.738,0.852,0
43,317,4.348,71.21,4.556,0.653,0
43,318,4.361,69.84,4.885,0.601,0
43,319,4.559,70.0,4.689,0.701,0
43,320,4.328,72.44,4.733,0.967,0
43,321,4.596,72.53,4.556,0.65,0
43,322,4.519,69.96,4.563,0.703,0
43,323,4.502,71.7,4.569,0.827,1
43,324,1.954,62.99,5.441,0.678,0
43,325,2.265,62.73,5.369,0.757,0
43,326,2.21,60.82,5.417,0.755,0
43,327,2.287,62.35,5.444,0.742,0
43,328,2.104,60.68,5.49,0.694,0
43,329,2.379,64.63,5.228,0.892,0
43,330,2.158,63.88,5.509,0.862,0
43,331,2.263,60.37,5.409,0.651,0
43,332,2.175,62.22,5.476,0.976,0
43,333,1.907,64.1,5.353,0.922,0
43,334,2.176,62.77,5.26,0.765,0
43,335,2.33,65.21,5.167,0.86,0
43,336,2.056,62.37,5.36,0.713,0
43,337,2.254,65.97,5.474,0.896,0
43,338,2.488,64.46,5.566,0.754,0
43,339,2.233,62.32,5.262,0.639,0
43,340,2.171,63.45,5.423,0.807,0
43,341,1.983,63.64,5.287,0.819,0
43,342,2.302,63.44,5.271,0.857,0
43,343,2.227,62.11,5.579,0.77,0
43,344,2.29,61.27,5.409,0.624,0
43,345,2.291,63.71,5.4,0.867,0
43,346,2.175,64.9,5.187,0.774,0
43,347,2.285,61.23,5.384,0.715,0
43,348,2.282,61.24,5.23,0.792,0
43,349,2.455,64.5,5.373,0.897,0
43,350,2.239,63.48,5.241,0.669,0
43,351,2.223,64.42,5.257,0.833,0
43,352,2.387,65.09,5.451,0.992,0
43,353,2.281,63.87,5.153,0.774,0
43,354,1.846,63.36,5.304,0.718,0
43,355,1.912,63.24,5.54,0.827,0
43,356,2.311,64.39,5.461,0.903,0
43,357,2.156,63.0,5.354,0.895,0
43,358,2.317,64.21,5.452,0.834,0
43,359,2.25,62.27,5.286,0.862,0
43,360,2.273,64.71,5.179,0.915,0
43,361,2.087,62.72,5.41,0.63,0
43,362,2.096,64.72,5.44,0.793,0
43,363,2.075,63.68,5.507,0.88,0
43,364,2.3,64.52,5.46,0.878,0
44,0,2.097,62.1,5.156,0.669,0
44,1,2.12,59.29,4.959,0.626,0
44,2,2.258,62.11,5.081,0.704,0
44,3,2.109,61.98,5.125,0.664,0
44,4,2.139,60.32,5.004,0.9,0
44,5,2.062,60.61,4.912,0.677,0
44,6,2.191,60.09,5.014,0.808,0
44,7,2.151,61.18,5.126,0.659,0
44,8,1.914,61.97,4.822,0.823,0
44,9,2.037,61.3,4.883,0.855,0
44,10,2.43,61.63,4.915,0.797,0
44,11,2.357,60.49,4.801,0.674,0
44,12,2.291,59.07,4.99,0.735,0
44,13,2.35,61.27,4.936,0.746,0
44,14,2.353,62.29,4.802,0.839,0
44,15,2.232,60.52,4.801,0.681,0
44,16,2.446,61.17,4.93,0.646,0
44,17,2.235,60.53,4.952,0.8,0
44,18,2.199,61.26,4.953,0.633,0
44,19,2.382,65.69,4.947,0.998,0
44,20,2.453,61.85,4.877,0.902,0
44,21,2.382,62.25,4.711,0.867,0
44,22,2.232,60.17,4.876,0.765,0
44,23,2.062,61.75,4.832,0.948,0
44,24,2.339,62.9,4.987,0.957,0
44,25,2.394,61.42,4.696,0.684,0
44,26,2.591,61.34,4.788,0.958,0
44,27,2.39,62.26,4.622,0.927,0
44,28,2.474,61.44,4.906,0.641,0
44,29,2.23,63.36,4.789,0.887,0
44,30,2.486,61.7,4.845,0.723,0
44,31,2.14,64.01,4.819,0.833,0
44,32,2.399,63.69,4.726,0.871,0
44,33,2.446,63.53,4.822,0.895,0
44,34,2.472,62.47,4.989,0.807,0
44,35,2.314,62.35,4.795,0.651,0
44,36,2.53,65.58,4.973,0.924,0
44,37,2.489,63.37,4.713,0.843,0
44,38,2.496,65.16,4.931,0.937,0
44,39,2.644,63.45,5.125,0.612,0
44,40,2.482,63.7,4.915,0.615,0
44,41,2.212,65.44,4.764,0.991,0
44,42,2.386,63.06,5.014,0.697,0
44,43,2.408,62.51,4.763,0.875,0
44,44,2.787,63.86,4.811,0.746,0
44,45,2.602,64.07,4.805,0.925,0
44,46,2.318,60.81,4.807,0.731,0
44,47,2.325,64.68,4.766,0.91,0
44,48,2.415,61.36,4.872,0.708,0
44,49,2.581,64.15,4.846,0.754,0
44,50,2.641,63.23,4.694,0.79,0
44,51,2.669,63.51,4.801,0.763,0
44,52,2.393,64.2,4.695,0.949,0
44,53,2.505,64.67,4.722,0.864,0
44,54,2.762,62.41,4.912,0.645,0
44,55,2.462,61.58,4.426,0.612,0
44,56,2.561,62.41,4.731,0.818,0
44,57,2.61,65.12,4.777,0.985,0
44,58,2.713,62.76,4.619,0.685,0
44,59,2.86,63.93,4.725,0.791,0
44,60,2.7,64.86,4.831,0.859,0
44,61,2.562,65.83,4.68,0.891,0
44,62,2.862,64.78,4.707,0.832,0
44,63,2.636,62.07,4.803,0.777,0
44,64,2.729,63.9,4.615,0.65,0
44,65,2.767,64.16,4.62,0.746,0
44,66,2.415,62.4,4.689,0.743,0
44,67,2.843,65.74,4.612,0.872,0
44,68,2.921,64.02,4.627,0.839,0
44,69,2.705,63.1,4.711,0.784,0
44,70,2.655,64.31,4.717,0.831,0
44,71,2.812,64.86,4.665,0.75,0
44,72,2.692,65.0,4.75,0.714,0
44,73,2.809,64.54,4.608,0.788,0
44,74,2.894,66.5,4.742,0.951,0
44,75,2.725,62.61,4.464,0.665,0
44,76,2.697,65.97,4.803,0.912,0
44,77,2.98,63.77,4.714,0.946,0
44,78,2.802,64.37,4.716,0.682,0
44,79,2.996,64.27,4.712,0.847,0
44,80,2.997,65.15,4.783,0.952,0
44,81,5.447,64.57,4.506,0.735,0
44,82,2.724,65.11,4.609,0.83,0
44,83,3.219,65.98,4.515,0.741,0
44,84,2.843,66.04,4.771,0.889,0
44,85,2.891,66.79,4.675,0.991,0
44,86,2.842,63.85,4.703,0.614,0
44,87,2.861,65.49,4.604,0.628,0
44,88,3.16,63.34,4.457,0.659,0
44,89,3.136,64.92,4.758,0.635,0
44,90,2.929,66.98,4.569,0.902,0
44,91,3.046,65.1,4.573,0.733,0
44,92,3.046,64.03,4.586,0.808,0
44,93,2.945,64.77,4.663,0.729,0
44,94,2.754,66.27,4.438,0.963,0
44,95,3.281,66.62,4.284,0.789,0
44,96,2.776,64.7,4.572,0.724,0
44,97,3.131,65.05,4.678,0.602,0
44,98,3.233,67.21,4.484,0.927,0
44,99,3.229,63.67,4.659,0.608,0
44,100,3.232,66.69,4.654,0.99,0
44,101,3.351,67.07,4.47,0.944,0
44,102,3.333,67.07,4.643,0.91,0
44,103,3.375,65.55,4.668,0.689,0
44,104,3.256,65.43,4.377,0.756,0
44,105,3.499,67.09,4.388,0.747,0
44,106,3.485,68.26,4.415,0.912,0
44,107,3.421,67.71,4.518,0.96,0
44,108,3.41,68.67,4.54,0.989,0
44,109,3.595,67.57,4.604,0.986,0
44,110,3.421,67.05,4.745,0.664,0
44,111,3.675,66.53,4.528,0.756,0
44,112,3.669,68.32,4.552,0.795,0
44,113,3.392,67.0,4.322,0.604,0
44,114,3.848,68.69,4.313,0.922,0
44,115,3.693,67.4,4.285,0.63,0
44,116,3.641,66.69,4.541,0.792,0
44,117,3.823,65.39,4.279,0.702,0
44,118,3.606,66.66,4.585,0.652,0
44,119,3.592,67.31,4.365,0.878,0
44,120,3.823,69.3,4.469,0.939,0
44,121,3.65,69.0,4.364,0.906,0
44,122,3.699,68.77,4.391,0.9,0
44,123,3.901,70.28,4.269,0.87,0
44,124,4.008,67.78,4.428,0.606,0
44,125,3.992,69.67,4.519,0.732,0
44,126,3.941,67.54,4.418,0.897,0
44,127,3.877,68.43,4.458,0.796,0
44,128,4.153,69.85,4.443,0.732,0
44,129,4.059,68.67,4.234,0.921,0
44,130,3.998,69.24,4.291,0.891,0
44,131,4.264,67.83,4.3,0.692,0
44,132,4.051,68.89,4.144,0.618,0
44,133,4.443,68.28,4.159,0.666,0
44,134,4.076,70.03,4.294,0.971,0
44,135,4.566,69.21,4.163,0.874,0
44,136,4.229,68.39,4.443,0.687,0
44,137,4.269,69.55,4.182,0.839,0
44,138,4.45,70.33,4.185,0.84,0
44,139,4.615,68.86,4.229,0.893,0
44,140,4.639,70.53,4.132,0.806,0
44,141,4.556,69.95,4.306,0.649,0
44,142,4.57,71.72,4.268,0.925,0
44,143,4.643,70.23,4.186,0.629,0
44,144,4.804,71.21,4.239,0.877,0
44,145,4.774,70.38,4.067,0.673,1
44,146,2.279,62.26,5.174,0.756,0
44,147,2.274,60.67,4.938,0.682,0
44,148,2.025,59.28,5.083,0.854,0
44,149,2.231,59.14,4.862,0.853,0
44,150,2.262,60.48,4.883,0.944,0
44,151,2.231,60.71,4.978,0.755,0
44,152,2.114,58.86,5.127,0.823,0
44,153,2.126,61.9,4.939,0.675,0
44,154,2.152,62.2,5.043,0.796,0
44,155,2.095,58.82,4.947,0.748,0
44,156,2.181,61.6,4.925,0.849,0
44,157,2.005,60.87,5.086,0.771,0
44,158,2.059,58.63,4.921,0.608,0
44,159,2.099,61.09,5.048,0.942,0
44,160,2.222,61.5,4.938,0.93,0
44,161,2.264,62.55,5.124,0.948,0
44,162,2.036,61.74,4.957,0.882,0
44,163,2.262,61.04,4.931,0.789,0
44,164,2.157,61.25,5.025,0.721,0
44,165,2.435,62.53,4.713,0.973,0
44,166,2.156,61.2,5.103,0.899,0
44,167,1.987,60.82,4.753,0.984,0
44,168,2.216,58.84,5.061,0.604,0
44,169,1.957,59.25,4.914,0.769,0
44,170,2.088,58.75,5.024,0.834,0
44,171,2.153,62.03,4.963,0.821,0
44,172,2.239,59.2,4.949,0.668,0
44,173,2.013,61.41,4.995,0.772,0
44,174,2.218,60.65,5.103,0.826,0
44,175,2.02,60.96,5.071,0.935,0
44,176,2.415,60.51,5.073,0.726,0
44,177,2.266,58.27,5.047,0.707,0
44,178,2.277,60.75,4.841,0.807,0
44,179,2.293,60.21,5.06,0.885,0
44,180,1.888,59.92,5.0,0.625,0
44,181,2.282,59.41,5.042,0.702,0
44,182,2.345,60.54,4.985,0.642,0
44,183,2.174,59.18,5.175,0.602,0
44,184,2.025,62.13,4.895,0.929,0
44,185,2.226,60.36,4.945,0.839,0
44,186,2.095,62.71,5.078,0.886,0
44,187,2.669,60.01,4.961,0.601,0
44,188,2.457,58.73,4.864,0.633,0
44,189,2.319,61.61,5.085,0.752,0
44,190,5.003,61.34,5.061,0.746,0
44,191,2.189,61.66,5.031,0.956,0
44,192,2.292,62.24,5.019,0.763,0
44,193,2.529,62.62,5.12,0.989,0
44,194,2.113,61.13,4.944,0.91,0
44,195,1.99,61.72,5.154,0.923,0
44,196,4.007,61.03,5.051,0.619,0
44,197,2.358,60.51,4.937,0.69,0
44,198,2.276,60.21,5.046,0.736,0
44,199,2.334,60.87,4.958,0.977,0
44,200,2.066,62.19,4.966,0.839,0
44,201,1.871,59.08,4.949,0.725,0
44,202,1.789,62.44,4.788,0.896,0
44,203,2.327,63.05,4.95,0.992,0
44,204,2.251,62.1,5.146,0.911,0
44,205,2.102,61.32,4.964,0.93,0
44,206,2.113,62.0,4.833,0.91,0
44,207,1.99,62.06,4.975,0.9,0
44,208,2.373,60.71,4.899,0.874,0
44,209,2.19,61.84,4.941,0.768,0
44,210,2.091,60.94,5.054,0.84,0
44,211,2.197,60.0,4.98,0.802,0
44,212,2.083,59.02,4.933,0.714,0
44,213,2.173,59.63,4.876,0.749,0
44,214,2.409,61.93,4.992,0.961,0
44,215,2.097,58.05,5.079,0.744,0
44,216,2.198,62.03,4.876,0.914,0
44,217,2.462,60.89,5.158,0.695,0
44,218,2.45,60.34,5.007,0.844,0
44,219,2.12,61.45,5.098,0.749,0
44,220,2.274,60.39,4.998,0.812,0
44,221,2.164,62.4,4.966,0.816,0
44,222,2.093,60.61,4.889,0.834,0
44,223,2.433,60.81,4.972,0.802,0
44,224,2.327,63.22,5.016,0.801,0
44,225,2.326,62.67,4.95,0.802,0
44,226,2.516,60.83,5.069,0.648,0
44,227,2.257,60.82,4.81,0.773,0
44,228,2.324,60.05,4.891,0.605,0
44,229,2.112,63.03,5.017,0.911,0
44,230,2.005,62.55,5.008,0.883,0
44,231,2.134,63.21,4.936,0.846,0
44,232,2.296,59.65,4.955,0.683,0
44,233,2.352,59.1,4.997,0.842,0
44,234,2.293,61.14,5.08,0.835,0
44,235,2.241,62.75,5.1,0.871,0
44,236,2.318,60.29,4.948,0.851,0
44,237,2.215,61.06,4.86,0.913,0
44,238,2.247,60.93,4.91,0.603,0
44,239,2.059,61.41,5.086,0.746,0
44,240,2.024,61.49,5.009,0.684,0
44,241,2.177,61.13,4.871,0.857,0
44,242,1.959,60.51,4.908,0.612,0
44,243,2.344,63.35,4.894,0.917,0
44,244,2.123,60.75,5.096,0.841,0
44,245,2.239,61.62,5.1,0.684,0
44,246,2.246,61.47,5.015,0.929,0
44,247,2.451,62.19,5.112,0.902,0
44,248,2.304,61.37,4.89,0.758,0
44,249,2.212,62.77,4.983,0.958,0
44,250,2.274,61.77,4.985,0.95,0
44,251,2.298,62.22,5.0,0.937,0
44,252,2.163,61.34,4.937,0.884,0
44,253,2.067,62.66,4.875,0.956,0
44,254,2.221,62.29,4.996,0.846,0
44,255,2.287,61.64,4.956,0.781,0
44,256,2.469,59.16,4.838,0.705,0
44,257,2.397,59.89,4.953,0.774,0
44,258,2.367,61.05,4.952,0.911,0
44,259,2.193,60.82,4.997,0.668,0
44,260,2.388,63.34,5.081,0.713,0
44,261,2.044,61.3,5.105,0.808,0
44,262,2.227,59.12,5.119,0.631,0
44,263,2.468,60.38,4.9,0.621,0
44,264,2.194,61.52,5.123,0.88,0
44,265,2.181,62.97,4.976,0.97,0
44,266,2.347,60.09,4.867,0.737,0
44,267,2.367,62.47,4.894,0.848,0
44,268,2.016,62.21,5.047,0.652,0
44,269,2.56,60.76,4.727,0.81,0
44,270,2.341,59.01,4.8,0.773,0
44,271,2.374,63.1,5.117,0.764,0
44,272,2.518,62.19,4.918,0.995,0
44,273,2.21,62.23,4.884,0.91,0
44,274,2.418,60.71,4.856,0.701,0
44,275,2.38,61.38,4.853,0.846,0
44,276,2.268,62.0,4.824,0.951,0
44,277,4.221,62.69,4.88,0.852,0
44,278,2.22,61.08,4.948,0.644,0
44,279,2.601,60.71,4.805,0.746,0
44,280,2.446,63.5,5.019,0.897,0
44,281,2.654,63.45,4.872,0.979,0
44,282,2.312,60.8,4.759,0.886,0
44,283,2.269,61.94,4.977,0.878,0
44,284,2.579,62.12,4.894,0.818,0
44,285,2.775,62.8,4.865,0.629,0
44,286,2.457,61.17,4.991,0.765,0
44,287,2.305,60.62,5.039,0.737,0
44,288,2.51,61.49,4.78,0.908,0
44,289,2.511,61.17,4.773,0.952,0
44,290,2.425,60.52,4.922,0.697,0
44,291,2.266,61.3,4.995,0.669,0
44,292,2.584,60.24,4.929,0.616,0
44,293,2.203,63.98,4.921,0.855,0
44,294,2.75,63.7,4.819,0.902,0
44,295,2.607,61.64,4.887,0.73,0
44,296,2.671,62.56,4.933,0.664,0
44,297,2.407,62.22,4.764,0.696,0
44,298,2.472,60.92,4.987,0.725,0
44,299,2.175,61.81,4.96,0.936,0
44,300,2.404,63.64,4.953,0.999,0
44,301,2.323,62.42,5.059,0.661,0
44,302,2.681,61.42,4.869,0.911,0
44,303,2.36,62.06,4.856,0.669,0
44,304,2.443,62.29,4.869,0.605,0
44,305,2.605,61.37,4.908,0.712,0
44,306,2.521,62.99,4.852,0.897,0
44,307,2.72,63.19,4.841,0.963,0
44,308,2.53,62.29,4.977,0.767,0
44,309,2.327,63.37,5.028,1.0,0
44,310,2.671,61.48,4.809,0.756,0
44,311,2.375,62.11,5.057,0.892,0
44,312,2.284,63.74,4.866,0.865,0
44,313,2.454,63.83,4.722,0.879,0
44,314,2.388,60.86,4.967,0.684,0
44,315,2.351,62.94,4.807,0.803,0
44,316,2.542,62.68,4.834,0.748,0
44,317,2.508,61.78,4.748,0.729,0
44,318,2.606,61.73,5.106,0.774,0
44,319,2.569,62.54,4.901,0.934,0
44,320,2.542,64.4,4.806,0.957,0
44,321,2.652,64.56,4.98,0.938,0
44,322,2.244,65.86,4.867,0.961,0
44,323,2.44,61.19,4.817,0.85,0
44,324,2.533,64.34,4.795,0.909,0
44,325,2.545,60.45,4.806,0.662,0
44,326,2.69,62.39,4.655,0.664,0
44,327,2.761,61.66,4.757,0.781,0
44,328,2.502,61.02,4.986,0.737,0
44,329,2.689,63.38,4.739,0.69,0
44,330,2.763,59.92,4.812,0.634,0
44,331,2.814,63.21,4.703,0.859,0
44,332,2.607,62.43,4.877,0.82,0
44,333,2.855,63.23,4.819,0.786,0
44,334,2.704,64.53,4.713,0.932,0
44,335,2.712,62.82,4.773,0.872,0
44,336,2.669,61.51,4.816,0.611,0
44,337,2.664,65.33,4.864,0.95,0
44,338,3.018,62.08,4.762,0.725,0
44,339,2.782,64.91,4.667,0.693,0
44,340,2.777,64.7,4.9,0.804,0
44,341,2.744,62.62,4.789,0.873,0
44,342,2.632,63.45,4.798,0.853,0
44,343,2.728,63.12,4.753,0.887,0
44,344,2.751,62.36,4.767,0.768,0
44,345,2.554,65.43,4.771,0.947,0
44,346,2.544,62.73,4.734,0.791,0
44,347,2.793,64.69,4.937,0.909,0
44,348,2.428,63.11,4.76,0.799,0
44,349,2.775,62.17,4.696,0.635,0
44,350,3.08,61.03,4.732,0.665,0
44,351,2.874,61.63,4.759,0.632,0
44,352,2.606,64.04,4.792,0.978,0
44,353,2.964,63.42,4.863,0.614,0
44,354,3.304,62.27,4.77,0.658,0
44,355,2.813,63.37,4.807,0.696,0
44,356,2.73,63.12,4.883,0.914,0
44,357,2.689,62.88,4.837,0.826,0
44,358,2.715,63.72,4.733,0.774,0
44,359,2.601,63.21,4.695,0.844,0
44,360,2.982,65.55,4.85,0.97,0
44,361,2.935,62.57,4.843,0.92,0
44,362,2.845,63.31,4.696,0.884,0
44,363,2.877,62.54,4.909,0.736,0
44,364,2.972,65.31,4.853,0.841,0
45,0,1.836,57.18,4.758,0.625,0
45,1,1.908,58.42,4.464,0.938,0
45,2,2.006,57.86,4.619,0.791,0
45,3,2.129,56.76,4.743,0.666,0
45,4,2.068,56.55,4.737,0.718,0
45,5,1.776,58.4,4.548,0.864,0
45,6,2.252,60.31,4.639,0.832,0
45,7,1.921,57.3,4.614,0.86,0
45,8,1.954,58.69,4.707,0.921,0
45,9,1.929,59.22,4.597,0.968,0
45,10,1.952,57.92,4.536,0.867,0
45,11,2.117,58.09,4.763,0.754,0
45,12,2.011,58.76,4.742,0.862,0
45,13,1.785,59.77,4.549,0.831,0
45,14,1.861,58.2,4.614,0.888,0
45,15,2.143,59.47,4.671,0.974,0
45,16,1.909,55.25,4.447,0.622,0
45,17,1.656,56.72,4.635,0.847,0
45,18,1.951,57.74,4.597,0.884,0
45,19,1.887,58.3,4.653,0.692,0
45,20,2.053,55.99,4.687,0.901,0
45,21,1.874,57.37,4.635,0.709,0
45,22,2.032,57.89,4.517,0.66,0
45,23,1.749,59.55,4.479,0.948,0
45,24,1.94,56.57,4.805,0.725,0
45,25,1.818,57.54,4.664,0.718,0
45,26,1.971,58.19,4.564,0.912,0
45,27,2.187,58.35,4.679,0.736,0
45,28,1.851,58.41,4.626,0.848,0
45,29,2.131,55.56,4.558,0.618,0
45,30,2.049,58.21,4.824,0.856,0
45,31,1.83,60.8,4.564,0.805,0
45,32,1.793,59.67,4.723,0.659,0
45,33,3.74,58.89,4.531,0.991,0
45,34,2.083,57.76,4.636,0.643,0
45,35,2.065,57.79,4.839,0.717,0
45,36,1.733,57.75,4.737,0.785,0
45,37,1.966,57.66,4.556,0.798,0
45,38,2.099,57.39,4.542,0.652,0
45,39,2.064,56.02,4.586,0.687,0
45,40,5.22,57.66,4.685,0.674,0
45,41,1.704,59.2,4.723,0.832,0
45,42,2.132,55.61,4.555,0.75,0
45,43,2.066,58.06,4.557,0.838,0
45,44,2.068,57.43,4.544,0.754,0
45,45,2.072,55.91,4.776,0.793,0
45,46,2.053,57.78,4.591,0.778,0
45,47,2.15,57.94,4.515,0.925,0
45,48,1.838,59.69,4.606,0.921,0
45,49,1.947,58.36,4.571,0.628,0
45,50,1.979,57.45,4.591,0.752,0
45,51,1.873,57.31,4.63,0.75,0
45,52,2.045,58.69,4.712,0.797,0
45,53,2.072,58.35,4.62,0.668,0
45,54,1.854,59.52,4.794,0.827,0
45,55,1.829,58.34,4.618,0.831,0
45,56,2.024,56.6,4.459,0.699,0
45,57,1.666,57.73,4.672,0.751,0
45,58,1.865,59.28,4.565,0.912,0
45,59,2.304,56.93,4.608,0.614,0
45,60,2.191,57.03,4.738,0.752,0
45,61,2.112,55.95,4.525,0.73,0
45,62,2.201,57.64,4.429,0.864,0
45,63,1.859,57.8,4.618,0.741,0
45,64,2.289,56.87,4.555,0.692,0
45,65,2.184,57.6,4.708,0.841,0
45,66,2.025,60.24,4.717,0.927,0
45,67,2.179,57.26,4.625,0.684,0
45,68,2.266,57.11,4.56,0.633,0
45,69,2.211,59.79,4.698,0.844,0
45,70,1.938,58.91,4.789,0.965,0
45,71,2.187,59.41,4.716,0.718,0
45,72,2.023,60.14,4.705,0.944,0
45,73,2.076,59.77,4.526,0.689,0
45,74,1.984,58.92,4.537,0.674,0
45,75,1.988,58.22,4.572,0.741,0
45,76,2.068,57.77,4.496,0.632,0
45,77,2.35,58.14,4.552,0.692,0
45,78,2.021,59.98,4.505,0.916,0
45,79,1.982,59.56,4.747,0.854,0
45,80,2.203,58.28,4.577,0.793,0
45,81,1.975,59.26,4.499,0.951,0
45,82,2.213,57.67,4.526,0.952,0
45,83,2.21,58.73,4.604,0.668,0
45,84,2.05,60.12,4.717,0.899,0
45,85,2.116,58.21,4.595,0.815,0
45,86,2.176,58.25,4.674,0.663,0
45,87,2.527,58.91,4.497,0.653,0
45,88,2.195,61.67,4.534,0.833,0
45,89,2.206,59.17,4.446,0.614,0
45,90,2.281,59.02,4.571,0.871,0
45,91,2.298,58.18,4.645,0.762,0
45,92,2.333,59.12,4.712,0.872,0
45,93,2.413,58.43,4.394,0.757,0
45,94,2.202,58.81,4.628,0.883,0
45,95,2.156,58.14,4.507,0.63,0
45,96,2.023,58.62,4.677,0.882,0
45,97,2.111,60.95,4.573,0.913,0
45,98,2.187,60.88,4.515,0.892,0
45,99,2.251,59.93,4.484,0.725,0
45,100,2.392,59.42,4.521,0.901,0
45,101,2.121,58.46,4.571,0.606,0
45,102,2.351,60.29,4.436,0.846,0
45,103,1.973,59.89,4.437,0.942,0
45,104,2.394,57.35,4.507,0.62,0
45,105,2.701,58.26,4.543,0.733,0
45,106,2.414,58.62,4.628,0.601,0
45,107,2.318,59.14,4.62,0.757,0
45,108,2.387,58.23,4.356,0.757,0
45,109,2.557,62.15,4.676,0.861,0
45,110,2.303,59.33,4.402,0.814,0
45,111,2.157,60.32,4.465,0.881,0
45,112,2.317,61.42,4.526,0.974,0
45,113,2.291,59.26,4.468,0.792,0
45,114,2.327,60.38,4.46,0.971,0
45,115,2.377,59.15,4.396,0.913,0
45,116,2.507,60.42,4.515,0.924,0
45,117,2.254,58.8,4.496,0.607,0
45,118,2.346,60.01,4.466,0.851,0
45,119,2.318,59.94,4.442,0.794,0
45,120,2.266,59.54,4.627,0.686,0
45,121,2.148,59.94,4.549,0.86,0
45,122,2.483,60.17,4.472,0.662,0
45,123,2.544,61.35,4.386,0.945,0
45,124,2.575,61.68,4.563,0.873,0
45,125,2.438,60.26,4.421,0.786,0
45,126,2.618,60.5,4.168,0.703,0
45,127,2.394,61.2,4.324,0.646,0
45,128,2.569,61.59,4.509,0.779,0
45,129,2.669,60.9,4.367,0.628,0
45,130,2.701,60.79,4.245,0.811,0
45,131,2.515,60.65,4.619,0.72,0
45,132,2.38,59.7,4.481,0.952,0
45,133,2.541,61.91,4.406,0.846,0
45,134,2.65,60.25,4.567,0.832,0
45,135,2.662,62.77,4.227,0.947,0
45,136,2.978,60.02,4.222,0.907,0
45,137,2.476,60.18,4.317,0.755,0
45,138,2.722,59.38,4.552,0.929,0
45,139,2.818,62.01,4.299,0.994,1
45,140,2.043,57.18,4.597,0.831,0
45,141,1.964,57.3,4.618,0.886,0
45,142,2.122,58.98,4.628,0.9,0
45,143,1.941,55.63,4.592,0.602,0
45,144,1.924,57.09,4.649,0.772,0
45,145,2.086,57.95,4.833,0.87,0
45,146,2.041,55.86,4.802,0.852,0
45,147,2.207,59.14,4.659,0.904,0
45,148,2.097,57.94,4.636,0.706,0
45,149,2.125,58.14,4.795,0.845,0
45,150,1.958,55.73,4.72,0.664,0
45,151,1.706,58.0,4.655,0.652,0
45,152,1.877,59.24,4.52,0.875,0
45,153,1.907,60.09,4.618,0.893,0
45,154,1.908,56.97,4.744,0.621,0
45,155,1.819,60.57,4.435,0.829,0
45,156,1.977,58.12,4.602,0.708,0
45,157,1.886,57.9,4.669,0.858,0
45,158,1.72,57.46,4.671,0.706,0
45,159,1.768,57.51,4.786,0.935,0
45,160,2.249,58.4,4.717,0.737,0
45,161,2.104,57.22,4.63,0.863,0
45,162,1.956,56.24,4.758,0.604,0
45,163,1.821,57.42,4.592,0.656,0
45,164,1.912,58.37,4.615,0.914,0
45,165,1.644,59.32,4.734,0.978,0
45,166,2.095,59.42,4.586,0.827,0
45,167,1.971,56.57,4.598,0.679,0
45,168,2.296,59.31,4.629,0.974,0
45,169,1.959,58.01,4.611,0.862,0
45,170,1.958,57.33,4.649,0.823,0
45,171,2.163,58.34,4.609,0.865,0
45,172,2.063,61.08,4.668,0.921,0
45,173,1.751,58.05,4.722,0.663,0
45,174,1.908,59.02,4.541,0.647,0
45,175,1.75,58.74,4.665,0.68,0
45,176,1.908,59.12,4.58,0.987,0
45,177,1.948,58.19,4.433,0.676,0
45,178,1.915,58.64,4.49,0.783,0
45,179,2.079,59.74,4.591,0.872,0
45,180,1.998,58.28,4.627,0.637,0
45,181,2.321,56.74,4.534,0.643,0
45,182,1.841,59.09,4.383,0.644,0
45,183,1.975,58.52,4.607,0.899,0
45,184,1.969,57.18,4.594,0.615,0
45,185,2.103,58.38,4.753,0.762,0
45,186,2.084,58.79,4.812,0.914,0
45,187,2.019,58.16,4.63,0.935,0
45,188,1.712,59.45,4.744,0.827,0
45,189,2.055,57.69,4.496,0.751,0
45,190,2.06,58.75,4.579,0.913,0
45,191,1.816,57.2,4.572,0.824,0
45,192,1.943,60.27,4.657,0.964,0
45,193,2.04,57.41,4.69,0.9,0
45,194,2.076,57.93,4.54,0.747,0
45,195,2.049,58.81,4.805,0.797,0
45,196,2.188,56.83,4.69,0.623,0
45,197,1.842,58.81,4.429,0.824,0
45,198,2.107,59.04,4.667,0.694,0
45,199,1.946,60.03,4.63,0.952,0
45,200,1.818,60.03,4.709,0.978,0
45,201,1.728,59.72,4.665,0.846,0
45,202,2.084,56.41,4.627,0.653,0
45,203,2.005,58.97,4.779,0.786,0
45,204,2.029,57.98,4.646,0.907,0
45,205,1.869,61.29,4.612,0.962,0
45,206,2.185,59.38,4.673,0.677,0
45,207,2.202,59.93,4.504,0.82,0
45,208,1.926,59.06,4.749,0.929,0
45,209,1.87,60.53,4.467,0.655,0
45,210,2.103,59.17,4.661,0.754,0
45,211,3.785,58.59,4.462,0.819,0
45,212,2.012,59.49,4.432,0.818,0
45,213,1.991,58.14,4.612,0.817,0
45,214,2.137,58.43,4.647,0.96,0
45,215,2.191,59.76,4.617,0.809,0
45,216,2.018,57.07,4.425,0.712,0
45,217,1.806,60.18,4.499,0.875,0
45,218,2.11,59.41,4.599,0.793,0
45,219,2.29,58.8,4.692,0.981,0
45,220,2.132,60.53,4.683,0.965,0
45,221,2.075,59.63,4.416,0.669,0
45,222,2.319,58.35,4.55,0.912,0
45,223,2.09,57.5,4.611,0.668,0
45,224,2.275,59.45,4.545,0.832,0
45,225,2.035,59.11,4.61,0.655,0
45,226,2.09,60.76,4.576,0.939,0
45,227,1.895,57.62,4.45,0.753,0
45,228,2.027,60.51,4.672,0.917,0
45,229,2.076,58.05,4.613,0.846,0
45,230,2.344,60.54,4.488,0.671,0
45,231,2.219,61.6,4.462,0.949,0
45,232,2.485,59.53,4.571,0.986,0
45,233,2.293,58.84,4.511,0.611,0
45,234,2.158,58.84,4.729,0.619,0
45,235,2.376,59.17,4.496,0.659,0
45,236,2.298,59.17,4.4,0.711,0
45,237,2.262,59.77,4.381,0.726,0
45,238,4.569,59.62,4.472,0.784,0
45,239,2.038,60.71,4.505,0.808,0
45,240,2.008,59.46,4.567,0.793,0
45,241,2.188,61.01,4.288,0.865,0
45,242,2.342,61.02,4.418,0.827,0
45,243,2.258,58.28,4.37,0.679,0
45,244,2.4,60.84,4.458,0.704,0
45,245,2.361,59.67,4.723,0.768,0
45,246,2.495,61.07,4.562,0.951,0
45,247,2.247,62.31,4.466,0.866,0
45,248,2.414,61.98,4.475,0.789,0
45,249,2.417,59.93,4.503,0.699,0
45,250,2.329,60.31,4.322,0.937,0
45,251,2.425,61.15,4.245,0.689,0
45,252,2.488,61.19,4.275,0.938,0
45,253,2.185,60.04,4.543,0.68,0
45,254,2.442,58.88,4.581,0.799,0
45,255,2.368,60.03,4.426,0.75,0
45,256,2.799,58.75,4.371,0.82,0
45,257,2.342,60.27,4.604,0.838,0
45,258,2.425,60.66,4.525,0.658,0
45,259,2.322,60.97,4.5,0.649,0
45,260,2.39,60.58,4.497,0.844,0
45,261,2.565,58.59,4.38,0.666,0
45,262,2.369,58.86,4.517,0.608,0
45,263,2.354,60.24,4.614,0.601,0
45,264,2.353,61.15,4.277,0.966,0
45,265,2.434,60.39,4.339,0.626,0
45,266,2.054,60.76,4.404,0.671,0
45,267,2.48,60.15,4.33,0.851,0
45,268,2.58,61.01,4.509,0.893,0
45,269,2.529,63.33,4.476,0.935,0
45,270,2.468,60.84,4.387,0.929,0
45,271,2.465,62.09,4.288,0.82,0
45,272,2.688,60.47,4.384,0.608,0
45,273,2.318,61.79,4.466,0.79,0
45,274,2.549,61.45,4.361,0.925,0
45,275,2.807,60.54,4.377,0.694,0
45,276,2.513,61.61,4.401,0.767,0
45,277,2.538,63.15,4.342,0.714,0
45,278,2.613,60.82,4.336,0.739,0
45,279,2.543,63.8,4.488,0.873,0
45,280,2.795,60.36,4.188,0.774,0
45,281,2.407,62.31,4.184,0.741,0
45,282,2.689,63.18,4.382,0.744,0
45,283,2.897,62.24,4.447,0.744,0
45,284,2.68,64.66,4.407,0.866,0
45,285,2.476,61.63,4.26,0.807,0
45,286,2.693,64.12,4.298,0.923,0
45,287,2.811,62.12,4.196,0.65,0
45,288,2.689,62.38,4.258,0.647,0
45,289,2.316,62.72,4.267,0.823,0
45,290,2.477,62.37,4.354,0.885,0
45,291,2.77,62.35,4.336,0.866,0
45,292,2.923,63.41,4.286,0.928,0
45,293,2.818,62.59,4.266,0.764,0
45,294,2.857,60.48,4.177,0.711,0
45,295,2.81,63.32,4.297,0.927,0
45,296,2.945,61.82,4.401,0.741,0
45,297,2.767,62.66,4.374,0.683,0
45,298,3.002,62.44,4.308,0.886,0
45,299,2.777,62.68,4.164,0.811,0
45,300,2.927,65.59,4.208,0.935,0
45,301,2.868,62.77,4.337,0.685,0
45,302,2.963,62.58,4.409,0.675,0
45,303,2.804,64.75,4.221,0.979,0
45,304,2.931,61.89,4.082,0.614,0
45,305,2.909,60.81,4.208,0.629,0
45,306,3.022,64.71,4.127,0.764,0
45,307,3.089,61.33,3.915,0.646,0
45,308,3.386,63.42,4.417,0.881,0
45,309,3.329,63.93,4.228,0.727,0
45,310,3.143,61.22,4.023,0.7,0
45,311,3.406,63.29,4.136,0.716,0
45,312,3.263,64.39,4.175,0.76,0
45,313,2.967,63.87,4.119,0.651,0
45,314,3.503,64.21,4.264,0.703,0
45,315,3.32,63.29,4.106,0.625,0
45,316,3.352,63.53,4.171,0.721,0
45,317,3.336,65.24,4.048,0.737,0
45,318,3.47,63.84,4.269,0.734,0
45,319,3.452,65.61,4.119,0.934,0
45,320,3.389,64.39,4.059,0.709,0
45,321,3.319,65.29,4.142,0.78,0
45,322,3.346,65.38,4.034,0.829,0
45,323,3.791,65.14,4.071,0.698,0
45,324,3.581,67.79,3.994,0.999,0
45,325,3.518,64.21,4.002,0.642,0
45,326,3.539,65.43,4.138,0.956,0
45,327,3.468,66.21,4.097,0.982,0
45,328,3.838,64.52,3.948,0.957,0
45,329,3.805,66.28,4.062,0.922,0
45,330,3.743,66.07,3.996,0.856,0
45,331,3.648,66.93,3.967,0.843,0
45,332,3.936,65.73,3.979,0.675,0
45,333,3.987,64.89,4.008,0.627,0
45,334,3.797,66.01,4.0,0.841,0
45,335,3.943,65.67,4.116,0.828,0
45,336,3.662,66.19,4.094,0.787,0
45,337,4.106,66.42,3.86,0.627,0
45,338,3.834,65.81,3.891,0.681,0
45,339,3.743,65.39,4.013,0.609,0
45,340,3.72,66.18,3.864,0.821,0
45,341,3.998,64.85,3.93,0.703,0
45,342,3.878,67.58,4.0,0.825,0
45,343,4.065,63.98,3.913,0.706,0
45,344,4.181,66.67,3.815,0.95,0
45,345,4.186,66.63,3.759,0.74,0
45,346,4.22,64.78,3.774,0.697,0
45,347,4.039,67.44,3.751,0.783,0
45,348,4.135,68.33,3.953,0.861,0
45,349,3.915,68.48,4.044,0.89,0
45,350,4.367,67.65,3.934,0.729,0
45,351,4.325,67.06,3.929,0.721,0
45,352,3.982,67.43,3.942,0.689,0
45,353,4.203,66.41,3.902,0.805,0
45,354,4.295,68.56,3.831,0.806,0
45,355,4.19,68.39,3.689,0.93,0
45,356,4.561,68.01,3.764,0.798,0
45,357,4.282,68.13,3.826,0.828,0
45,358,4.605,68.76,3.822,0.901,1
45,359,1.907,58.29,4.817,0.699,0
45,360,1.826,59.39,4.379,0.723,0
45,361,1.611,58.42,4.74,0.995,0
45,362,1.891,59.04,4.682,0.939,0
45,363,2.146,57.23,4.635,0.903,0
45,364,1.879,56.74,4.52,0.654,0
46,0,1.914,57.59,5.105,0.7,0
46,1,1.635,57.92,5.022,0.658,0
46,2,1.84,60.43,5.214,0.845,0
46,3,1.908,57.97,5.168,0.675,0
46,4,1.759,58.83,5.295,0.837,0
46,5,1.946,57.65,5.074,0.889,0
46,6,1.686,58.9,5.007,0.827,0
46,7,1.506,57.44,5.083,0.923,0
46,8,1.641,59.99,5.047,0.892,0
46,9,1.61,59.73,5.082,0.938,0
46,10,1.687,58.76,5.181,0.9,0
46,11,1.764,57.19,5.058,0.77,0
46,12,1.667,56.66,4.996,0.625,0
46,13,1.61,58.63,4.945,0.761,0
46,14,1.476,58.28,5.121,0.763,0
46,15,1.938,58.04,5.024,0.907,0
46,16,1.728,59.05,4.887,0.616,0
46,17,1.784,57.93,5.058,0.749,0
46,18,1.565,59.45,5.057,0.915,0
46,19,1.895,59.05,4.985,0.669,0
46,20,1.786,59.44,5.046,0.788,0
46,21,1.663,59.07,5.231,0.804,0
46,22,2.064,60.06,4.732,0.936,0
46,23,2.177,57.78,5.058,0.952,0
46,24,1.912,60.24,4.947,0.789,0
46,25,1.918,59.0,5.14,0.927,0
46,26,1.81,60.02,5.115,0.795,0
46,27,1.659,58.48,4.896,0.662,0
46,28,2.12,59.77,4.969,0.963,0
46,29,2.209,58.73,5.003,0.777,0
46,30,1.956,60.52,4.996,0.81,0
46,31,1.863,59.16,4.877,0.945,0
46,32,1.944,59.11,4.943,0.823,0
46,33,1.792,60.86,5.006,0.843,0
46,34,1.834,58.64,4.7,0.641,0
46,35,1.77,60.93,4.918,0.781,0
46,36,1.98,60.43,4.877,0.792,0
46,37,2.072,60.02,4.955,0.725,0
46,38,1.992,57.87,4.839,0.618,0
46,39,1.9,58.76,4.998,0.84,0
46,40,1.634,59.79,4.931,0.76,0
46,41,2.056,59.15,4.92,0.706,0
46,42,1.805,60.21,4.921,0.688,0
46,43,1.774,60.91,4.977,0.999,0
46,44,2.216,62.76,4.865,0.963,0
46,45,1.881,59.71,4.824,0.99,0
46,46,1.895,59.45,4.771,0.788,0
46,47,2.029,62.52,4.798,0.973,0
46,48,2.411,58.77,4.929,0.637,0
46,49,2.254,60.59,5.074,0.731,0
46,50,2.217,63.07,4.808,0.878,0
46,51,2.469,61.4,4.705,0.866,0
46,52,2.147,60.63,4.898,0.767,0
46,53,2.036,62.08,4.794,0.764,0
46,54,2.269,60.38,4.998,0.69,0
46,55,2.076,63.73,4.798,0.954,0
46,56,2.356,59.13,4.723,0.878,0
46,57,2.298,60.61,4.779,0.671,0
46,58,2.676,64.27,4.866,0.923,0
46,59,2.323,62.27,4.708,0.861,0
46,60,2.644,61.74,4.783,0.889,0
46,61,2.455,63.73,4.726,0.891,0
46,62,2.205,60.22,4.769,0.667,0
46,63,2.589,62.18,4.839,0.691,0
46,64,2.317,61.46,4.724,0.607,0
46,65,2.702,61.75,4.675,0.858,0
46,66,2.49,61.73,4.627,0.809,0
46,67,2.799,63.3,4.921,0.604,0
46,68,2.785,63.31,4.75,0.757,0
46,69,2.325,62.89,4.876,0.7,0
46,70,2.854,64.54,4.663,0.831,0
46,71,2.921,64.23,4.718,0.782,0
46,72,2.914,65.04,4.687,0.966,0
46,73,3.359,61.53,4.795,0.696,0
46,74,3.02,65.74,4.629,0.999,0
46,75,2.78,64.31,4.461,0.974,0
46,76,5.239,66.31,4.727,0.819,0
46,77,3.215,61.39,4.612,0.911,0
46,78,3.016,63.22,4.66,0.688,0
46,79,3.166,63.88,4.619,0.847,0
46,80,3.091,62.11,4.485,0.637,0
46,81,3.202,65.01,4.649,0.912,0
46,82,3.58,65.2,4.484,0.731,0
46,83,3.31,64.22,4.587,0.805,0
46,84,3.193,66.92,4.365,0.923,0
46,85,3.153,63.8,4.491,0.897,0
46,86,3.439,67.26,4.458,0.882,0
46,87,3.553,66.56,4.34,0.805,0
46,88,3.603,67.96,4.41,0.775,0
46,89,3.711,67.84,4.373,0.999,0
46,90,3.774,65.79,4.337,0.604,0
46,91,3.778,67.39,4.423,0.923,0
46,92,4.125,66.23,4.417,0.693,0
46,93,4.059,68.17,4.25,0.809,0
46,94,4.231,69.41,4.32,0.921,0
46,95,4.034,69.01,4.236,0.78,0
46,96,4.16,67.86,4.344,0.766,0
46,97,4.116,69.24,4.357,0.966,0
46,98,4.062,68.91,4.55,0.864,0
46,99,4.291,69.49,4.415,0.956,1
46,100,2.027,61.35,5.12,0.885,0
46,101,1.737,58.26,5.201,0.828,0
46,102,1.611,58.33,5.182,0.964,0
46,103,1.564,58.64,5.176,0.905,0
46,104,1.756,57.91,5.217,0.701,0
46,105,1.786,58.55,5.021,0.933,0
46,106,1.678,56.41,4.983,0.611,0
46,107,1.462,58.65,5.022,0.798,0
46,108,1.868,57.72,4.988,0.637,0
46,109,1.75,59.1,5.09,0.789,0
46,110,1.727,59.36,4.992,0.922,0
46,111,1.755,60.34,5.067,0.88,0
46,112,1.663,55.74,4.828,0.71,0
46,113,3.335,58.82,4.83,0.631,0
46,114,1.769,59.67,5.183,0.86,0
46,115,1.865,59.94,5.196,0.888,0
46,116,1.681,57.19,5.225,0.614,0
46,117,1.665,58.14,5.086,0.866,0
46,118,1.819,59.5,5.181,0.744,0
46,119,1.734,58.87,5.15,0.863,0
46,120,1.981,57.64,5.022,0.962,0
46,121,1.884,56.96,5.226,0.66,0
46,122,1.601,59.05,5.052,0.695,0
46,123,1.636,60.01,5.023,0.767,0
46,124,1.639,60.74,5.028,0.845,0
46,125,1.753,59.3,4.965,0.808,0
46,126,1.529,57.29,5.169,0.715,0
46,127,1.739,58.98,4.994,0.957,0
46,128,1.961,57.57,4.85,0.658,0
46,129,1.766,59.11,5.155,0.802,0
46,130,3.34,59.04,4.915,0.981,0
46,131,2.004,57.73,4.925,0.81,0
46,132,1.447,57.92,5.029,0.635,0
46,133,1.75,59.63,5.151,0.972,0
46,134,2.063,60.08,5.031,0.923,0
46,135,1.967,59.81,4.926,0.739,0
46,136,1.831,60.97,5.047,0.987,0
46,137,1.848,59.22,4.943,0.649,0
46,138,1.877,58.96,4.945,0.723,0
46,139,1.919,58.86,4.895,0.954,0
46,140,2.182,58.16,4.974,0.697,0
46,141,1.898,61.37,4.983,0.893,0
46,142,2.113,60.24,4.713,0.811,0
46,143,2.123,59.14,5.026,0.657,0
46,144,1.979,62.18,5.104,0.872,0
46,145,1.803,57.89,4.791,0.638,0
46,146,2.031,60.58,4.977,0.794,0
46,147,1.957,57.79,5.028,0.757,0
46,148,1.965,60.4,5.118,0.826,0
46,149,1.696,60.47,4.927,0.967,0
46,150,1.862,60.75,4.925,0.795,0
46,151,1.94,61.01,4.799,0.885,0
46,152,1.743,59.92,4.803,0.648,0
46,153,2.005,62.74,4.847,0.95,0
46,154,1.995,60.81,4.9,0.71,0
46,155,2.061,62.37,4.777,0.884,0
46,156,1.824,59.99,4.876,0.697,0
46,157,2.029,61.95,5.066,0.998,0
46,158,1.938,62.81,5.01,0.986,0
46,159,1.972,60.75,4.919,0.772,0
46,160,1.948,60.92,4.692,0.798,0
46,161,2.343,62.37,5.093,0.926,0
46,162,2.15,59.85,4.825,0.674,0
46,163,2.4,63.57,4.895,0.889,0
46,164,2.233,62.58,4.857,0.888,0
46,165,2.622,61.16,4.547,0.645,0
46,166,2.165,60.23,4.833,0.626,0
46,167,2.393,61.57,4.777,0.931,0
46,168,2.567,62.25,4.653,0.693,0
46,169,2.525,60.59,4.72,0.844,0
46,170,2.293,62.34,4.877,0.884,0
46,171,2.646,62.94,4.943,0.905,0
46,172,2.324,62.91,4.883,0.808,0
46,173,2.617,61.41,4.725,0.605,0
46,174,2.671,62.69,4.663,0.833,0
46,175,2.768,61.3,4.751,0.731,0
46,176,2.646,60.04,4.641,0.613,0
46,177,2.725,63.92,4.657,0.909,0
46,178,2.884,65.42,4.741,0.972,0
46,179,2.594,62.23,4.659,0.912,0
46,180,2.732,61.52,4.604,0.621,0
46,181,2.66,64.98,4.625,0.903,0
46,182,2.767,64.36,4.673,0.854,0
46,183,2.959,61.98,4.495,0.681,0
46,184,2.894,64.89,4.552,0.975,0
46,185,3.087,65.49,4.615,0.775,0
46,186,3.017,65.23,4.601,0.978,0
46,187,3.086,65.98,4.574,0.862,0
46,188,2.917,63.39,4.533,0.823,0
46,189,3.177,65.37,4.702,0.994,0
46,190,3.27,67.04,4.575,0.862,0
46,191,3.282,65.21,4.596,0.882,0
46,192,3.179,65.25,4.618,0.758,0
46,193,3.337,66.53,4.504,0.706,0
46,194,3.322,64.28,4.541,0.634,0
46,195,3.249,65.9,4.533,0.733,0
46,196,3.177,66.44,4.731,0.959,0
46,197,3.463,65.54,4.513,0.806,0
46,198,3.365,67.89,4.475,0.762,0
46,199,3.428,65.72,4.506,0.837,0
46,200,3.536,66.08,4.576,0.852,0
46,201,3.568,65.24,4.688,0.844,0
46,202,3.541,66.52,4.371,0.729,0
46,203,3.768,67.01,4.493,0.939,0
46,204,3.509,65.77,4.421,0.639,0
46,205,4.069,67.09,4.556,0.852,0
46,206,3.845,65.63,4.447,0.679,0
46,207,3.835,68.05,4.445,0.9,0
46,208,3.965,66.89,4.481,0.727,0
46,209,4.035,68.83,4.327,0.778,0
46,210,4.294,68.82,4.285,0.969,0
46,211,4.173,66.5,4.245,0.87,0
46,212,3.98,67.28,4.299,0.806,0
46,213,4.312,69.53,4.37,0.729,1
46,214,1.791,57.04,5.197,0.667,0
46,215,1.69,56.02,5.019,0.612,0
46,216,1.796,58.86,5.235,0.616,0
46,217,3.249,59.25,5.05,0.849,0
46,218,2.068,58.19,5.046,0.929,0
46,219,1.649,57.83,5.094,0.705,0
46,220,1.741,55.78,5.022,0.665,0
46,221,1.704,57.69,5.065,0.864,0
46,222,1.75,55.19,5.168,0.686,0
46,223,1.515,57.7,5.026,0.97,0
46,224,1.81,58.85,5.179,0.81,0
46,225,1.761,59.65,5.401,0.96,0
46,226,1.701,58.1,5.065,0.866,0
46,227,1.817,58.13,4.998,0.781,0
46,228,2.007,57.97,5.1,0.658,0
46,229,1.876,57.83,5.164,0.812,0
46,230,1.851,59.28,5.032,0.984,0
46,231,2.059,56.46,5.168,0.689,0
46,232,1.936,58.03,5.208,0.884,0
46,233,1.9,59.65,5.093,0.946,0
46,234,1.721,57.85,5.146,0.631,0
46,235,1.58,57.95,5.164,0.829,0
46,236,1.785,60.11,5.076,0.88,0
46,237,1.837,59.76,5.338,0.663,0
46,238,1.837,58.19,5.17,0.944,0
46,239,1.661,56.96,5.168,0.703,0
46,240,1.587,57.45,5.021,0.975,0
46,241,1.697,58.18,5.17,0.795,0
46,242,1.802,58.15,4.936,0.613,0
46,243,1.527,55.64,4.994,0.714,0
46,244,1.795,60.28,5.062,0.818,0
46,245,1.975,59.15,5.169,0.699,0
46,246,1.68,59.97,5.245,0.832,0
46,247,1.991,56.87,5.191,0.696,0
46,248,1.721,59.16,5.094,0.777,0
46,249,1.543,58.9,4.952,0.853,0
46,250,1.607,57.66,5.14,0.992,0
46,251,2.079,58.41,5.223,0.683,0
46,252,1.606,56.14,5.068,0.769,0
46,253,1.797,59.04,5.027,0.72,0
46,254,2.026,57.42,5.111,0.604,0
46,255,4.508,59.46,5.088,1.0,0
46,256,1.696,58.67,5.119,0.88,0
46,257,1.751,58.3,5.117,0.872,0
46,258,1.586,59.52,5.108,0.887,0
46,259,1.631,57.22,5.133,0.768,0
46,260,1.468,57.56,5.101,0.766,0
46,261,2.02,59.73,4.891,0.661,0
46,262,1.637,59.15,5.024,0.985,0
46,263,1.599,57.61,5.048,0.696,0
46,264,1.906,59.17,5.056,0.906,0
46,265,1.667,60.48,5.202,0.809,0
46,266,1.649,57.78,5.216,0.683,0
46,267,2.086,59.37,5.079,0.88,0
46,268,1.726,57.83,5.167,0.872,0
46,269,1.928,59.28,5.184,0.938,0
46,270,1.88,57.29,5.157,0.642,0
46,271,1.715,57.73,5.054,0.69,0
46,272,1.835,58.19,5.134,0.699,0
46,273,1.816,58.03,5.01,0.676,0
46,274,1.675,59.36,4.946,0.621,0
46,275,1.713,58.65,5.182,0.661,0
46,276,1.578,60.34,5.068,0.837,0
46,277,1.726,59.39,5.062,0.657,0
46,278,2.009,59.95,4.85,0.908,0
46,279,1.834,59.27,5.056,0.917,0
46,280,1.616,58.18,5.19,0.972,0
46,281,1.889,57.79,4.895,0.929,0
46,282,1.874,56.94,5.093,0.64,0
46,283,1.909,58.92,5.031,0.727,0
46,284,1.985,57.58,5.071,0.793,0
46,285,1.407,56.94,5.166,0.779,0
46,286,1.811,58.55,5.071,0.858,0
46,287,1.741,59.94,5.112,0.796,0
46,288,1.89,59.19,5.047,0.942,0
46,289,1.568,57.98,5.064,0.998,0
46,290,1.957,58.66,5.087,0.811,0
46,291,1.934,59.35,4.975,0.902,0
46,292,1.781,57.01,5.145,0.827,0
46,293,1.654,57.57,5.083,0.665,0
46,294,1.859,58.74,5.105,0.758,0
46,295,1.73,58.24,5.016,0.95,0
46,296,1.723,57.38,5.13,0.774,0
46,297,2.024,57.23,5.233,0.784,0
46,298,1.684,59.3,5.125,0.761,0
46,299,1.788,58.84,4.915,0.935,0
46,300,1.842,59.03,5.077,0.654,0
46,301,1.947,59.25,5.005,0.824,0
46,302,1.842,60.13,5.109,0.959,0
46,303,1.786,58.09,5.111,0.642,0
46,304,1.843,59.63,5.194,0.86,0
46,305,1.763,58.48,4.983,0.603,0
46,306,1.716,60.12,4.925,0.999,0
46,307,1.28,57.89,4.992,0.996,0
46,308,1.765,56.92,4.924,0.63,0
46,309,1.689,59.82,5.051,0.644,0
46,310,1.822,58.43,5.017,0.879,0
46,311,1.865,60.45,4.954,0.938,0
46,312,1.731,59.25,5.092,0.868,0
46,313,1.7,56.87,5.047,0.728,0
46,314,1.949,58.09,5.06,0.827,0
46,315,2.988,59.26,5.219,0.79,0
46,316,1.992,58.74,4.934,0.965,0
46,317,1.664,60.16,4.836,0.79,0
46,318,1.836,59.14,4.946,0.925,0
46,319,1.819,58.5,5.132,0.61,0
46,320,2.125,59.85,4.894,0.827,0
46,321,1.869,58.41,5.015,0.792,0
46,322,1.783,59.57,5.059,0.766,0
46,323,1.813,56.48,5.058,0.81,0
46,324,2.032,60.37,5.22,0.986,0
46,325,1.729,60.25,5.14,0.876,0
46,326,1.626,59.41,4.941,0.646,0
46,327,1.785,58.99,5.048,0.667,0
46,328,2.135,57.82,5.103,0.63,0
46,329,1.67,60.4,4.942,0.893,0
46,330,1.734,58.91,5.189,0.668,0
46,331,2.355,61.37,4.867,0.903,0
46,332,3.864,59.56,5.023,0.699,0
46,333,1.774,61.14,5.048,0.955,0
46,334,1.519,60.26,5.043,0.749,0
46,335,2.087,60.52,5.031,0.854,0
46,336,1.805,58.2,5.077,0.744,0
46,337,1.963,56.89,5.138,0.63,0
46,338,2.087,60.2,5.187,0.709,0
46,339,1.915,61.99,5.121,0.992,0
46,340,1.807,57.98,5.09,0.727,0
46,341,1.809,58.71,5.017,0.916,0
46,342,2.33,60.56,4.984,0.891,0
46,343,2.065,61.26,5.162,0.93,0
46,344,2.079,58.26,5.143,0.811,0
46,345,2.055,60.46,4.938,0.695,0
46,346,1.975,59.67,5.104,0.625,0
46,347,1.863,60.77,5.01,0.988,0
46,348,1.975,60.14,5.035,0.793,0
46,349,2.075,60.07,5.093,0.69,0
46,350,2.015,59.11,5.091,0.682,0
46,351,1.966,60.25,4.949,0.922,0
46,352,2.152,59.91,5.036,0.911,0
46,353,2.196,59.43,4.911,0.811,0
46,354,1.881,58.75,4.85,0.819,0
46,355,2.015,59.36,5.044,0.712,0
46,356,2.033,60.15,5.062,0.869,0
46,357,1.894,58.41,4.937,0.772,0
46,358,2.205,60.69,4.968,0.912,0
46,359,1.842,60.02,4.954,0.919,0
46,360,2.035,61.62,4.956,0.741,0
46,361,1.892,60.18,4.978,0.752,0
46,362,2.306,59.69,4.91,0.781,0
46,363,1.801,58.53,4.724,0.823,0
46,364,1.978,59.53,5.042,0.852,0
47,0,2.095,65.44,4.52,0.841,0
47,1,2.299,64.59,4.464,0.813,0
47,2,2.237,65.36,4.622,0.971,0
47,3,2.241,65.18,4.379,0.75,0
47,4,2.219,65.72,4.426,0.813,0
47,5,2.513,65.08,4.414,0.796,0
47,6,2.48,66.99,4.538,0.8,0
47,7,2.511,67.11,4.516,0.98,0
47,8,2.425,65.96,4.679,0.926,0
47,9,2.09,65.22,4.527,0.649,0
47,10,2.076,67.26,4.616,0.797,0
47,11,2.495,67.34,4.548,0.716,0
47,12,2.66,65.12,4.61,0.678,0
47,13,2.67,67.85,4.547,0.901,0
47,14,2.375,67.66,4.604,0.68,0
47,15,2.523,65.57,4.513,0.635,0
47,16,4.586,64.64,4.438,0.848,0
47,17,2.535,66.52,4.638,0.895,0
47,18,2.658,66.2,4.585,0.797,0
47,19,2.775,65.99,4.454,0.623,0
47,20,2.407,67.28,4.445,0.89,0
47,21,2.558,67.38,4.288,0.878,0
47,22,2.593,68.67,4.459,0.767,0
47,23,2.615,64.53,4.366,0.672,0
47,24,2.469,66.65,4.413,0.845,0
47,25,2.726,63.98,4.328,0.65,0
47,26,2.704,64.26,4.492,0.772,0
47,27,2.703,67.13,4.59,0.976,0
47,28,2.644,69.31,4.305,0.991,0
47,29,2.874,67.87,4.326,0.907,0
47,30,2.735,68.47,4.289,0.8,0
47,31,3.114,69.88,4.394,0.787,0
47,32,3.028,66.04,4.272,0.666,0
47,33,2.95,67.6,4.443,0.77,0
47,34,3.175,69.11,4.374,0.975,0
47,35,3.256,68.47,4.258,0.708,0
47,36,3.217,68.21,4.308,0.751,0
47,37,3.066,68.71,4.177,0.846,0
47,38,3.04,70.26,4.264,0.855,0
47,39,3.189,68.61,4.233,0.903,0
47,40,3.284,71.58,4.362,0.99,0
47,41,3.224,67.89,4.293,0.626,0
47,42,3.247,70.64,4.197,0.977,0
47,43,3.366,70.61,4.162,0.911,0
47,44,3.538,72.51,4.184,0.971,0
47,45,3.444,70.12,4.156,0.906,0
47,46,3.234,71.66,4.273,0.788,0
47,47,3.617,70.02,4.148,0.601,0
47,48,5.563,68.54,4.168,0.731,0
47,49,3.566,70.51,4.097,0.747,0
47,50,3.863,70.93,4.048,0.745,0
47,51,3.695,70.34,4.063,0.778,0
47,52,3.666,70.85,4.195,0.81,0
47,53,3.76,71.62,4.142,0.842,0
47,54,3.859,71.9,4.091,0.683,0
47,55,4.102,71.17,4.198,0.791,0
47,56,3.958,72.18,4.293,0.76,0
47,57,3.974,73.76,3.969,0.984,0
47,58,3.813,71.69,4.162,0.937,0
47,59,3.849,75.33,4.028,0.938,0
47,60,4.168,73.5,3.902,0.983,0
47,61,4.08,73.01,3.972,0.742,0
47,62,4.481,72.25,4.043,0.835,0
47,63,4.346,72.62,3.702,0.72,0
47,64,4.889,74.25,4.054,0.91,0
47,65,4.657,75.07,4.066,0.912,0
47,66,4.348,71.32,3.896,0.785,0
47,67,4.769,73.58,3.857,0.914,0
47,68,4.68,75.2,4.031,0.808,0
47,69,4.767,73.31,3.847,0.656,1
47,70,1.957,62.82,4.921,0.829,0
47,71,2.152,63.47,4.734,0.912,0
47,72,2.071,64.05,4.703,0.922,0
47,73,2.166,64.38,4.83,0.926,0
47,74,2.28,64.63,4.648,0.941,0
47,75,2.178,63.98,4.834,0.834,0
47,76,1.996,64.66,4.711,0.874,0
47,77,2.096,63.41,4.731,0.726,0
47,78,2.611,66.1,4.796,0.995,0
47,79,2.031,65.48,4.664,0.978,0
47,80,2.171,63.8,4.839,0.637,0
47,81,2.059,63.7,4.454,0.721,0
47,82,2.18,64.2,4.668,0.917,0
47,83,1.873,65.49,4.637,0.906,0
47,84,2.174,63.95,4.701,0.724,0
47,85,2.173,63.52,4.742,0.88,0
47,86,2.15,62.99,4.748,0.667,0
47,87,2.202,64.08,4.721,0.877,0
47,88,1.913,64.34,4.698,0.986,0
47,89,2.142,62.84,4.876,0.756,0
47,90,2.083,63.24,4.82,0.845,0
47,91,2.426,65.69,4.687,0.999,0
47,92,2.151,63.77,4.742,0.704,0
47,93,2.131,64.35,4.721,0.797,0
47,94,2.222,66.14,4.688,0.94,0
47,95,2.441,65.64,4.744,0.929,0
47,96,2.378,64.75,4.608,0.812,0
47,97,2.348,64.49,4.696,0.71,0
47,98,2.174,66.35,4.761,0.974,0
47,99,2.142,62.78,4.665,0.647,0
47,100,2.587,62.79,4.544,0.706,0
47,101,2.528,63.76,4.714,0.695,0
47,102,2.315,67.42,4.293,0.875,0
47,103,2.488,65.22,4.522,0.776,0
47,104,2.188,64.14,4.667,0.909,0
47,105,2.434,64.23,4.646,0.849,0
47,106,2.223,65.45,4.906,0.729,0
47,107,2.521,65.68,4.541,0.751,0
47,108,2.427,67.06,4.552,0.96,0
47,109,2.397,65.57,4.729,0.83,0
47,110,2.644,64.65,4.768,0.761,0
47,111,2.51,66.21,4.625,0.873,0
47,112,2.375,66.31,4.394,0.859,0
47,113,2.3,64.15,4.614,0.765,0
47,114,2.371,65.19,4.455,0.925,0
47,115,2.602,66.22,4.377,0.878,0
47,116,2.261,68.62,4.465,0.938,0
47,117,2.763,66.99,4.523,0.968,0
47,118,2.339,66.29,4.603,0.895,0
47,119,2.36,67.91,4.686,0.964,0
47,120,2.354,64.82,4.5,0.611,0
47,121,2.7,66.33,4.712,0.99,0
47,122,2.463,67.18,4.419,0.821,0
47,123,2.734,67.65,4.466,0.996,0
47,124,2.574,66.89,4.573,0.853,0
47,125,2.411,67.89,4.453,0.776,0
47,126,2.666,69.49,4.506,0.837,0
47,127,2.488,67.28,4.248,0.935,0
47,128,2.852,68.82,4.381,0.872,0
47,129,2.606,66.19,4.572,0.734,0
47,130,2.689,68.18,4.38,0.837,0
47,131,2.73,70.25,4.516,0.916,0
47,132,2.915,67.77,4.427,0.732,0
47,133,3.082,69.96,4.256,0.995,0
47,134,2.972,67.59,4.354,0.75,0
47,135,3.036,67.21,4.324,0.879,0
47,136,2.942,67.95,4.404,0.621,0
47,137,3.051,67.69,4.513,0.71,0
47,138,3.025,68.07,4.425,0.742,0
47,139,3.127,69.82,4.23,0.983,0
47,140,2.852,67.67,4.341,0.827,0
47,141,3.054,69.56,4.19,0.878,0
47,142,2.983,67.45,4.149,0.647,0
47,143,3.254,69.63,4.322,0.988,0
47,144,3.373,69.07,4.476,0.77,0
47,145,3.121,67.92,4.308,0.722,0
47,146,3.446,71.23,4.308,0.917,0
47,147,3.165,69.39,4.144,0.764,0
47,148,3.571,70.39,4.301,0.947,0
47,149,3.25,69.45,4.16,0.642,0
47,150,3.343,69.7,4.327,0.749,0
47,151,3.29,69.77,4.1,0.833,0
47,152,3.484,72.1,4.222,0.79,0
47,153,3.401,71.08,4.056,0.716,0
47,154,3.692,70.29,4.038,0.787,0
47,155,3.913,70.14,3.975,0.696,0
47,156,3.795,72.13,4.052,0.844,0
47,157,3.804,71.24,4.153,0.829,0
47,158,3.892,71.56,3.988,0.778,0
47,159,3.877,73.05,4.004,0.845,0
47,160,4.174,72.42,3.96,0.767,0
47,161,4.036,72.29,4.183,0.727,0
47,162,3.818,73.29,4.09,0.983,0
47,163,3.981,72.04,3.924,0.714,0
47,164,4.066,71.11,3.772,0.61,0
47,165,4.566,73.88,3.851,0.969,0
47,166,4.392,75.41,4.0,0.952,0
47,167,4.593,73.36,3.885,0.651,0
47,168,4.732,75.26,3.933,0.878,0
47,169,4.589,72.57,3.869,0.688,0
47,170,4.667,74.69,3.92,0.635,1
47,171,2.297,65.18,4.709,0.918,0
47,172,2.243,64.66,4.74,0.709,0
47,173,1.884,64.31,4.617,0.663,0
47,174,2.009,63.22,4.741,0.709,0
47,175,2.395,64.5,4.738,0.758,0
47,176,2.359,64.92,4.644,0.881,0
47,177,2.382,64.51,4.817,0.627,0
47,178,1.94,62.15,4.852,0.755,0
47,179,2.194,64.39,4.921,0.733,0
47,180,2.209,65.32,4.8,0.639,0
47,181,2.708,63.67,4.714,0.836,0
47,182,2.037,65.35,4.605,0.912,0
47,183,2.469,63.87,4.867,0.857,0
47,184,2.055,65.43,4.617,0.987,0
47,185,2.117,67.95,4.905,0.853,0
47,186,2.236,64.83,4.615,0.898,0
47,187,2.27,65.66,4.71,0.998,0
47,188,1.834,63.27,4.596,0.843,0
47,189,2.223,65.97,4.696,0.996,0
47,190,2.134,63.94,4.77,0.605,0
47,191,2.027,65.09,4.623,0.855,0
47,192,2.029,66.93,4.537,0.969,0
47,193,2.309,63.66,4.83,0.687,0
47,194,2.141,63.75,4.733,0.805,0
47,195,2.247,64.49,4.639,0.708,0
47,196,2.351,66.56,4.55,0.762,0
47,197,2.156,64.64,4.514,0.77,0
47,198,2.411,65.0,4.862,0.986,0
47,199,2.283,64.71,4.428,0.831,0
47,200,2.247,66.76,4.52,0.969,0
47,201,2.181,64.47,4.544,0.779,0
47,202,2.373,65.18,4.815,0.803,0
47,203,2.457,64.66,4.412,0.88,0
47,204,2.191,64.22,4.665,0.722,0
47,205,2.217,66.51,4.761,0.944,0
47,206,2.348,63.11,4.789,0.69,0
47,207,2.245,66.32,4.629,0.629,0
47,208,2.393,65.25,4.709,0.653,0
47,209,2.097,62.31,4.726,0.683,0
47,210,2.421,65.83,4.589,0.721,0
47,211,1.902,66.08,4.611,0.675,0
47,212,4.023,65.84,4.543,0.894,0
47,213,2.59,64.82,4.525,0.736,0
47,214,2.524,64.51,4.395,0.71,0
47,215,2.329,65.43,4.638,0.663,0
47,216,2.211,65.14,4.645,0.802,0
47,217,2.384,67.54,4.668,0.954,0
47,218,4.123,64.11,4.608,0.62,0
47,219,2.809,63.15,4.521,0.749,0
47,220,2.296,67.3,4.53,0.773,0
47,221,2.316,65.26,4.578,0.831,0
47,222,2.449,66.89,4.582,0.893,0
47,223,2.339,65.16,4.713,0.605,0
47,224,2.594,66.89,4.329,0.734,0
47,225,2.249,65.81,4.534,0.636,0
47,226,2.752,67.63,4.53,0.677,0
47,227,2.511,66.05,4.647,0.779,0
47,228,2.531,65.86,4.337,0.703,0
47,229,2.694,66.11,4.522,0.67,0
47,230,2.524,65.3,4.665,0.818,0
47,231,2.378,67.39,4.474,0.889,0
47,232,2.577,67.17,4.698,0.709,0
47,233,2.457,67.57,4.571,0.789,0
47,234,2.599,64.5,4.434,0.825,0
47,235,2.606,66.8,4.362,0.662,0
47,236,2.582,66.56,4.402,0.872,0
47,237,2.505,67.26,4.326,0.735,0
47,238,2.264,67.48,4.454,0.794,0
47,239,2.804,68.81,4.431,0.992,0
47,240,2.297,68.31,4.54,0.967,0
47,241,2.722,66.72,4.567,0.665,0
47,242,2.651,67.67,4.518,0.826,0
47,243,2.624,65.79,4.689,0.616,0
47,244,2.741,69.2,4.442,0.641,0
47,245,2.626,68.25,4.432,0.935,0
47,246,5.034,66.53,4.36,0.893,0
47,247,3.052,65.88,4.369,0.694,0
47,248,2.843,67.4,4.363,0.662,0
47,249,2.862,67.83,4.456,0.704,0
47,250,2.663,66.78,4.267,0.606,0
47,251,2.577,67.55,4.527,0.834,0
47,252,2.642,67.68,4.538,0.719,0
47,253,3.121,67.92,4.284,0.969,0
47,254,2.965,67.33,4.288,0.787,0
47,255,3.002,68.88,4.407,0.936,0
47,256,3.187,66.7,4.314,0.608,0
47,257,2.929,69.02,4.388,0.775,0
47,258,2.945,66.44,4.334,0.66,0
47,259,3.02,68.48,4.481,0.634,0
47,260,2.882,66.76,4.248,0.622,0
47,261,2.968,70.53,4.381,0.961,0
47,262,2.798,66.89,4.381,0.783,0
47,263,3.264,67.61,4.321,0.683,0
47,264,3.568,70.44,4.042,0.985,0
47,265,6.285,70.66,4.09,0.89,0
47,266,3.238,70.02,4.292,0.709,0
47,267,3.258,67.24,4.204,0.646,0
47,268,3.238,70.44,4.236,0.956,0
47,269,3.32,70.01,4.333,0.643,0
47,270,3.383,68.61,4.075,0.688,0
47,271,3.307,70.26,4.049,0.63,0
47,272,3.47,67.25,3.986,0.602,0
47,273,3.669,72.73,4.159,0.782,0
47,274,3.394,69.85,4.015,0.812,0
47,275,3.642,69.29,4.178,0.815,0
47,276,3.388,71.98,4.218,0.855,0
47,277,3.643,70.9,4.037,0.825,0
47,278,3.412,70.31,4.191,0.895,0
47,279,3.764,72.58,4.054,0.872,0
47,280,3.895,71.39,4.165,0.734,0
47,281,4.171,71.24,4.209,0.788,0
47,282,4.147,71.44,4.026,0.652,0
47,283,3.743,72.56,4.012,0.899,0
47,284,4.375,72.4,4.145,0.789,0
47,285,4.195,73.85,4.059,0.878,0
47,286,4.048,71.62,4.121,0.659,0
47,287,4.224,72.69,3.999,0.877,0
47,288,4.354,71.79,4.036,0.653,0
47,289,4.249,73.21,4.127,0.951,0
47,290,4.379,72.6,3.887,0.664,0
47,291,4.6,74.5,4.054,0.94,0
47,292,4.585,72.37,3.938,0.67,0
47,293,4.534,74.96,4.172,0.667,0
47,294,4.873,73.22,4.037,0.773,0
47,295,4.768,74.62,4.11,0.85,1
47,296,2.417,63.45,4.936,0.681,0
47,297,2.212,64.59,4.626,0.824,0
47,298,2.01,63.35,4.735,0.744,0
47,299,1.917,64.31,4.717,0.864,0
47,300,2.134,65.29,4.651,0.808,0
47,301,2.127,64.69,4.68,0.97,0
47,302,2.238,63.67,4.71,0.678,0
47,303,2.285,65.53,4.706,0.782,0
47,304,2.04,65.1,4.653,0.824,0
47,305,1.826,63.83,4.761,0.694,0
47,306,1.883,64.86,4.709,0.889,0
47,307,2.15,66.96,4.626,0.984,0
47,308,2.091,64.72,4.619,0.909,0
47,309,2.199,63.73,4.756,0.617,0
47,310,2.058,64.49,4.624,0.824,0
47,311,2.307,65.7,4.772,0.875,0
47,312,2.016,64.1,4.858,0.7,0
47,313,1.954,66.62,4.696,0.881,0
47,314,2.027,64.7,4.838,0.74,0
47,315,2.602,66.01,4.601,0.933,0
47,316,2.311,66.32,4.629,0.888,0
47,317,1.85,64.08,4.618,0.781,0
47,318,2.138,63.54,4.756,0.67,0
47,319,2.22,64.74,4.767,0.838,0
47,320,2.305,62.61,4.798,0.69,0
47,321,2.179,66.4,4.803,0.933,0
47,322,1.78,64.7,4.607,0.746,0
47,323,2.049,63.29,4.612,0.673,0
47,324,2.392,63.95,4.564,0.796,0
47,325,2.307,63.99,4.806,0.68,0
47,326,2.321,64.26,4.584,0.946,0
47,327,2.62,67.17,4.746,0.998,0
47,328,2.169,63.78,4.678,0.841,0
47,329,2.539,63.69,4.548,0.682,0
47,330,2.02,65.31,4.546,0.717,0
47,331,2.091,65.89,4.685,0.987,0
47,332,2.326,63.24,4.583,0.603,0
47,333,2.417,63.22,4.628,0.648,0
47,334,2.202,63.6,4.806,0.666,0
47,335,2.324,63.58,4.693,0.693,0
47,336,2.342,62.95,4.616,0.666,0
47,337,2.375,64.79,4.576,0.9,0
47,338,2.477,67.76,4.681,0.958,0
47,339,2.3,66.73,4.521,0.945,0
47,340,2.186,66.85,4.561,0.888,0
47,341,2.31,64.73,4.657,0.89,0
47,342,2.401,65.56,4.541,0.647,0
47,343,2.229,65.02,4.639,0.941,0
47,344,2.034,63.14,4.692,0.736,0
47,345,2.382,63.81,4.611,0.775,0
47,346,2.374,64.44,4.605,0.617,0
47,347,2.27,67.48,4.637,0.985,0
47,348,1.991,63.57,4.714,0.687,0
47,349,2.094,67.63,4.508,0.981,0
47,350,2.325,64.93,4.656,0.982,0
47,351,2.33,67.57,4.598,0.929,0
47,352,2.19,64.66,4.68,0.927,0
47,353,2.236,66.08,4.708,0.792,0
47,354,2.34,65.92,4.588,0.912,0
47,355,2.111,63.79,4.57,0.601,0
47,356,2.389,64.46,4.716,0.679,0
47,357,2.322,67.1,4.647,0.94,0
47,358,2.571,66.69,4.399,0.987,0
47,359,2.505,64.87,4.67,0.806,0
47,360,2.315,64.17,4.435,0.723,0
47,361,2.515,65.7,4.4,0.892,0
47,362,2.252,63.83,4.686,0.89,0
47,363,2.377,64.82,4.504,0.687,0
47,364,2.25,66.2,4.772,0.804,0
48,0,2.027,59.11,4.763,0.818,0
48,1,2.278,59.0,4.672,0.968,0
48,2,2.267,57.48,4.573,0.72,0
48,3,2.434,59.88,4.681,0.995,0
48,4,2.185,58.19,4.8,0.876,0
48,5,2.22,60.56,4.728,0.884,0
48,6,2.218,56.59,4.66,0.681,0
48,7,2.117,59.94,4.853,0.919,0
48,8,2.177,57.11,4.71,0.861,0
48,9,1.845,59.7,4.782,0.85,0
48,10,2.254,58.35,4.686,0.789,0
48,11,2.123,58.87,4.752,0.654,0
48,12,2.243,58.22,4.82,0.621,0
48,13,2.205,58.53,4.658,0.755,0
48,14,2.468,59.8,4.648,0.615,0
48,15,2.402,61.08,4.72,0.921,0
48,16,2.364,57.29,4.788,0.919,0
48,17,2.153,58.97,4.617,0.712,0
48,18,2.281,57.6,4.551,0.941,0
48,19,2.39,56.68,4.87,0.652,0
48,20,2.126,60.41,4.635,0.901,0
48,21,2.356,57.5,4.633,0.738,0
48,22,2.365,59.51,4.605,0.942,0
48,23,2.186,57.16,4.693,0.695,0
48,24,2.358,58.09,4.556,0.828,0
48,25,2.434,59.51,4.512,0.936,0
48,26,2.192,58.25,4.762,0.737,0
48,27,2.489,61.2,4.76,0.953,0
48,28,2.541,59.94,4.723,0.786,0
48,29,2.503,60.1,4.793,0.98,0
48,30,2.431,61.64,4.648,0.915,0
48,31,2.603,60.53,4.668,0.891,0
48,32,2.293,58.74,4.601,0.89,0
48,33,2.396,58.01,4.553,0.948,0
48,34,2.684,59.31,4.623,0.94,0
48,35,2.593,59.54,4.639,0.843,0
48,36,2.427,60.72,4.65,0.919,0
48,37,2.264,59.76,4.71,0.973,0
48,38,2.453,59.49,4.831,0.826,0
48,39,2.446,60.94,4.754,0.929,0
48,40,2.422,61.9,4.677,0.916,0
48,41,2.184,59.09,4.564,0.769,0
48,42,2.562,59.61,4.648,0.743,0
48,43,2.5,59.18,4.651,0.646,0
48,44,2.709,59.98,4.425,0.609,0
48,45,2.543,59.84,4.773,0.79,0
48,46,2.694,59.69,4.546,0.958,0
48,47,2.322,59.38,4.659,0.873,0
48,48,2.575,60.71,4.726,0.899,0
48,49,2.612,60.99,4.525,0.845,0
48,50,2.892,59.97,4.51,0.712,0
48,51,2.522,59.86,4.621,0.769,0
48,52,2.791,58.95,4.427,0.818,0
48,53,2.663,61.25,4.724,0.939,0
48,54,2.656,60.31,4.687,0.86,0
48,55,2.986,62.7,4.549,0.979,1
48,56,2.194,56.7,4.753,0.72,0
48,57,2.187,56.04,4.838,0.987,0
48,58,1.865,57.35,4.832,0.692,0
48,59,1.937,56.44,4.845,0.698,0
48,60,2.277,55.84,4.581,0.695,0
48,61,1.732,56.25,4.956,0.612,0
48,62,2.3,56.24,4.947,0.758,0
48,63,2.336,55.94,4.757,0.834,0
48,64,2.075,57.22,4.811,0.763,0
48,65,1.972,56.74,4.801,0.679,0
48,66,2.045,56.29,5.117,0.681,0
48,67,1.993,56.54,4.807,0.728,0
48,68,1.889,56.47,4.849,0.653,0
48,69,1.855,56.71,4.754,0.642,0
48,70,1.971,57.47,4.874,0.709,0
48,71,1.814,56.87,4.901,0.723,0
48,72,1.656,55.8,4.797,0.676,0
48,73,1.918,59.07,4.846,0.923,0
48,74,1.939,57.64,4.706,0.812,0
48,75,1.894,58.45,4.732,0.973,0
48,76,1.772,58.08,4.74,0.746,0
48,77,1.86,58.62,4.927,0.975,0
48,78,2.234,55.42,4.75,0.865,0
48,79,2.014,59.22,4.838,0.982,0
48,80,2.161,55.64,4.828,0.604,0
48,81,1.667,57.95,4.767,0.886,0
48,82,1.818,57.02,4.809,0.614,0
48,83,1.933,57.8,4.88,0.777,0
48,84,1.918,54.45,4.829,0.653,0
48,85,1.634,56.02,4.852,0.684,0
48,86,2.06,57.04,4.632,0.609,0
48,87,2.17,55.88,4.972,0.654,0
48,88,2.155,58.39,4.646,0.839,0
48,89,2.003,57.61,4.758,0.922,0
48,90,1.957,57.96,4.885,0.873,0
48,91,2.178,58.27,4.594,0.986,0
48,92,2.067,58.88,4.798,0.974,0
48,93,2.066,59.87,4.815,0.955,0
48,94,2.023,56.7,4.995,0.609,0
48,95,2.145,56.14,4.888,0.747,0
48,96,2.235,55.6,4.761,0.708,0
48,97,5.297,57.68,4.718,0.688,0
48,98,2.066,55.92,4.671,0.747,0
48,99,2.082,58.5,4.636,0.956,0
48,100,2.032,58.9,4.645,0.994,0
48,101,1.982,57.15,4.778,0.671,0
48,102,2.027,56.84,4.67,0.85,0
48,103,2.016,58.78,4.728,0.776,0
48,104,2.1,58.7,4.752,0.984,0
48,105,1.926,56.16,4.585,0.653,0
48,106,1.83,58.36,4.758,0.698,0
48,107,2.199,57.28,4.93,0.657,0
48,108,2.228,57.86,4.842,0.93,0
48,109,2.099,56.75,4.703,0.748,0
48,110,2.182,59.2,4.723,0.845,0
48,111,2.043,57.69,4.656,0.699,0
48,112,2.052,60.92,4.741,1.0,0
48,113,2.247,57.82,4.697,0.647,0
48,114,2.042,56.43,4.661,0.633,0
48,115,1.918,58.6,4.703,0.824,0
48,116,2.123,60.27,4.657,0.895,0
48,117,2.139,57.44,4.771,0.736,0
48,118,1.997,57.33,4.699,0.909,0
48,119,2.224,58.19,4.591,0.856,0
48,120,2.035,59.07,4.675,0.825,0
48,121,2.211,59.95,4.645,0.878,0
48,122,2.347,54.94,4.736,0.636,0
48,123,1.901,59.32,4.871,0.924,0
48,124,2.059,59.04,4.651,0.709,0
48,125,2.01,58.04,4.792,0.757,0
48,126,2.517,58.75,4.824,0.712,0
48,127,2.096,57.42,4.758,0.774,0
48,128,1.972,57.98,4.7,0.719,0
48,129,1.967,57.83,4.674,0.844,0
48,130,1.837,58.27,4.538,0.746,0
48,131,2.286,57.34,4.649,0.634,0
48,132,2.072,56.15,4.7,0.639,0
48,133,2.074,57.31,4.749,0.753,0
48,134,2.111,57.67,4.812,0.74,0
48,135,2.452,61.61,4.612,0.999,0
48,136,2.15,59.33,4.789,0.815,0
48,137,2.199,60.18,4.736,0.887,0
48,138,2.262,57.44,4.625,0.609,0
48,139,2.158,57.83,4.655,0.818,0
48,140,2.421,58.32,4.654,0.764,0
48,141,2.487,57.41,4.564,0.852,0
48,142,2.51,58.12,4.481,0.795,0
48,143,2.296,55.83,4.775,0.643,0
48,144,2.321,57.75,4.716,0.814,0
48,145,2.416,58.54,4.575,0.667,0
48,146,2.435,59.87,4.775,0.911,0
48,147,2.059,60.01,4.647,0.788,0
48,148,2.357,57.43,4.748,0.716,0
48,149,2.369,60.79,4.702,0.841,0
48,150,2.102,60.61,4.489,0.9,0
48,151,2.076,57.21,4.483,0.655,0
48,152,2.418,61.49,4.846,0.828,0
48,153,2.403,58.89,4.723,0.703,0
48,154,2.272,59.17,4.699,0.617,0
48,155,2.433,58.73,4.666,0.609,0
48,156,2.398,58.75,4.534,0.645,0
48,157,2.363,60.31,4.492,0.966,0
48,158,2.079,60.71,4.485,0.844,0
48,159,2.45,59.26,4.633,0.877,0
48,160,2.08,60.68,4.804,0.864,0
48,161,2.436,61.02,4.404,0.812,0
48,162,2.612,59.86,4.707,0.658,0
48,163,2.382,60.12,4.469,0.761,0
48,164,2.605,59.06,4.465,0.752,0
48,165,2.669,62.13,4.576,0.851,0
48,166,2.412,59.3,4.494,0.886,0
48,167,2.299,60.03,4.602,0.725,0
48,168,2.249,59.81,4.777,0.718,0
48,169,2.787,59.75,4.752,0.752,0
48,170,2.477,61.12,4.454,0.931,0
48,171,2.501,60.28,4.597,0.828,0
48,172,2.577,58.56,4.552,0.731,0
48,173,2.538,58.55,4.512,0.669,0
48,174,2.481,58.91,4.407,0.641,0
48,175,2.353,61.13,4.589,0.923,0
48,176,2.561,62.71,4.407,0.947,0
48,177,2.793,58.21,4.58,0.616,0
48,178,2.507,59.94,4.564,0.79,0
48,179,2.668,63.04,4.47,0.975,0
48,180,2.613,61.14,4.429,0.738,0
48,181,2.618,58.75,4.403,0.704,0
48,182,2.502,60.48,4.438,0.687,0
48,183,2.726,61.48,4.506,0.707,0
48,184,2.965,61.4,4.518,0.718,0
48,185,2.638,60.26,4.336,0.819,0
48,186,2.667,61.73,4.442,0.854,0
48,187,2.62,62.74,4.454,0.69,0
48,188,2.662,60.96,4.364,0.629,0
48,189,2.74,61.82,4.453,0.766,0
48,190,2.528,61.17,4.628,0.824,0
48,191,2.687,62.2,4.376,0.881,0
48,192,2.539,60.52,4.569,0.72,0
48,193,2.758,63.57,4.359,0.872,0
48,194,2.684,61.33,4.592,0.92,0
48,195,2.645,65.78,4.562,0.906,0
48,196,2.9,60.2,4.48,0.796,0
48,197,2.888,63.39,4.357,0.875,0
48,198,2.699,61.38,4.304,0.764,0
48,199,2.543,63.12,4.549,0.618,0
48,200,2.822,64.45,4.341,0.915,0
48,201,2.863,61.04,4.393,0.634,0
48,202,2.849,60.96,4.277,0.749,0
48,203,2.99,63.25,4.427,0.715,0
48,204,3.157,61.82,4.376,0.641,0
48,205,2.835,62.15,4.463,0.638,0
48,206,2.882,61.97,4.275,0.624,0
48,207,3.012,63.65,4.167,0.913,0
48,208,3.012,62.09,4.323,0.818,0
48,209,2.782,65.09,4.435,0.997,0
48,210,3.033,62.29,4.294,0.674,0
48,211,2.864,62.35,4.555,0.852,0
48,212,3.225,62.44,4.367,0.624,0
48,213,3.167,64.34,4.504,0.992,0
48,214,3.272,63.11,4.311,0.831,0
48,215,3.211,61.68,4.241,0.699,0
48,216,3.306,64.18,4.228,0.667,0
48,217,2.98,62.25,4.356,0.949,0
48,218,3.077,62.55,4.332,0.614,0
48,219,3.312,65.11,4.396,0.859,0
48,220,2.865,64.16,4.346,0.678,0
48,221,3.388,61.93,4.131,0.886,0
48,222,3.2,64.12,4.29,0.741,0
48,223,3.407,63.36,4.249,0.931,0
48,224,3.513,64.8,4.401,0.99,0
48,225,3.32,62.95,4.243,0.951,0
48,226,3.328,65.1,4.173,0.769,0
48,227,3.52,62.52,4.239,0.728,0
48,228,3.421,63.84,4.305,0.605,0
48,229,3.576,65.92,4.486,0.926,0
48,230,3.727,64.24,4.199,0.976,0
48,231,3.721,66.36,4.191,0.898,0
48,232,3.948,64.53,4.2,0.769,0
48,233,3.643,65.74,4.215,0.873,0
48,234,3.877,63.34,4.307,0.739,0
48,235,3.766,65.64,4.207,0.933,0
48,236,3.827,66.51,4.123,0.909,0
48,237,3.853,61.84,4.148,0.69,0
48,238,4.145,65.62,4.115,0.74,0
48,239,3.612,65.16,4.198,0.765,0
48,240,4.079,67.42,4.08,0.903,0
48,241,4.202,64.3,4.057,0.706,0
48,242,4.032,68.07,4.229,0.989,0
48,243,3.918,65.25,4.096,0.635,0
48,244,4.012,65.63,4.106,0.794,0
48,245,4.297,63.14,4.166,0.677,0
48,246,4.096,68.2,4.083,0.801,0
48,247,4.193,68.0,4.05,0.987,0
48,248,4.175,66.68,4.052,0.839,0
48,249,4.459,67.11,4.079,0.793,0
48,250,4.378,67.59,4.035,0.905,0
48,251,4.485,64.84,4.048,0.799,0
48,252,4.166,69.17,3.828,0.869,0
48,253,4.387,66.74,4.07,0.875,0
48,254,4.487,65.74,4.073,0.769,0
48,255,4.18,67.58,4.191,0.7,0
48,256,4.503,65.81,3.879,0.717,0
48,257,4.443,67.8,3.983,0.762,1
48,258,2.112,57.93,4.737,0.882,0
48,259,1.797,59.09,4.804,0.928,0
48,260,1.946,59.23,4.746,0.927,0
48,261,2.124,57.19,4.695,0.76,0
48,262,2.012,57.76,4.818,0.995,0
48,263,1.746,58.34,4.708,0.917,0
48,264,1.84,56.59,4.836,0.939,0
48,265,2.025,55.16,4.791,0.68,0
48,266,2.009,55.63,4.803,0.613,0
48,267,2.075,53.3,4.631,0.602,0
48,268,1.895,57.14,4.702,0.86,0
48,269,2.117,58.35,4.744,0.746,0
48,270,2.073,57.35,4.635,0.832,0
48,271,1.996,58.19,4.618,0.956,0
48,272,2.009,59.25,4.855,0.968,0
48,273,2.133,57.29,4.651,0.681,0
48,274,2.31,58.35,4.714,0.995,0
48,275,2.069,59.26,4.853,0.93,0
48,276,2.019,59.51,4.819,0.917,0
48,277,2.117,56.26,4.929,0.605,0
48,278,2.413,57.45,4.794,0.607,0
48,279,2.185,58.66,4.964,0.898,0
48,280,2.113,57.34,4.757,0.67,0
48,281,2.483,57.25,4.661,0.753,0
48,282,2.286,57.64,4.663,0.805,0
48,283,2.106,58.34,4.643,0.834,0
48,284,1.957,57.69,4.755,0.75,0
48,285,2.008,58.96,4.795,0.951,0
48,286,2.178,60.15,4.674,0.836,0
48,287,2.127,57.59,4.603,0.803,0
48,288,2.461,59.54,4.526,0.845,0
48,289,2.151,58.16,4.64,0.808,0
48,290,2.249,60.15,4.663,0.762,0
48,291,2.239,58.89,4.548,0.651,0
48,292,2.382,61.08,4.593,0.988,0
48,293,2.272,58.73,4.819,0.691,0
48,294,2.546,59.99,4.33,0.747,0
48,295,2.513,59.97,4.529,0.754,0
48,296,2.485,61.3,4.643,0.973,0
48,297,2.596,58.73,4.588,0.753,0
48,298,2.566,62.76,4.479,0.951,0
48,299,2.763,61.7,4.592,0.76,0
48,300,2.47,58.44,4.47,0.728,0
48,301,2.663,59.54,4.58,0.65,0
48,302,2.91,62.07,4.404,0.945,0
48,303,2.846,60.84,4.58,0.685,0
48,304,2.68,59.99,4.467,0.827,0
48,305,2.595,60.85,4.514,0.626,0
48,306,2.802,60.71,4.352,0.795,0
48,307,2.905,62.05,4.533,0.839,0
48,308,2.63,61.86,4.533,0.988,0
48,309,2.877,61.07,4.397,0.669,0
48,310,3.0,61.75,4.285,0.872,0
48,311,2.994,64.46,4.638,0.841,0
48,312,3.166,61.64,4.468,0.642,0
48,313,3.483,60.14,4.376,0.639,0
48,314,3.195,64.04,4.359,0.956,0
48,315,3.42,63.59,4.182,0.754,0
48,316,3.383,62.51,4.332,0.613,0
48,317,3.409,64.16,4.42,0.89,0
48,318,3.528,62.73,4.133,0.753,0
48,319,3.616,62.2,4.188,0.756,0
48,320,3.41,66.06,4.307,0.954,0
48,321,3.897,64.06,4.191,0.783,0
48,322,3.842,62.93,4.089,0.641,0
48,323,3.75,64.91,4.206,0.608,0
48,324,3.858,65.8,4.337,0.819,0
48,325,3.622,66.1,4.021,0.653,0
48,326,4.048,64.83,4.199,0.658,0
48,327,4.35,67.83,4.266,0.936,0
48,328,4.576,68.0,3.893,0.966,0
48,329,4.329,68.44,4.199,0.711,0
48,330,4.642,68.69,3.996,0.849,0
48,331,4.623,65.97,4.029,0.69,1
48,332,2.303,55.55,4.609,0.669,0
48,333,2.252,57.98,4.813,0.933,0
48,334,2.086,57.76,4.925,0.94,0
48,335,1.924,56.94,4.742,0.859,0
48,336,1.839,56.05,4.64,0.786,0
48,337,1.926,55.73,4.8,0.78,0
48,338,2.164,57.45,4.895,0.84,0
48,339,1.938,58.06,4.729,0.865,0
48,340,3.522,57.54,4.767,0.989,0
48,341,2.241,58.76,4.75,0.703,0
48,342,1.962,56.29,4.932,0.792,0
48,343,1.972,56.78,4.635,0.703,0
48,344,2.006,58.1,4.898,0.853,0
48,345,2.045,60.14,4.845,0.99,0
48,346,2.329,59.75,4.853,0.981,0
48,347,2.148,57.86,4.553,0.802,0
48,348,2.08,57.2,4.775,0.911,0
48,349,1.843,58.25,4.809,0.898,0
48,350,2.124,58.07,4.798,0.774,0
48,351,1.938,59.27,4.905,0.856,0
48,352,1.816,55.74,4.873,0.652,0
48,353,2.094,59.03,4.785,0.793,0
48,354,2.246,58.12,4.782,0.624,0
48,355,2.13,58.46,4.695,0.865,0
48,356,2.093,57.94,4.748,0.8,0
48,357,2.216,56.55,4.802,0.673,0
48,358,2.207,60.01,4.705,0.92,0
48,359,1.781,58.79,4.718,0.914,0
48,360,2.225,56.89,4.724,0.846,0
48,361,1.857,58.81,4.721,0.808,0
48,362,2.251,59.66,4.7,0.928,0
48,363,2.058,57.86,4.904,0.712,0
48,364,2.301,59.16,4.741,0.88,0
49,0,2.449,65.87,4.586,0.914,0
49,1,2.299,66.36,4.588,0.952,0
49,2,2.496,66.24,4.64,0.823,0
49,3,2.435,64.71,4.564,0.868,0
49,4,2.264,64.41,4.575,0.895,0
49,5,2.614,64.98,4.637,0.933,0
49,6,2.259,65.7,4.457,0.984,0
49,7,2.633,64.8,4.665,0.668,0
49,8,2.422,66.6,4.637,0.727,0
49,9,2.677,65.59,4.736,0.99,0
49,10,1.917,64.92,4.568,0.88,0
49,11,2.37,65.85,4.71,0.828,0
49,12,2.412,65.44,4.548,0.735,0
49,13,2.416,64.58,4.575,0.769,0
49,14,2.728,65.96,4.513,0.63,0
49,15,2.255,68.33,4.373,0.924,0
49,16,2.275,65.92,4.564,0.922,0
49,17,2.521,66.82,4.384,0.811,0
49,18,2.849,63.98,4.667,0.674,0
49,19,2.586,66.23,4.592,0.834,0
49,20,2.634,65.43,4.527,0.821,0
49,21,2.389,65.75,4.552,0.841,0
49,22,2.562,64.95,4.762,0.815,0
49,23,2.471,65.33,4.588,0.881,0
49,24,2.574,65.56,4.61,0.909,0
49,25,2.715,64.42,4.589,0.709,0
49,26,2.45,66.36,4.424,0.728,0
49,27,2.868,66.74,4.605,0.701,0
49,28,2.556,65.91,4.539,0.864,0
49,29,2.842,66.67,4.458,0.822,0
49,30,2.821,67.97,4.432,0.94,0
49,31,2.661,65.79,4.523,0.787,0
49,32,2.617,66.22,4.543,0.981,0
49,33,2.723,67.78,4.456,0.957,0
49,34,2.632,65.61,4.481,0.862,0
49,35,2.786,66.47,4.492,0.945,0
49,36,2.603,64.92,4.445,0.635,0
49,37,2.848,67.66,4.569,0.904,0
49,38,2.868,66.84,4.335,0.752,0
49,39,2.929,66.92,4.369,0.829,0
49,40,2.796,67.31,4.461,0.965,0
49,41,2.637,67.89,4.393,0.883,0
49,42,2.833,66.3,4.438,0.85,0
49,43,2.984,65.52,4.559,0.616,0
49,44,2.703,67.52,4.35,0.82,0
49,45,2.883,67.41,4.467,0.614,0
49,46,3.221,68.71,4.552,0.698,0
49,47,2.862,64.85,4.635,0.694,0
49,48,3.055,65.63,4.389,0.665,0
49,49,2.959,68.64,4.293,0.983,0
49,50,2.868,67.49,4.421,0.858,0
49,51,3.198,66.71,4.417,0.836,0
49,52,3.016,68.86,4.562,0.875,0
49,53,2.979,67.37,4.353,0.77,0
49,54,3.32,66.18,4.457,0.87,0
49,55,2.94,65.56,4.439,0.673,1
49,56,2.167,62.91,4.864,0.663,0
49,57,2.284,65.87,4.52,0.831,0
49,58,2.233,63.67,4.78,0.603,0
49,59,2.144,63.41,4.93,0.8,0
49,60,2.571,63.3,4.704,0.63,0
49,61,2.304,66.37,4.913,0.789,0
49,62,2.295,64.77,4.831,0.748,0
49,63,2.313,64.13,4.64,0.857,0
49,64,2.111,65.29,4.757,0.602,0
49,65,2.054,65.49,4.67,0.867,0
49,66,2.437,65.62,4.634,0.971,0
49,67,2.287,63.44,4.685,0.774,0
49,68,2.173,65.74,4.691,0.97,0
49,69,2.422,63.37,4.733,0.72,0
49,70,2.319,64.81,4.544,0.811,0
49,71,2.452,66.47,4.666,1.0,0
49,72,2.505,65.48,4.514,0.916,0
49,73,2.199,61.92,4.51,0.671,0
49,74,2.353,64.67,4.723,0.771,0
49,75,2.294,65.58,4.653,0.895,0
49,76,2.144,64.32,4.834,0.922,0
49,77,2.37,64.4,4.743,0.966,0
49,78,1.905,64.56,4.725,0.921,0
49,79,2.395,65.53,4.79,0.809,0
49,80,2.304,62.12,4.666,0.643,0
49,81,2.504,65.79,4.589,0.905,0
49,82,1.979,62.56,4.672,0.652,0
49,83,2.342,65.9,4.606,0.968,0
49,84,2.325,64.67,4.661,0.619,0
49,85,2.37,63.36,4.58,0.795,0
49,86,2.138,61.95,4.775,0.604,0
49,87,2.216,66.35,4.798,0.861,0
49,88,2.316,67.26,4.711,0.764,0
49,89,2.579,63.78,4.642,0.747,0
49,90,2.45,61.49,4.794,0.61,0
49,91,2.504,60.53,4.745,0.62,0
49,92,2.433,63.31,4.754,0.788,0
49,93,2.278,64.2,4.659,0.769,0
49,94,2.382,64.15,4.626,0.895,0
49,95,2.354,62.94,4.693,0.677,0
49,96,2.213,61.91,4.51,0.605,0
49,97,2.559,66.16,4.746,0.879,0
49,98,2.465,63.19,4.638,0.992,0
49,99,2.491,64.1,4.615,0.753,0
49,100,2.533,63.94,4.647,0.612,0
49,101,2.351,64.16,4.643,0.743,0
49,102,2.367,62.3,4.677,0.61,0
49,103,2.338,65.6,4.712,0.756,0
49,104,2.231,62.99,4.68,0.902,0
49,105,2.657,61.48,4.681,0.715,0
49,106,2.382,64.46,4.577,0.674,0
49,107,2.333,66.56,4.755,0.987,0
49,108,2.654,65.79,4.547,0.899,0
49,109,2.403,63.38,4.688,0.726,0
49,110,2.258,63.62,4.795,0.727,0
49,111,2.394,65.67,4.564,0.865,0
49,112,2.257,63.11,4.567,0.735,0
49,113,2.455,65.07,4.555,0.622,0
49,114,2.367,65.34,4.639,0.701,0
49,115,2.273,64.38,4.625,0.648,0
49,116,2.239,64.36,4.631,0.773,0
49,117,2.469,66.64,4.687,0.869,0
49,118,2.124,64.5,4.52,0.823,0
49,119,2.332,64.04,4.482,0.854,0
49,120,2.397,64.31,4.621,0.793,0
49,121,2.289,62.6,4.606,0.648,0
49,122,2.514,63.34,4.661,0.759,0
49,123,2.36,65.11,4.723,0.952,0
49,124,2.516,64.11,4.467,0.727,0
49,125,2.351,66.92,4.675,0.823,0
49,126,2.355,64.78,4.652,0.794,0
49,127,2.348,63.62,4.571,0.657,0
49,128,2.455,63.55,4.712,0.903,0
49,129,2.511,63.66,4.529,0.638,0
49,130,2.486,67.27,4.56,0.915,0
49,131,2.517,65.33,4.642,0.949,0
49,132,2.356,66.65,4.488,0.879,0
49,133,2.265,65.42,4.651,0.719,0
49,134,2.288,67.71,4.512,0.994,0
49,135,2.359,63.07,4.556,0.622,0
49,136,2.583,64.67,4.577,0.729,0
49,137,2.053,64.26,4.548,0.627,0
49,138,2.244,67.27,4.46,0.987,0
49,139,2.105,64.96,4.541,0.822,0
49,140,2.526,63.67,4.553,0.745,0
49,141,2.386,64.63,4.654,0.74,0
49,142,2.414,64.4,4.687,0.687,0
49,143,2.342,63.47,4.517,0.743,0
49,144,2.229,64.83,4.656,0.75,0
49,145,2.585,66.1,4.705,0.851,0
49,146,2.548,65.17,4.417,0.607,0
49,147,2.447,64.45,4.615,0.737,0
49,148,2.553,65.3,4.666,0.875,0
49,149,2.314,67.43,4.248,0.823,0
49,150,2.583,65.25,4.532,0.652,0
49,151,2.607,64.98,4.435,0.697,0
49,152,2.602,65.95,4.606,0.743,0
49,153,2.157,65.88,4.471,0.861,0
49,154,2.284,65.91,4.584,0.822,0
49,155,2.222,66.57,4.508,0.889,0
49,156,2.423,63.44,4.496,0.621,0
49,157,2.485,65.81,4.369,0.737,0
49,158,2.438,66.38,4.454,0.96,0
49,159,2.932,66.23,4.49,0.78,0
49,160,2.378,65.71,4.535,0.94,0
49,161,2.61,66.26,4.293,0.926,0
49,162,2.5,64.0,4.586,0.644,0
49,163,2.514,67.6,4.345,0.873,0
49,164,2.455,66.38,4.552,0.967,0
49,165,2.479,66.64,4.428,0.742,0
49,166,3.782,65.84,4.407,0.686,0
49,167,2.277,65.93,4.429,0.883,0
49,168,2.479,67.75,4.577,0.973,0
49,169,2.765,65.57,4.391,0.699,0
49,170,2.745,66.86,4.585,0.976,0
49,171,2.712,65.33,4.693,0.738,0
49,172,2.615,66.7,4.524,0.973,0
49,173,2.507,64.86,4.481,0.7,0
49,174,2.357,65.8,4.361,0.644,0
49,175,2.201,66.08,4.455,0.964,0
49,176,2.408,66.39,4.481,0.874,0
49,177,2.753,64.62,4.268,0.699,0
49,178,2.377,64.95,4.502,0.672,0
49,179,2.858,66.35,4.541,0.703,0
49,180,2.74,65.0,4.651,0.668,0
49,181,2.415,65.78,4.794,0.665,0
49,182,2.638,66.04,4.429,0.999,0
49,183,2.346,65.98,4.561,0.669,0
49,184,2.62,65.16,4.455,0.711,0
49,185,2.577,64.98,4.384,0.799,0
49,186,2.804,67.39,4.516,0.782,0
49,187,2.506,67.15,4.432,0.924,0
49,188,2.316,65.8,4.529,0.812,0
49,189,2.581,66.66,4.285,0.776,0
49,190,2.643,67.78,4.604,0.8,0
49,191,2.465,65.84,4.507,0.745,0
49,192,2.908,66.12,4.346,0.843,0
49,193,2.422,64.21,4.569,0.823,0
49,194,2.445,68.17,4.377,0.816,0
49,195,2.587,66.97,4.478,0.835,0
49,196,2.475,69.02,4.589,0.8,0
49,197,2.631,68.17,4.501,0.775,0
49,198,2.682,67.76,4.405,0.902,0
49,199,2.72,67.7,4.347,0.791,0
49,200,2.438,66.82,4.404,0.938,0
49,201,2.572,67.54,4.455,0.917,0
49,202,2.693,67.38,4.521,0.638,0
49,203,2.724,67.26,4.504,0.682,0
49,204,2.645,65.85,4.376,0.611,0
49,205,2.84,67.91,4.637,0.608,0
49,206,2.659,68.9,4.341,0.834,0
49,207,2.621,66.54,4.654,0.752,0
49,208,2.877,66.42,4.358,0.638,0
49,209,2.764,67.63,4.364,0.778,0
49,210,2.823,69.51,4.324,0.79,0
49,211,2.43,66.34,4.412,0.878,0
49,212,2.529,67.24,4.306,0.744,0
49,213,2.783,66.55,4.332,0.885,0
49,214,2.838,66.51,4.524,0.929,0
49,215,2.622,65.92,4.418,0.716,0
49,216,2.727,67.97,4.226,0.925,0
49,217,2.722,67.95,4.416,0.692,0
49,218,2.983,67.66,4.652,0.735,0
49,219,2.932,66.74,4.399,0.685,0
49,220,2.75,67.3,4.266,0.806,0
49,221,2.974,67.89,4.368,0.837,0
49,222,2.886,67.63,4.437,0.722,0
49,223,2.708,67.7,4.444,0.648,0
49,224,2.824,66.96,4.223,0.921,0
49,225,2.746,69.79,4.438,0.93,0
49,226,2.786,68.79,4.333,0.742,0
49,227,2.914,69.72,4.349,0.996,0
49,228,2.992,66.86,4.344,0.637,0
49,229,2.989,68.38,4.21,0.747,0
49,230,3.002,68.3,4.103,0.64,0
49,231,3.337,67.92,4.471,0.715,0
49,232,2.945,68.53,4.329,0.933,0
49,233,3.093,68.4,4.489,0.758,0
49,234,2.973,70.0,4.364,0.892,0
49,235,3.119,66.97,4.339,0.722,0
49,236,2.997,70.0,4.274,0.682,0
49,237,2.574,70.22,4.157,0.97,0
49,238,3.275,66.49,4.272,0.638,0
49,239,3.052,67.92,4.359,0.681,0
49,240,3.333,68.66,4.244,0.622,0
49,241,3.269,69.26,4.234,0.887,0
49,242,3.177,69.77,4.244,0.671,0
49,243,3.208,68.33,4.304,0.655,0
49,244,3.202,69.32,4.243,0.964,0
49,245,3.041,68.39,4.27,0.818,0
49,246,3.245,69.28,4.202,0.899,0
49,247,3.182,69.25,4.273,0.805,0
49,248,3.28,68.6,4.171,0.738,0
49,249,3.328,69.57,4.124,0.612,0
49,250,3.406,69.17,4.067,0.876,0
49,251,3.458,69.86,4.245,0.762,0
49,252,3.171,69.35,4.46,0.935,0
49,253,3.43,70.17,4.261,0.933,0
49,254,3.018,69.94,4.142,0.687,0
49,255,3.286,71.41,4.13,0.867,0
49,256,3.479,69.33,4.098,0.753,0
49,257,3.383,69.1,4.349,0.709,0
49,258,3.278,70.75,4.05,0.792,0
49,259,3.352,71.46,4.223,0.906,0
49,260,3.376,72.36,4.31,0.954,0
49,261,3.33,69.41,4.136,0.768,0
49,262,3.35,69.63,4.239,0.768,0
49,263,3.548,70.73,4.243,0.977,0
49,264,3.601,68.68,4.102,0.652,0
49,265,3.498,69.85,4.239,0.693,0
49,266,3.469,71.04,4.263,0.74,0
49,267,3.599,70.42,4.196,0.721,0
49,268,3.443,70.0,3.875,0.845,0
49,269,3.729,71.57,4.21,0.838,0
49,270,3.239,71.48,4.204,0.888,0
49,271,3.64,69.11,4.077,0.699,0
49,272,3.54,70.9,3.999,0.67,0
49,273,3.795,70.66,4.224,0.701,0
49,274,3.655,70.35,4.31,0.825,0
49,275,3.691,71.5,4.264,0.909,0
49,276,3.734,72.66,3.987,0.987,0
49,277,3.606,70.66,4.119,0.634,0
49,278,3.738,70.59,4.019,0.848,0
49,279,3.753,72.72,3.952,0.921,0
49,280,3.913,70.91,4.233,0.909,0
49,281,3.745,69.23,4.309,0.82,0
49,282,3.858,72.94,4.088,0.795,0
49,283,4.181,71.5,3.969,0.76,0
49,284,3.726,72.43,4.133,0.903,0
49,285,3.941,72.46,3.959,0.89,0
49,286,3.869,72.73,4.048,0.914,0
49,287,4.07,72.2,4.06,0.944,0
49,288,4.029,72.57,4.145,0.777,0
49,289,4.088,71.52,4.152,0.634,0
49,290,3.961,71.77,4.206,0.866,0
49,291,4.305,69.98,3.987,0.65,0
49,292,3.828,71.68,4.257,0.963,0
49,293,3.992,69.84,4.039,0.631,0
49,294,4.21,74.09,4.166,0.831,0
49,295,4.066,73.06,4.027,0.859,0
49,296,4.137,73.86,4.025,0.995,0
49,297,4.016,71.65,3.875,0.903,0
49,298,4.291,71.67,4.02,0.851,0
49,299,4.377,71.37,4.019,0.616,0
49,300,4.593,72.66,3.992,0.776,0
49,301,4.293,73.59,4.338,0.811,0
49,302,4.367,72.74,3.997,0.694,0
49,303,4.232,71.07,3.937,0.706,0
49,304,4.341,73.96,3.984,0.913,0
49,305,4.516,70.58,4.002,0.754,0
49,306,4.343,72.77,3.901,0.992,0
49,307,4.514,73.4,3.761,0.813,0
49,308,4.479,73.7,3.85,0.793,0
49,309,4.562,73.85,3.86,0.905,0
49,310,4.548,74.14,3.854,0.925,0
49,311,4.383,73.98,3.827,0.811,0
49,312,4.484,70.63,3.858,0.605,0
49,313,4.349,72.72,3.675,0.617,0
49,314,4.717,72.96,4.14,0.646,0
49,315,4.659,74.49,3.86,0.974,0
49,316,4.445,70.46,4.07,0.808,0
49,317,4.42,73.42,3.999,0.83,0
49,318,4.333,72.07,3.969,0.773,0
49,319,4.762,71.84,3.929,0.627,0
49,320,4.586,73.68,3.697,0.991,0
49,321,4.594,73.73,3.915,0.79,0
49,322,4.836,73.04,3.789,0.604,0
49,323,4.68,75.39,3.721,0.868,0
49,324,4.934,74.41,3.893,0.852,1
49,325,2.041,64.39,4.475,0.941,0
49,326,2.082,63.38,4.603,0.831,0
49,327,2.192,65.64,4.644,0.931,0
49,328,2.184,63.4,4.548,0.876,0
49,329,2.372,64.27,4.427,0.759,0
49,330,2.352,65.13,4.581,0.863,0
49,331,2.592,64.78,4.68,0.891,0
49,332,2.158,63.91,4.527,0.612,0
49,333,2.406,63.86,4.639,0.792,0
49,334,2.254,62.03,4.666,0.619,0
49,335,2.217,64.37,4.706,0.719,0
49,336,2.283,65.02,4.676,0.998,0
49,337,2.265,64.74,4.719,0.624,0
49,338,2.288,66.17,4.63,0.987,0
49,339,2.117,64.84,4.71,0.805,0
49,340,2.314,63.86,4.57,0.842,0
49,341,2.485,63.11,4.687,0.789,0
49,342,2.344,63.12,4.613,0.71,0
49,343,2.568,66.0,4.613,0.949,0
49,344,2.239,64.69,4.631,0.87,0
49,345,2.299,65.16,4.623,0.954,0
49,346,2.214,63.68,4.635,0.72,0
49,347,2.238,62.98,4.637,0.719,0
49,348,2.326,63.62,4.693,0.949,0
49,349,2.358,65.65,4.559,0.97,0
49,350,2.273,65.37,4.699,0.879,0
49,351,2.345,65.19,4.849,0.758,0
49,352,2.411,64.82,4.591,0.88,0
49,353,2.336,62.7,4.629,0.736,0
49,354,2.352,66.72,4.606,0.97,0
49,355,2.574,65.78,4.744,0.804,0
49,356,2.38,63.61,4.554,0.715,0
49,357,2.465,66.15,4.472,0.957,0
49,358,2.394,62.22,4.482,0.605,0
49,359,2.226,64.52,4.634,0.787,0
49,360,2.248,63.19,4.766,0.701,0
49,361,2.233,64.57,4.7,0.829,0
49,362,2.338,61.98,4.524,0.617,0
49,363,2.249,64.35,4.722,0.606,0
49,364,2.193,64.6,4.546,0.71,0
50,0,1.868,62.7,4.881,0.753,0
50,1,1.894,63.47,4.988,0.905,0
50,2,1.687,61.54,5.104,0.718,0
50,3,2.17,62.26,4.739,0.603,0
50,4,1.853,64.99,5.058,0.951,0
50,5,1.908,61.62,4.944,0.635,0
50,6,2.108,62.6,4.983,0.652,0
50,7,1.878,64.04,5.057,0.848,0
50,8,1.613,62.46,5.043,0.62,0
50,9,1.811,62.47,4.851,0.615,0
50,10,2.07,64.6,5.01,0.877,0
50,11,1.937,64.44,4.956,0.721,0
50,12,2.015,64.02,5.103,0.764,0
50,13,1.988,63.03,5.018,0.805,0
50,14,2.189,62.04,5.163,0.934,0
50,15,2.091,62.83,4.938,0.631,0
50,16,1.837,62.11,4.828,0.709,0
50,17,1.838,63.42,4.909,0.616,0
50,18,1.858,63.96,5.055,0.748,0
50,19,2.269,62.87,4.8,0.745,0
50,20,2.033,63.14,5.042,0.841,0
50,21,2.176,63.86,5.07,0.693,0
50,22,1.933,64.23,4.969,0.799,0
50,23,2.012,64.77,4.774,0.9,0
50,24,1.949,66.3,4.832,0.993,0
50,25,2.37,61.83,4.969,0.725,0
50,26,2.093,62.74,4.804,0.765,0
50,27,1.809,61.99,4.702,0.602,0
50,28,2.066,64.94,4.898,0.761,0
50,29,2.071,66.25,5.023,0.94,0
50,30,2.053,64.84,4.842,0.847,0
50,31,2.203,65.79,4.88,0.974,0
50,32,2.125,62.92,4.916,0.795,0
50,33,1.959,65.04,4.959,0.855,0
50,34,2.243,63.81,4.894,0.738,0
50,35,2.101,66.48,4.877,0.847,0
50,36,2.439,66.24,4.722,0.88,0
50,37,2.47,66.69,4.88,0.96,0
50,38,2.413,65.33,4.821,0.87,0
50,39,2.446,65.52,4.947,0.802,0
50,40,2.385,65.25,4.657,0.91,0
50,41,2.328,65.97,4.79,0.652,0
50,42,2.402,65.37,4.879,0.821,0
50,43,2.192,66.36,4.94,0.63,0
50,44,2.536,66.24,4.725,0.725,0
50,45,2.527,65.8,4.577,0.75,0
50,46,2.223,65.01,4.754,0.651,0
50,47,2.635,64.9,4.856,0.664,0
50,48,2.608,63.77,4.88,0.734,0
50,49,2.749,65.09,4.717,0.69,0
50,50,2.53,68.31,4.755,0.97,0
50,51,2.439,66.59,4.692,0.932,0
50,52,3.532,64.65,4.766,0.603,0
50,53,2.847,67.2,4.632,0.821,0
50,54,2.741,67.22,4.739,0.637,0
50,55,2.863,68.18,4.937,0.949,0
50,56,2.608,65.51,4.622,0.689,0
50,57,2.564,66.69,4.639,0.644,0
50,58,2.717,64.18,4.634,0.634,0
50,59,2.734,68.63,4.638,0.868,0
50,60,2.964,66.44,4.643,0.62,0
50,61,2.808,67.07,4.668,0.689,0
50,62,2.927,68.82,4.65,0.843,0
50,63,2.89,66.83,4.631,0.679,0
50,64,2.823,69.36,4.434,0.858,0
50,65,2.858,67.96,4.647,0.908,0
50,66,3.139,65.61,4.73,0.634,0
50,67,3.001,66.27,4.73,0.77,0
50,68,3.078,68.45,4.603,0.917,0
50,69,2.959,67.38,4.644,0.675,0
50,70,3.14,68.05,4.621,0.718,0
50,71,3.093,67.59,4.662,0.609,0
50,72,2.923,69.31,4.561,0.665,0
50,73,3.285,68.04,4.637,0.698,0
50,74,3.159,66.59,4.561,0.916,0
50,75,3.22,69.1,4.375,0.912,0
50,76,3.104,64.99,4.655,0.746,0
50,77,3.342,68.01,4.488,0.837,0
50,78,3.367,69.29,4.527,0.908,0
50,79,3.432,69.99,4.499,0.937,0
50,80,3.416,71.4,4.383,0.966,0
50,81,3.632,68.93,4.339,0.666,0
50,82,3.489,69.8,4.485,0.91,0
50,83,3.677,69.32,4.46,0.912,0
50,84,3.625,68.51,4.326,0.785,0
50,85,3.952,69.67,4.491,0.694,0
50,86,3.893,70.39,4.483,0.874,0
50,87,3.828,69.1,4.496,0.651,0
50,88,3.841,69.07,4.569,0.736,0
50,89,4.009,68.17,4.287,0.84,0
50,90,4.105,69.36,4.436,0.602,0
50,91,3.679,69.49,4.502,0.647,0
50,92,3.839,71.92,4.389,0.896,0
50,93,3.627,68.85,4.443,0.62,0
50,94,3.705,70.32,4.564,0.664,0
50,95,4.224,72.02,4.303,0.937,0
50,96,4.092,72.28,4.317,0.921,0
50,97,3.767,73.03,4.511,0.877,0
50,98,3.847,71.74,4.306,0.84,0
50,99,3.906,70.08,4.396,0.647,0
50,100,4.29,73.29,4.52,0.98,0
50,101,4.457,72.3,4.132,0.741,0
50,102,4.313,72.14,4.252,0.94,0
50,103,4.182,70.57,4.133,0.697,0
50,104,4.257,71.2,4.232,0.862,1
50,105,1.848,61.62,4.981,0.982,0
50,106,1.821,60.54,5.112,0.696,0
50,107,1.734,62.12,5.056,0.818,0
50,108,1.898,61.24,5.111,0.681,0
50,109,1.7,62.53,5.178,0.709,0
50,110,1.884,62.71,5.099,0.814,0
50,111,2.048,62.06,5.178,0.648,0
50,112,1.822,61.88,5.063,0.762,0
50,113,1.68,60.44,5.119,0.813,0
50,114,1.998,62.01,4.982,0.65,0
50,115,1.948,59.91,4.977,0.623,0
50,116,1.875,61.1,5.007,0.665,0
50,117,1.892,61.16,5.035,0.759,0
50,118,2.026,62.39,5.161,0.747,0
50,119,1.782,61.7,5.196,0.625,0
50,120,1.946,62.34,5.143,0.767,0
50,121,1.536,62.71,5.025,0.785,0
50,122,2.031,61.59,5.151,0.958,0
50,123,2.099,61.72,5.058,0.636,0
50,124,2.104,62.49,4.958,0.999,0
50,125,2.034,63.49,5.344,0.867,0
50,126,2.2,61.97,4.914,0.785,0
50,127,1.884,63.31,4.872,0.955,0
50,128,2.013,63.7,5.006,0.748,0
50,129,1.711,62.75,5.02,0.806,0
50,130,2.186,62.35,5.06,0.812,0
50,131,1.835,64.27,5.031,0.896,0
50,132,2.021,61.92,5.08,0.615,0
50,133,1.756,64.9,4.911,0.935,0
50,134,2.146,63.55,5.021,0.81,0
50,135,2.172,64.37,4.896,0.987,0
50,136,1.999,65.73,4.9,0.944,0
50,137,2.003,64.94,5.048,0.736,0
50,138,1.836,65.21,4.936,0.755,0
50,139,2.015,65.18,4.787,0.844,0
50,140,2.077,61.71,4.938,0.762,0
50,141,3.089,66.06,4.937,0.867,0
50,142,2.12,63.35,4.879,0.669,0
50,143,2.065,64.9,4.877,0.806,0
50,144,1.974,63.1,5.09,0.752,0
50,145,1.838,65.37,4.885,0.675,0
50,146,2.084,64.72,4.858,0.82,0
50,147,2.247,64.74,4.731,0.697,0
50,148,2.283,65.44,4.723,0.793,0
50,149,2.314,66.62,5.076,0.999,0
50,150,2.064,65.61,4.923,0.723,0
50,151,2.365,63.84,4.896,0.717,0
50,152,2.325,65.7,4.828,0.906,0
50,153,2.703,64.61,4.849,0.618,0
50,154,2.332,65.74,4.745,0.929,0
50,155,2.263,64.94,4.827,0.637,0
50,156,2.245,64.28,4.821,0.773,0
50,157,2.379,67.64,4.757,0.679,0
50,158,2.752,66.87,4.812,0.834,0
50,159,2.551,67.69,4.724,0.97,0
50,160,2.877,69.06,4.814,0.972,0
50,161,2.849,66.81,4.626,0.84,0
50,162,2.666,67.96,4.842,0.938,0
50,163,2.75,68.3,4.529,0.85,0
50,164,2.986,65.94,4.546,0.925,0
50,165,2.922,66.53,4.627,0.712,0
50,166,2.83,67.44,4.682,0.951,0
50,167,3.03,65.81,4.647,0.661,0
50,168,2.787,65.06,4.648,0.72,0
50,169,2.867,68.47,4.709,0.943,0
50,170,2.98,67.16,4.556,0.687,0
50,171,3.079,69.4,4.698,0.875,0
50,172,3.136,68.6,4.64,0.948,0
50,173,3.161,68.97,4.466,0.764,0
50,174,2.895,66.71,4.516,0.739,0
50,175,3.262,69.3,4.614,0.835,0
50,176,3.381,70.05,4.518,0.708,0
50,177,3.398,71.31,4.667,0.991,0
50,178,3.316,69.0,4.45,0.727,0
50,179,3.521,69.98,4.552,0.914,0
50,180,3.371,69.95,4.274,0.98,0
50,181,3.485,70.4,4.588,0.923,0
50,182,3.52,70.32,4.505,0.705,0
50,183,3.667,71.91,4.462,0.885,0
50,184,3.894,71.86,4.419,0.934,0
50,185,3.656,69.59,4.498,0.725,0
50,186,3.76,69.51,4.361,0.735,0
50,187,3.88,69.35,4.563,0.698,0
50,188,3.81,72.54,4.433,0.931,0
50,189,3.985,71.05,4.233,0.885,0
50,190,3.987,68.26,4.178,0.734,0
50,191,4.056,70.87,4.253,0.783,0
50,192,4.406,72.08,4.348,0.87,0
50,193,4.427,70.01,4.409,0.662,0
50,194,4.175,71.16,4.299,0.942,0
50,195,4.322,71.86,4.335,0.739,1
50,196,2.062,59.32,5.237,0.737,0
50,197,1.965,61.45,4.958,0.665,0
50,198,1.752,62.67,5.046,0.892,0
50,199,2.122,61.14,5.248,0.648,0
50,200,1.813,61.98,4.929,0.87,0
50,201,1.583,63.37,4.964,0.661,0
50,202,2.086,63.22,5.056,0.841,0
50,203,1.93,61.82,5.06,0.823,0
50,204,1.731,60.78,5.033,0.64,0
50,205,1.841,61.63,5.001,0.759,0
50,206,1.839,63.22,5.027,0.873,0
50,207,2.042,59.49,4.979,0.754,0
50,208,1.794,60.24,5.036,0.603,0
50,209,1.801,63.54,5.135,0.987,0
50,210,1.787,62.05,5.244,0.906,0
50,211,1.941,60.84,5.157,0.64,0
50,212,1.684,60.72,5.133,0.866,0
50,213,1.857,62.83,5.087,0.754,0
50,214,1.624,61.07,5.109,0.63,0
50,215,1.967,63.05,5.046,0.94,0
50,216,1.993,61.67,5.088,0.863,0
50,217,2.039,62.9,5.263,0.649,0
50,218,1.845,61.12,4.924,0.624,0
50,219,1.95,62.34,5.032,0.964,0
50,220,2.014,63.48,5.119,0.82,0
50,221,1.701,63.49,5.229,0.879,0
50,222,1.739,62.39,5.027,0.654,0
50,223,1.781,60.75,4.956,0.791,0
50,224,2.011,62.2,5.111,0.915,0
50,225,1.869,62.73,4.923,0.807,0
50,226,1.981,62.99,4.955,0.752,0
50,227,1.904,62.75,4.919,0.751,0
50,228,1.751,63.38,5.112,0.736,0
50,229,1.79,62.81,4.894,0.879,0
50,230,2.083,63.7,4.952,0.982,0
50,231,1.974,65.2,5.153,0.957,0
50,232,1.71,62.79,4.895,0.776,0
50,233,1.973,62.65,4.997,0.627,0
50,234,2.05,64.48,5.155,0.957,0
50,235,2.092,62.1,4.889,0.704,0
50,236,1.86,64.83,4.933,0.997,0
50,237,2.054,66.22,5.146,0.817,0
50,238,2.246,63.47,4.863,0.831,0
50,239,1.939,63.88,5.087,0.952,0
50,240,2.099,63.56,5.017,0.911,0
50,241,2.066,63.31,4.912,0.934,0
50,242,1.945,63.32,4.987,0.876,0
50,243,1.982,63.36,4.839,0.81,0
50,244,2.261,64.43,4.892,0.878,0
50,245,2.167,63.88,4.85,0.871,0
50,246,2.336,64.09,4.797,0.716,0
50,247,2.158,64.73,4.821,0.962,0
50,248,2.187,65.97,4.894,0.806,0
50,249,2.11,63.25,4.831,0.637,0
50,250,2.174,63.55,4.528,0.64,0
50,251,2.381,65.36,4.879,0.963,0
50,252,2.449,65.73,4.803,0.791,0
50,253,2.452,65.39,4.725,0.977,0
50,254,2.231,66.37,4.676,0.96,0
50,255,2.506,66.28,4.981,0.747,0
50,256,2.416,63.59,4.78,0.654,0
50,257,2.681,63.45,4.907,0.606,0
50,258,2.473,62.31,4.721,0.611,0
50,259,2.267,65.48,4.834,0.864,0
50,260,2.384,64.68,4.656,0.802,0
50,261,2.604,64.65,4.65,0.666,0
50,262,2.801,65.82,4.781,0.77,0
50,263,2.586,67.69,4.733,0.688,0
50,264,3.013,67.49,4.84,0.878,0
50,265,2.86,64.37,4.735,0.641,0
50,266,3.233,65.9,4.77,0.644,0
50,267,2.981,66.18,4.903,0.654,0
50,268,2.85,68.08,4.579,0.614,0
50,269,2.936,65.15,4.561,0.62,0
50,270,3.145,68.11,4.671,0.964,0
50,271,3.545,69.22,4.505,0.947,0
50,272,3.098,70.27,4.625,0.808,0
50,273,3.273,67.81,4.527,0.929,0
50,274,3.241,67.59,4.639,0.804,0
50,275,3.395,70.06,4.452,0.862,0
50,276,3.427,69.51,4.381,0.866,0
50,277,3.306,68.47,4.483,0.653,0
50,278,3.71,70.72,4.696,0.974,0
50,279,3.778,70.28,4.535,0.892,0
50,280,3.796,69.71,4.387,0.718,0
50,281,3.724,69.17,4.323,0.884,0
50,282,3.531,70.06,4.469,0.703,0
50,283,3.661,71.9,4.231,0.891,0
50,284,4.155,70.35,4.379,0.885,0
50,285,4.07,69.2,4.424,0.782,0
50,286,4.143,70.42,4.396,0.721,0
50,287,4.093,70.26,4.38,0.862,0
50,288,4.167,72.59,4.297,0.857,0
50,289,4.277,72.87,4.219,0.847,0
50,290,4.183,71.98,4.378,0.933,0
50,291,4.434,70.35,4.42,0.788,0
50,292,4.343,72.05,4.401,0.905,1
50,293,1.802,60.71,5.091,0.82,0
50,294,1.813,61.26,4.968,0.642,0
50,295,1.421,60.16,5.339,0.611,0
50,296,1.473,61.44,5.069,0.805,0
50,297,4.779,62.05,5.133,0.804,0
50,298,1.79,60.38,5.198,0.804,0
50,299,1.77,62.09,4.899,0.849,0
50,300,1.766,62.57,4.877,0.697,0
50,301,1.688,62.58,4.997,0.649,0
50,302,1.803,61.63,5.125,0.886,0
50,303,1.702,64.02,5.065,0.962,0
50,304,2.09,62.83,5.139,0.918,0
50,305,1.796,63.66,4.751,0.988,0
50,306,1.959,60.77,5.112,0.66,0
50,307,1.991,63.09,5.122,0.837,0
50,308,1.984,62.29,5.27,0.868,0
50,309,1.908,61.1,5.255,0.667,0
50,310,1.752,63.14,4.947,0.957,0
50,311,1.798,64.38,5.118,0.996,0
50,312,1.834,62.69,4.917,0.945,0
50,313,2.068,64.74,4.925,0.945,0
50,314,1.835,63.8,4.905,0.775,0
50,315,1.805,61.54,5.159,0.825,0
50,316,1.746,62.73,5.064,0.841,0
50,317,1.871,61.45,5.064,0.863,0
50,318,1.416,61.46,4.913,0.662,0
50,319,1.796,64.89,5.147,0.932,0
50,320,1.903,63.28,5.077,0.891,0
50,321,1.624,61.95,4.959,0.717,0
50,322,1.816,59.82,4.931,0.754,0
50,323,4.819,61.97,5.013,0.855,0
50,324,2.025,62.46,5.122,0.729,0
50,325,1.537,61.85,4.934,0.645,0
50,326,1.862,61.01,5.199,0.714,0
50,327,1.749,65.39,5.01,0.993,0
50,328,2.022,66.36,5.112,0.955,0
50,329,2.205,62.53,5.144,0.969,0
50,330,1.605,64.61,5.227,0.823,0
50,331,2.108,62.16,5.101,0.732,0
50,332,1.776,63.21,5.082,0.79,0
50,333,1.8,62.56,4.967,0.8,0
50,334,1.937,62.26,5.078,0.645,0
50,335,1.843,63.7,4.942,0.714,0
50,336,1.962,63.2,4.967,0.846,0
50,337,1.906,64.48,4.99,0.975,0
50,338,1.927,64.36,5.089,0.944,0
50,339,2.075,62.04,4.919,0.604,0
50,340,1.853,63.12,5.16,0.888,0
50,341,2.122,62.94,5.009,0.879,0
50,342,1.865,63.5,4.902,0.704,0
50,343,2.038,64.64,4.866,0.981,0
50,344,3.365,64.64,4.871,0.705,0
50,345,2.071,64.38,4.841,0.845,0
50,346,2.36,64.03,5.011,0.742,0
50,347,2.037,64.11,4.926,0.833,0
50,348,2.314,63.0,4.926,0.638,0
50,349,2.223,63.31,5.054,0.674,0
50,350,2.017,65.78,4.894,0.975,0
50,351,2.262,63.77,4.735,0.655,0
50,352,1.974,63.07,4.987,0.608,0
50,353,2.303,65.56,4.952,0.976,0
50,354,2.133,64.02,4.731,0.706,0
50,355,2.43,64.59,4.878,0.902,0
50,356,2.256,66.87,4.942,0.899,0
50,357,2.35,64.82,4.935,0.646,0
50,358,2.425,64.03,4.667,0.624,0
50,359,2.187,67.65,4.861,0.801,0
50,360,2.216,65.32,4.966,0.913,0
50,361,2.573,64.82,4.839,0.781,0
50,362,2.383,64.76,4.798,0.927,0
50,363,2.182,63.79,4.992,0.646,0
50,364,2.394,65.61,4.758,0.813,0
51,0,2.11,66.81,5.227,0.677,0
51,1,2.042,66.49,5.182,0.667,0
51,2,1.985,68.23,4.99,0.885,0
51,3,1.913,66.95,5.051,0.779,0
51,4,1.764,69.58,4.995,0.889,0
51,5,1.815,68.66,5.199,0.987,0
51,6,1.981,69.35,5.116,0.827,0
51,7,2.097,66.53,5.101,0.695,0
51,8,1.776,69.2,5.026,0.835,0
51,9,2.045,69.17,5.145,0.964,0
51,10,2.339,67.55,5.059,0.762,0
51,11,1.926,68.71,5.156,0.956,0
51,12,2.012,68.68,5.039,0.8,0
51,13,2.035,69.15,4.93,0.669,0
51,14,2.179,69.09,5.058,0.782,0
51,15,2.27,67.63,5.09,0.698,0
51,16,2.001,70.27,5.138,0.937,0
51,17,1.883,67.65,5.106,0.745,0
51,18,1.989,68.43,5.117,0.698,0
51,19,2.035,69.35,4.911,0.821,0
51,20,2.121,70.41,5.12,0.873,0
51,21,2.168,66.84,4.973,0.672,0
51,22,2.223,69.48,5.101,0.813,0
51,23,2.383,69.91,5.101,0.817,0
51,24,2.129,67.21,5.115,0.614,0
51,25,2.045,69.37,5.255,0.736,0
51,26,2.159,69.06,4.992,0.973,0
51,27,1.974,66.84,4.954,0.651,0
51,28,2.132,67.95,4.991,0.828,0
51,29,2.104,67.35,5.185,0.774,0
51,30,2.102,67.32,4.884,0.642,0
51,31,1.79,71.05,5.009,0.991,0
51,32,2.186,69.71,4.878,0.619,0
51,33,2.097,67.46,5.112,0.651,0
51,34,2.329,68.09,5.047,0.763,0
51,35,2.235,68.51,5.002,0.84,0
51,36,1.89,68.33,5.072,0.859,0
51,37,2.11,68.7,5.003,0.736,0
51,38,2.475,71.33,4.884,0.856,0
51,39,2.378,68.99,5.18,0.891,0
51,40,2.522,70.28,4.849,0.913,0
51,41,2.241,68.45,5.093,0.952,0
51,42,2.117,69.65,4.982,0.734,0
51,43,2.139,70.45,4.984,0.738,0
51,44,2.019,68.64,5.119,0.944,0
51,45,2.203,70.81,4.939,0.69,0
51,46,2.088,68.21,5.129,0.617,0
51,47,2.053,68.68,5.24,0.816,0
51,48,2.141,68.5,5.103,0.822,0
51,49,2.21,69.28,5.123,0.675,0
51,50,2.352,70.98,5.161,0.976,0
51,51,2.015,67.92,4.902,0.702,0
51,52,2.058,69.68,4.917,0.81,0
51,53,2.234,68.03,4.947,0.788,0
51,54,2.373,70.27,5.082,0.986,0
51,55,2.143,68.9,5.122,0.849,0
51,56,2.482,67.2,4.848,0.663,0
51,57,2.137,70.49,5.034,0.813,0
51,58,2.115,68.78,5.127,0.815,0
51,59,2.323,69.4,4.913,0.601,0
51,60,2.384,69.24,4.971,0.928,0
51,61,2.243,69.52,4.837,0.88,0
51,62,2.339,68.27,4.996,0.952,0
51,63,4.272,70.45,5.04,0.678,0
51,64,2.674,68.39,4.903,0.696,0
51,65,2.366,72.44,4.944,0.755,0
51,66,2.201,70.92,4.952,0.993,0
51,67,2.434,70.65,4.975,0.849,0
51,68,2.232,71.49,5.042,0.81,0
51,69,2.429,70.2,4.896,0.687,0
51,70,2.582,71.98,4.933,0.863,0
51,71,2.548,71.28,4.775,0.856,0
51,72,2.303,69.72,5.007,0.819,0
51,73,2.457,69.44,5.127,0.815,0
51,74,2.499,69.38,4.889,0.691,0
51,75,2.608,70.63,4.786,0.975,0
51,76,2.53,71.14,4.704,0.954,0
51,77,2.442,72.63,4.873,0.976,0
51,78,2.513,70.53,4.79,0.908,0
51,79,2.762,71.68,4.827,0.949,0
51,80,2.397,69.72,4.853,0.921,0
51,81,2.537,69.58,4.905,0.73,0
51,82,2.965,70.54,4.918,0.831,0
51,83,2.905,69.52,4.728,0.695,0
51,84,2.636,71.55,4.937,0.924,0
51,85,2.791,72.1,4.896,0.995,0
51,86,2.622,71.59,4.852,0.823,1
51,87,2.194,65.81,5.181,0.903,0
51,88,1.973,69.23,5.155,0.832,0
51,89,2.071,66.98,4.964,0.673,0
51,90,2.211,68.33,4.996,0.838,0
51,91,1.985,67.61,5.287,0.84,0
51,92,1.975,67.95,4.942,0.656,0
51,93,1.928,66.09,5.179,0.696,0
51,94,2.116,66.79,4.957,0.836,0
51,95,1.911,69.91,4.994,0.977,0
51,96,1.999,67.74,4.936,0.877,0
51,97,2.189,70.26,5.108,0.885,0
51,98,2.258,67.11,5.074,0.656,0
51,99,1.773,67.39,5.219,0.618,0
51,100,2.094,66.08,5.132,0.648,0
51,101,2.136,67.51,4.907,0.661,0
51,102,2.276,65.95,4.992,0.626,0
51,103,2.136,69.77,5.156,0.758,0
51,104,2.116,69.63,5.015,0.819,0
51,105,1.968,66.59,5.161,0.629,0
51,106,2.305,68.12,5.083,0.974,0
51,107,2.043,71.11,5.256,0.989,0
51,108,1.666,68.8,4.989,0.983,0
51,109,1.937,69.36,4.948,0.926,0
51,110,2.048,68.46,5.058,0.984,0
51,111,2.166,67.51,5.032,0.697,0
51,112,2.177,68.78,5.117,0.677,0
51,113,2.204,69.36,5.123,0.892,0
51,114,1.861,68.12,5.146,0.611,0
51,115,2.193,65.88,5.083,0.62,0
51,116,1.884,68.55,5.203,0.908,0
51,117,2.115,66.5,4.854,0.607,0
51,118,2.064,66.91,4.98,0.771,0
51,119,2.226,66.48,5.025,0.609,0
51,120,2.112,69.13,5.083,0.782,0
51,121,2.135,68.98,5.058,0.963,0
51,122,2.319,67.29,5.136,0.701,0
51,123,1.957,69.05,5.069,0.784,0
51,124,1.928,67.38,5.144,0.722,0
51,125,2.025,70.14,5.15,0.971,0
51,126,2.115,71.14,4.739,0.846,0
51,127,2.335,68.25,4.964,0.816,0
51,128,2.115,68.06,5.316,0.651,0
51,129,2.42,69.49,4.994,0.836,0
51,130,2.457,69.91,5.128,0.904,0
51,131,2.078,68.56,4.888,0.746,0
51,132,2.2,69.24,5.1,0.814,0
51,133,2.03,69.3,5.164,0.734,0
51,134,2.185,67.51,4.867,0.675,0
51,135,2.351,70.27,5.059,0.697,0
51,136,2.2,67.73,4.975,0.652,0
51,137,2.385,68.98,5.306,0.65,0
51,138,2.015,69.06,4.988,0.917,0
51,139,2.083,69.32,4.906,0.876,0
51,140,2.174,71.2,4.981,0.81,0
51,141,2.119,68.7,4.985,0.799,0
51,142,1.806,69.44,4.968,0.787,0
51,143,2.29,71.83,4.913,0.877,0
51,144,2.095,69.08,4.968,0.76,0
51,145,2.34,70.53,4.829,0.864,0
51,146,2.42,68.24,4.885,0.753,0
51,147,2.572,72.93,4.722,0.852,0
51,148,2.144,68.95,4.957,0.759,0
51,149,2.168,69.71,4.91,0.788,0
51,150,2.811,69.61,4.867,0.705,0
51,151,2.529,71.87,4.868,0.936,0
51,152,2.632,72.15,4.79,0.922,0
51,153,2.546,72.38,4.927,0.972,0
51,154,2.532,70.9,4.817,0.725,0
51,155,2.568,72.76,4.736,0.947,0
51,156,2.51,72.03,4.915,0.877,0
51,157,2.346,72.15,4.743,0.768,0
51,158,2.493,71.13,4.712,0.85,0
51,159,2.708,71.49,4.865,0.805,0
51,160,2.531,70.34,4.785,0.603,0
51,161,2.447,70.6,4.895,0.749,0
51,162,2.345,71.06,4.842,0.794,0
51,163,2.573,72.25,4.768,0.948,0
51,164,2.834,74.11,4.64,0.979,0
51,165,2.805,72.56,4.728,0.979,0
51,166,2.818,72.49,4.651,0.759,0
51,167,3.095,71.07,4.78,0.963,0
51,168,4.462,72.15,4.739,0.819,0
51,169,2.588,75.03,4.705,0.992,0
51,170,2.92,73.02,4.797,0.69,0
51,171,3.012,73.43,4.631,0.981,0
51,172,3.066,72.3,4.627,0.875,0
51,173,2.8,73.81,4.717,0.776,0
51,174,3.026,71.7,4.581,0.663,0
51,175,2.924,73.29,4.674,0.614,0
51,176,2.96,75.23,4.534,0.934,0
51,177,3.088,72.06,4.525,0.618,0
51,178,2.938,72.92,4.61,0.908,0
51,179,3.216,73.16,4.825,0.872,0
51,180,3.32,73.61,4.624,0.905,0
51,181,3.207,72.79,4.417,0.879,0
51,182,3.273,71.59,4.739,0.714,0
51,183,3.222,72.45,4.645,0.626,0
51,184,3.298,72.86,4.461,0.882,0
51,185,3.156,74.7,4.568,0.886,0
51,186,3.417,73.97,4.664,0.749,0
51,187,3.289,73.82,4.566,0.758,0
51,188,3.096,72.7,4.683,0.739,0
51,189,3.626,74.65,4.502,0.739,0
51,190,3.408,75.29,4.352,0.943,0
51,191,3.607,75.61,4.494,0.65,0
51,192,3.731,76.22,4.571,0.832,0
51,193,3.738,76.1,4.565,0.948,0
51,194,3.626,76.12,4.508,0.882,0
51,195,3.791,72.43,4.682,0.617,0
51,196,3.495,76.08,4.438,0.951,0
51,197,3.631,76.84,4.495,0.932,0
51,198,3.792,75.92,4.431,0.842,0
51,199,3.715,74.69,4.56,0.612,0
51,200,3.912,74.36,4.233,0.71,0
51,201,3.89,75.67,4.252,0.766,0
51,202,4.14,78.01,4.271,0.856,0
51,203,4.267,75.14,4.338,0.861,0
51,204,4.26,75.55,4.374,0.706,0
51,205,4.178,76.41,4.425,0.921,0
51,206,4.378,77.33,4.393,0.715,0
51,207,4.382,77.67,4.401,0.889,0
51,208,4.254,77.35,4.507,0.8,0
51,209,4.144,78.05,4.342,0.819,0
51,210,4.412,80.09,4.306,0.929,0
51,211,4.296,78.46,4.283,0.683,1
51,212,1.913,68.71,5.034,0.958,0
51,213,1.853,68.37,5.132,0.956,0
51,214,2.063,69.06,5.05,0.782,0
51,215,1.963,68.53,5.17,0.905,0
51,216,2.138,67.47,5.132,0.756,0
51,217,1.959,69.36,5.102,0.76,0
51,218,2.136,67.57,5.19,0.791,0
51,219,2.017,69.85,4.996,0.915,0
51,220,1.959,69.27,5.188,0.866,0
51,221,1.932,67.97,5.196,0.783,0
51,222,1.97,68.98,5.028,0.821,0
51,223,1.764,67.2,5.119,0.993,0
51,224,1.866,67.12,5.172,0.776,0
51,225,2.176,69.04,5.066,0.903,0
51,226,2.068,68.27,5.028,0.822,0
51,227,1.755,66.67,5.139,0.603,0
51,228,1.93,67.07,5.057,0.691,0
51,229,2.162,69.67,5.149,0.975,0
51,230,1.943,67.92,5.184,0.87,0
51,231,2.231,70.79,5.153,1.0,0
51,232,2.071,66.88,5.1,0.745,0
51,233,2.03,68.94,5.118,0.887,0
51,234,2.203,68.72,5.236,0.89,0
51,235,2.143,68.03,5.087,0.671,0
51,236,2.034,67.99,5.052,0.874,0
51,237,2.21,66.42,4.988,0.84,0
51,238,1.996,67.3,5.079,0.893,0
51,239,2.15,67.3,4.983,0.714,0
51,240,1.937,68.13,4.94,0.92,0
51,241,1.786,68.58,5.179,0.957,0
51,242,2.237,67.52,4.938,0.601,0
51,243,1.876,68.24,5.041,0.906,0
51,244,2.009,66.28,5.09,0.658,0
51,245,1.714,67.51,5.153,0.634,0
51,246,2.124,69.13,4.883,0.715,0
51,247,2.04,67.19,5.086,0.947,0
51,248,2.078,68.29,5.129,0.908,0
51,249,1.809,67.29,5.083,0.735,0
51,250,1.991,67.84,4.992,0.788,0
51,251,2.173,69.3,5.099,0.98,0
51,252,1.942,67.2,5.233,0.776,0
51,253,2.158,67.31,5.056,0.879,0
51,254,2.195,66.87,5.213,0.674,0
51,255,2.045,66.95,5.212,0.683,0
51,256,2.029,68.28,5.099,0.97,0
51,257,2.028,68.45,5.086,0.615,0
51,258,2.045,68.88,5.272,0.69,0
51,259,2.119,69.21,5.144,0.796,0
51,260,2.399,68.3,5.239,0.891,0
51,261,2.239,67.82,5.024,0.62,0
51,262,2.027,69.19,4.863,0.948,0
51,263,2.036,67.71,5.156,0.695,0
51,264,1.92,68.73,5.101,0.77,0
51,265,2.085,71.02,4.97,0.97,0
51,266,2.185,69.09,5.072,0.637,0
51,267,2.116,64.8,5.287,0.613,0
51,268,2.136,70.75,5.158,0.997,0
51,269,1.88,66.85,5.081,0.69,0
51,270,2.008,66.91,5.231,0.776,0
51,271,2.335,68.44,5.089,0.824,0
51,272,1.904,69.06,4.872,0.723,0
51,273,2.098,68.83,5.06,0.935,0
51,274,2.055,68.59,5.213,0.634,0
51,275,2.058,67.78,5.045,0.612,0
51,276,1.986,68.22,5.051,0.948,0
51,277,2.287,69.24,4.891,0.77,0
51,278,2.318,66.77,5.052,0.623,0
51,279,1.943,66.03,5.218,0.974,0
51,280,2.022,68.93,5.069,0.678,0
51,281,2.149,66.65,5.01,0.738,0
51,282,2.233,66.35,4.984,0.67,0
51,283,2.127,67.26,5.053,0.864,0
51,284,1.916,65.73,5.087,0.71,0
51,285,2.006,67.3,4.984,0.616,0
51,286,2.083,67.5,5.167,0.653,0
51,287,2.049,68.89,5.063,0.916,0
51,288,2.314,68.79,5.052,0.713,0
51,289,2.383,68.56,5.13,0.813,0
51,290,2.229,66.55,5.219,0.676,0
51,291,1.974,69.87,4.953,0.932,0
51,292,1.846,69.68,4.911,0.991,0
51,293,2.347,66.43,4.814,0.674,0
51,294,1.807,68.89,4.983,0.765,0
51,295,2.095,67.99,4.875,0.789,0
51,296,2.223,67.75,4.99,0.668,0
51,297,2.33,67.69,5.025,0.775,0
51,298,2.009,69.0,5.052,0.911,0
51,299,2.056,67.81,5.197,0.902,0
51,300,2.082,70.22,4.975,0.806,0
51,301,1.927,66.67,5.222,0.809,0
51,302,2.167,68.65,4.922,0.833,0
51,303,1.966,69.44,5.142,0.844,0
51,304,2.1,69.06,5.059,0.712,0
51,305,2.117,66.92,5.097,0.667,0
51,306,2.2,68.2,5.085,0.682,0
51,307,2.1,69.59,5.111,0.892,0
51,308,2.022,68.91,4.985,0.85,0
51,309,2.208,68.77,5.089,0.652,0
51,310,2.492,68.65,5.238,0.659,0
51,311,2.217,68.88,4.87,0.898,0
51,312,1.847,67.64,5.057,0.789,0
51,313,2.118,68.12,5.045,0.768,0
51,314,2.151,68.86,5.074,0.768,0
51,315,2.266,68.14,5.121,0.615,0
51,316,2.202,68.5,4.954,0.987,0
51,317,2.296,68.81,5.048,0.8,0
51,318,2.244,67.12,4.994,0.685,0
51,319,2.252,70.29,5.037,0.939,0
51,320,2.192,68.63,5.152,0.814,0
51,321,2.528,70.54,5.131,0.88,0
51,322,2.225,69.43,5.108,0.913,0
51,323,2.004,68.44,4.942,0.937,0
51,324,2.282,68.65,5.007,0.811,0
51,325,2.263,68.75,5.072,0.885,0
51,326,2.059,67.92,5.083,0.622,0
51,327,2.186,67.1,4.916,0.735,0
51,328,2.14,69.2,5.197,0.671,0
51,329,2.199,67.71,4.948,0.813,0
51,330,2.334,69.37,4.958,0.882,0
51,331,2.288,69.86,4.974,0.778,0
51,332,2.257,69.76,5.177,0.912,0
51,333,1.876,69.5,5.04,0.886,0
51,334,2.556,71.65,5.076,0.842,0
51,335,2.273,69.55,5.045,0.908,0
51,336,2.386,69.09,5.079,0.71,0
51,337,2.417,68.7,5.085,0.663,0
51,338,2.367,68.91,5.084,0.632,0
51,339,1.921,69.27,5.096,0.708,0
51,340,2.203,66.41,4.956,0.699,0
51,341,2.372,69.22,5.126,0.711,0
51,342,2.332,67.19,4.893,0.639,0
51,343,2.044,69.68,4.939,0.675,0
51,344,2.247,68.98,4.938,0.767,0
51,345,2.275,68.56,4.994,0.688,0
51,346,2.396,69.84,5.021,0.709,0
51,347,2.312,71.54,4.897,0.8,0
51,348,2.042,67.1,4.877,0.607,0
51,349,2.123,69.58,4.85,0.978,0
51,350,2.126,69.61,4.806,0.704,0
51,351,2.518,68.74,4.979,0.937,0
51,352,2.307,71.03,4.963,0.947,0
51,353,2.777,71.2,4.968,0.791,0
51,354,2.28,69.42,4.89,0.759,0
51,355,2.311,69.72,5.084,0.649,0
51,356,2.469,67.65,4.918,0.608,0
51,357,1.942,70.13,5.087,0.932,0
51,358,2.2,68.16,4.93,0.707,0
51,359,3.54,70.5,5.025,0.943,0
51,360,5.043,70.34,4.977,0.923,0
51,361,2.317,70.0,4.993,0.87,0
51,362,2.285,68.25,5.134,0.624,0
51,363,2.26,68.0,5.054,0.884,0
51,364,2.025,70.3,5.013,0.981,0
52,0,2.635,54.49,5.473,0.764,0
52,1,2.324,54.83,5.438,0.673,0
52,2,2.106,54.36,5.388,0.749,0
52,3,2.215,57.25,5.569,0.986,0
52,4,2.179,57.91,5.5,0.85,0
52,5,2.457,53.87,5.518,0.616,0
52,6,2.006,54.21,5.492,0.872,0
52,7,2.148,55.05,5.584,0.953,0
52,8,2.234,55.77,5.519,0.948,0
52,9,1.989,55.72,5.406,0.886,0
52,10,2.243,55.26,5.387,0.751,0
52,11,2.38,53.89,5.536,0.679,0
52,12,2.103,55.63,5.387,0.856,0
52,13,2.172,55.98,5.421,0.997,0
52,14,2.266,55.51,5.431,0.905,0
52,15,2.388,54.58,5.217,0.896,0
52,16,2.245,55.9,5.429,0.865,0
52,17,2.431,53.9,5.404,0.901,0
52,18,2.294,54.9,5.384,0.668,0
52,19,1.86,54.75,5.282,0.93,0
52,20,2.207,54.83,5.391,0.873,0
52,21,2.097,53.58,5.24,0.867,0
52,22,2.07,54.92,5.536,0.856,0
52,23,2.273,53.32,5.361,0.676,0
52,24,2.131,56.09,5.162,0.767,0
52,25,2.208,55.39,5.461,0.896,0
52,26,2.375,55.31,5.408,0.714,0
52,27,2.274,54.93,5.505,0.95,0
52,28,2.264,56.95,5.399,0.872,0
52,29,2.362,55.03,5.418,0.727,0
52,30,2.217,55.6,5.386,0.755,0
52,31,2.371,55.46,5.55,0.767,0
52,32,2.398,55.1,5.463,0.686,0
52,33,2.429,56.36,5.485,0.991,0
52,34,2.285,55.85,5.638,0.818,0
52,35,2.247,56.18,5.277,0.836,0
52,36,2.317,55.36,5.428,0.916,0
52,37,2.114,56.94,5.495,0.986,0
52,38,2.148,55.2,5.419,0.904,0
52,39,2.17,53.74,5.368,0.723,0
52,40,2.258,54.45,5.319,0.929,0
52,41,2.299,55.32,5.404,0.769,0
52,42,2.207,54.64,5.235,0.726,0
52,43,2.057,55.79,5.305,0.717,0
52,44,2.244,53.21,5.451,0.845,0
52,45,2.339,55.24,5.656,0.992,0
52,46,2.323,55.82,5.49,0.864,0
52,47,2.225,55.49,5.352,0.823,0
52,48,2.357,55.55,5.546,0.999,0
52,49,2.175,55.06,5.551,0.854,0
52,50,2.408,54.27,5.268,0.621,0
52,51,2.156,56.41,5.292,0.927,0
52,52,2.52,54.08,5.376,0.601,0
52,53,2.261,54.35,5.452,0.644,0
52,54,2.113,52.25,5.265,0.602,0
52,55,2.467,55.08,5.264,0.957,0
52,56,2.304,51.13,5.504,0.656,0
52,57,2.158,53.24,5.407,0.724,0
52,58,2.415,55.29,5.377,0.932,0
52,59,2.171,56.9,5.461,0.841,0
52,60,2.399,54.49,5.28,0.775,0
52,61,2.459,53.74,5.357,0.728,0
52,62,2.386,55.98,5.541,0.998,0
52,63,2.339,57.39,5.343,0.98,0
52,64,2.202,56.42,5.368,0.985,0
52,65,2.418,53.97,5.294,0.783,0
52,66,2.204,55.12,5.346,0.689,0
52,67,4.904,54.7,5.339,0.911,0
52,68,2.24,53.99,5.56,0.622,0
52,69,2.314,57.83,5.402,0.866,0
52,70,2.271,54.86,5.444,0.834,0
52,71,2.369,54.25,5.404,0.664,0
52,72,2.306,54.14,5.367,0.607,0
52,73,2.367,57.76,5.34,0.981,0
52,74,2.385,55.51,5.489,0.731,0
52,75,3.388,54.71,5.271,0.735,0
52,76,4.875,55.23,5.305,0.764,0
52,77,2.299,55.96,5.275,0.843,0
52,78,2.358,54.02,5.066,0.893,0
52,79,2.355,56.17,5.36,0.611,0
52,80,2.429,55.82,5.239,0.815,0
52,81,2.143,54.74,5.45,0.693,0
52,82,2.306,57.27,5.351,0.878,0
52,83,2.545,56.99,5.48,0.902,0
52,84,2.335,54.91,5.283,0.818,0
52,85,4.152,53.38,5.323,0.62,0
52,86,2.286,54.07,5.409,0.799,0
52,87,2.239,55.73,5.321,0.666,0
52,88,2.428,56.79,5.414,0.996,0
52,89,2.295,55.32,5.288,0.911,0
52,90,2.298,56.09,5.499,0.799,0
52,91,2.544,55.79,5.257,0.751,0
52,92,2.319,57.0,5.222,0.957,0
52,93,2.299,56.41,5.364,0.739,0
52,94,2.45,58.13,5.274,0.73,0
52,95,2.299,55.7,5.425,0.966,0
52,96,2.406,56.39,5.203,0.901,0
52,97,2.152,56.25,5.307,0.87,0
52,98,2.489,55.15,5.303,0.701,0
52,99,2.645,56.89,5.339,0.952,0
52,100,2.171,53.99,5.328,0.728,0
52,101,2.462,58.75,5.281,0.932,0
52,102,2.425,55.47,5.214,0.729,0
52,103,2.297,57.53,5.216,0.789,0
52,104,2.515,57.3,5.368,0.825,0
52,105,2.333,55.55,5.227,0.872,0
52,106,2.314,56.67,5.222,0.963,0
52,107,2.685,54.89,5.235,0.753,0
52,108,2.621,58.16,5.39,0.99,0
52,109,2.484,55.09,5.257,0.664,0
52,110,2.506,56.42,5.366,0.796,0
52,111,2.579,55.76,5.262,0.704,0
52,112,2.55,56.07,5.2,0.944,0
52,113,2.632,57.33,5.331,0.794,0
52,114,2.376,57.76,5.466,0.645,0
52,115,2.434,54.2,5.344,0.775,0
52,116,2.559,57.36,5.199,0.94,0
52,117,2.508,57.06,5.181,0.807,0
52,118,2.566,57.78,5.348,0.972,0
52,119,2.456,56.69,5.25,0.871,0
52,120,2.662,56.64,5.336,0.641,0
52,121,2.623,56.63,5.313,0.816,0
52,122,2.636,56.26,5.239,0.848,0
52,123,2.59,58.61,5.103,0.92,0
52,124,2.721,56.82,5.128,0.875,0
52,125,2.435,57.61,4.981,0.938,0
52,126,2.599,58.82,5.211,0.994,0
52,127,2.632,56.48,5.212,0.915,0
52,128,2.598,56.13,5.144,0.729,0
52,129,2.478,55.49,5.146,0.747,0
52,130,2.673,57.54,5.262,0.918,0
52,131,2.837,56.73,5.134,0.63,0
52,132,2.464,56.44,5.276,0.752,0
52,133,2.422,59.68,5.316,0.988,0
52,134,3.086,55.54,5.328,0.773,0
52,135,2.633,58.74,5.153,0.712,0
52,136,2.443,56.36,5.095,0.821,0
52,137,2.426,60.17,5.193,0.909,0
52,138,2.532,57.32,5.179,0.889,0
52,139,2.836,56.93,5.133,0.823,0
52,140,2.597,56.51,5.408,0.748,0
52,141,2.509,56.55,5.105,0.685,0
52,142,2.68,59.91,5.32,0.901,0
52,143,2.738,60.1,5.311,0.892,0
52,144,2.722,57.66,5.206,0.861,0
52,145,2.808,57.59,5.213,0.813,0
52,146,2.784,56.44,5.153,0.621,0
52,147,2.606,58.4,5.184,0.736,0
52,148,2.641,58.03,5.255,0.755,0
52,149,2.94,56.75,5.293,0.818,0
52,150,2.664,57.06,5.118,0.896,0
52,151,2.894,60.2,5.206,0.997,0
52,152,2.886,56.4,5.067,0.694,0
52,153,2.765,60.96,5.206,0.998,0
52,154,2.805,57.16,5.291,0.601,0
52,155,2.783,57.86,5.279,0.688,0
52,156,2.897,58.91,5.15,0.931,0
52,157,3.104,57.72,5.228,0.688,0
52,158,2.994,57.7,5.416,0.736,0
52,159,2.913,59.15,4.994,0.769,0
52,160,2.602,57.35,5.069,0.787,0
52,161,2.995,57.14,5.215,0.875,0
52,162,2.644,60.67,5.284,0.887,0
52,163,2.921,59.25,5.217,0.867,0
52,164,2.888,55.99,5.259,0.6,0
52,165,2.849,56.55,4.978,0.663,0
52,166,3.214,57.51,5.103,0.707,0
52,167,2.719,58.09,5.141,0.627,0
52,168,2.734,59.7,5.001,0.673,0
52,169,2.856,58.76,5.128,0.9,0
52,170,2.674,59.3,4.918,0.673,0
52,171,3.12,58.7,5.235,0.804,0
52,172,3.032,60.27,5.169,0.915,0
52,173,2.8,60.45,5.118,0.684,0
52,174,3.175,58.93,5.231,0.815,0
52,175,3.055,59.95,4.989,0.903,0
52,176,2.923,58.95,4.937,0.831,0
52,177,2.967,57.25,5.137,0.722,0
52,178,2.967,60.72,5.094,0.921,0
52,179,2.914,58.48,5.082,0.674,0
52,180,3.229,60.12,4.959,0.814,0
52,181,3.236,60.65,5.116,0.839,0
52,182,3.186,58.49,5.1,0.722,0
52,183,3.15,57.99,5.156,0.612,0
52,184,3.151,59.94,4.891,0.644,0
52,185,3.108,59.13,4.99,0.789,0
52,186,3.088,60.1,5.146,0.96,0
52,187,3.239,58.59,4.954,0.942,0
52,188,3.058,59.51,5.129,0.779,0
52,189,3.169,58.34,5.049,0.721,0
52,190,3.504,58.23,4.877,0.815,0
52,191,3.485,61.2,5.218,0.969,0
52,192,3.273,61.96,4.925,0.971,0
52,193,3.069,58.5,4.75,0.866,0
52,194,3.162,61.37,5.018,0.788,0
52,195,3.358,64.04,4.959,0.956,0
52,196,3.415,61.02,5.072,0.972,0
52,197,3.62,60.64,5.002,0.949,0
52,198,3.432,62.14,4.824,0.802,0
52,199,3.177,58.39,5.078,0.804,0
52,200,3.496,59.52,5.061,0.864,0
52,201,3.425,62.57,5.225,0.909,0
52,202,3.239,59.37,4.961,0.68,0
52,203,3.345,60.63,5.216,0.768,0
52,204,3.546,61.41,4.829,0.893,0
52,205,3.123,59.56,4.977,0.682,0
52,206,3.602,59.83,4.892,0.721,0
52,207,3.438,59.12,4.794,0.64,0
52,208,3.395,61.64,4.747,0.907,0
52,209,3.717,60.24,4.767,0.647,0
52,210,3.501,59.05,5.12,0.764,0
52,211,3.585,61.77,4.917,0.802,0
52,212,3.495,60.35,4.925,0.674,0
52,213,3.477,60.4,4.75,0.97,0
52,214,3.699,59.44,4.915,0.711,0
52,215,3.593,60.93,4.829,0.761,0
52,216,3.453,60.47,4.926,0.674,0
52,217,3.463,61.02,4.812,0.673,0
52,218,3.368,63.01,5.004,0.84,0
52,219,3.64,60.29,4.902,0.601,0
52,220,3.405,62.16,5.008,0.743,0
52,221,3.664,61.29,4.817,0.76,0
52,222,3.624,60.52,4.91,0.811,0
52,223,3.534,61.95,4.908,0.949,0
52,224,3.722,61.54,4.806,0.834,0
52,225,3.71,60.73,4.754,0.882,0
52,226,3.834,59.48,4.86,0.672,0
52,227,3.779,60.65,4.775,0.791,0
52,228,3.861,62.65,4.765,0.85,0
52,229,3.6,61.2,4.802,0.651,0
52,230,4.051,61.5,5.015,0.92,0
52,231,3.763,62.33,4.784,0.98,0
52,232,3.876,62.53,4.583,0.926,0
52,233,3.956,62.41,4.801,0.954,0
52,234,3.971,60.98,4.794,0.895,0
52,235,4.028,61.98,4.709,0.68,0
52,236,3.844,62.55,4.77,0.909,0
52,237,4.132,61.71,4.84,0.709,0
52,238,3.967,61.59,4.914,0.776,0
52,239,4.069,61.85,4.794,0.99,0
52,240,4.07,63.21,4.855,0.636,0
52,241,4.229,62.19,4.669,0.764,0
52,242,3.866,62.86,4.741,0.903,0
52,243,4.528,65.64,4.673,0.821,0
52,244,4.236,62.27,4.682,0.721,0
52,245,4.253,63.34,4.954,0.963,0
52,246,4.334,60.97,4.566,0.609,0
52,247,4.332,62.46,4.774,0.84,0
52,248,4.214,63.81,4.717,0.823,0
52,249,4.334,64.0,4.808,0.921,0
52,250,4.355,64.38,4.866,0.606,0
52,251,4.448,62.19,4.61,0.902,0
52,252,4.562,64.15,4.738,0.867,0
52,253,4.432,66.53,4.892,0.804,0
52,254,4.617,62.69,4.651,0.8,0
52,255,4.697,64.74,4.82,0.856,0
52,256,4.767,65.55,4.636,0.961,0
52,257,4.618,64.31,4.721,0.738,0
52,258,4.764,65.29,4.703,0.833,0
52,259,4.63,63.81,4.736,0.958,0
52,260,4.861,65.23,4.574,0.929,0
52,261,4.852,63.75,4.649,0.682,0
52,262,4.563,63.15,4.685,0.731,0
52,263,4.688,66.89,4.689,0.94,0
52,264,4.686,62.16,4.686,0.651,0
52,265,4.562,64.88,4.62,0.737,1
52,266,2.026,53.16,5.579,0.712,0
52,267,2.485,54.53,5.444,0.754,0
52,268,2.498,54.18,5.403,0.767,0
52,269,1.938,53.64,5.4,0.808,0
52,270,2.417,53.12,5.382,0.726,0
52,271,2.518,55.56,5.361,0.974,0
52,272,2.144,55.98,5.361,0.995,0
52,273,2.19,55.32,5.222,0.759,0
52,274,2.42,55.81,5.463,0.89,0
52,275,2.469,52.29,5.458,0.643,0
52,276,2.508,52.46,5.614,0.682,0
52,277,2.204,55.2,5.495,0.746,0
52,278,2.259,54.27,5.561,0.772,0
52,279,2.036,53.0,5.442,0.703,0
52,280,2.273,55.03,5.415,0.767,0
52,281,2.147,53.35,5.334,0.603,0
52,282,2.203,54.23,5.308,0.797,0
52,283,2.324,56.06,5.527,0.804,0
52,284,2.278,55.67,5.427,0.846,0
52,285,2.501,53.89,5.374,0.677,0
52,286,1.966,54.94,5.206,0.969,0
52,287,1.994,55.82,5.507,0.761,0
52,288,2.238,54.52,5.315,0.842,0
52,289,2.198,53.74,5.566,0.738,0
52,290,2.272,55.66,5.664,0.955,0
52,291,2.125,53.72,5.42,0.799,0
52,292,2.241,54.7,5.279,0.993,0
52,293,2.475,55.12,5.687,0.947,0
52,294,2.472,55.67,5.244,0.976,0
52,295,2.438,55.38,5.589,0.809,0
52,296,2.205,55.18,5.343,0.768,0
52,297,2.283,53.69,5.442,0.772,0
52,298,2.235,53.67,5.267,0.647,0
52,299,2.192,54.1,5.432,0.934,0
52,300,2.451,55.95,5.527,0.808,0
52,301,2.25,56.54,5.3,0.884,0
52,302,2.028,54.7,5.262,0.804,0
52,303,2.32,53.51,5.34,0.64,0
52,304,2.098,54.33,5.483,0.705,0
52,305,2.054,54.39,5.513,0.681,0
52,306,2.191,54.83,5.273,0.66,0
52,307,1.988,55.12,5.631,0.686,0
52,308,2.461,54.0,5.38,0.784,0
52,309,2.12,55.28,5.375,0.963,0
52,310,2.515,54.29,5.511,0.756,0
52,311,2.194,56.18,5.398,0.949,0
52,312,2.216,56.34,5.379,0.814,0
52,313,2.542,55.3,5.336,0.707,0
52,314,2.29,56.76,5.429,0.838,0
52,315,2.136,54.8,5.41,0.611,0
52,316,2.275,55.94,5.435,0.861,0
52,317,2.179,54.05,5.361,0.909,0
52,318,2.144,55.19,5.434,0.987,0
52,319,2.48,51.84,5.45,0.695,0
52,320,2.175,55.1,5.44,0.994,0
52,321,2.296,54.68,5.506,0.911,0
52,322,2.091,56.94,5.423,0.786,0
52,323,2.437,54.04,5.461,0.629,0
52,324,2.625,55.06,5.286,0.689,0
52,325,2.024,55.66,5.11,0.8,0
52,326,2.17,52.31,5.36,0.606,0
52,327,2.183,54.65,5.47,0.772,0
52,328,2.196,55.17,5.433,0.615,0
52,329,2.339,57.24,5.333,0.87,0
52,330,2.215,53.9,5.281,0.711,0
52,331,2.112,57.05,5.551,0.954,0
52,332,2.32,56.16,5.493,0.787,0
52,333,2.22,57.26,5.534,0.88,0
52,334,2.371,55.67,5.183,0.788,0
52,335,2.277,54.88,5.324,0.642,0
52,336,2.554,56.01,5.315,0.941,0
52,337,2.335,56.77,5.206,0.89,0
52,338,2.48,56.99,5.342,0.976,0
52,339,2.369,55.35,5.263,0.856,0
52,340,1.975,56.83,5.289,0.93,0
52,341,2.401,55.87,5.239,0.879,0
52,342,2.561,56.88,5.259,0.935,0
52,343,2.577,55.45,5.336,0.852,0
52,344,2.085,55.76,5.442,0.821,0
52,345,2.571,56.33,5.291,0.896,0
52,346,2.412,54.56,5.33,0.704,0
52,347,2.055,57.05,5.41,0.709,0
52,348,2.468,55.61,5.391,0.824,0
52,349,2.275,55.66,5.286,0.761,0
52,350,2.233,56.95,5.356,0.91,0
52,351,2.388,56.91,5.416,0.688,0
52,352,2.434,55.69,5.522,0.94,0
52,353,2.389,54.23,5.233,0.636,0
52,354,2.287,55.63,5.347,0.919,0
52,355,2.325,54.78,5.333,0.789,0
52,356,2.445,54.5,5.216,0.671,0
52,357,2.417,54.51,5.251,0.86,0
52,358,2.365,55.82,5.243,0.64,0
52,359,2.693,55.33,5.324,0.681,0
52,360,2.348,54.93,5.279,0.832,0
52,361,2.669,57.3,5.511,0.854,0
52,362,2.06,57.49,5.277,0.979,0
52,363,2.372,57.41,5.33,0.793,0
52,364,2.517,56.12,5.292,0.668,0
53,0,1.64,64.66,5.018,0.73,0
53,1,1.595,65.96,5.015,0.993,0
53,2,1.897,66.92,4.961,0.98,0
53,3,1.8,64.86,5.015,0.696,0
53,4,1.659,64.22,5.129,0.868,0
53,5,1.509,65.22,5.076,0.898,0
53,6,1.704,64.85,5.017,0.664,0
53,7,4.307,63.96,5.002,0.785,0
53,8,1.849,65.47,5.059,0.824,0
53,9,2.106,64.26,5.156,0.839,0
53,10,1.925,63.26,5.088,0.627,0
53,11,1.78,62.72,4.988,0.63,0
53,12,1.733,63.27,4.99,0.621,0
53,13,1.691,64.3,4.842,0.795,0
53,14,1.642,65.48,5.212,0.952,0
53,15,1.927,65.83,5.059,0.627,0
53,16,1.599,66.42,5.073,0.929,0
53,17,1.865,61.7,5.143,0.613,0
53,18,2.03,61.46,5.11,0.676,0
53,19,1.868,64.6,5.0,0.663,0
53,20,1.729,64.53,5.063,0.725,0
53,21,1.639,67.48,5.012,0.946,0
53,22,1.841,66.42,5.148,0.827,0
53,23,1.777,63.47,4.961,0.74,0
53,24,1.755,64.53,5.106,0.606,0
53,25,1.73,66.64,4.769,0.898,0
53,26,1.809,66.1,4.947,0.989,0
53,27,1.924,66.46,5.068,0.961,0
53,28,1.664,66.92,4.909,0.994,0
53,29,1.83,66.43,4.807,0.832,0
53,30,1.571,64.97,5.046,0.629,0
53,31,1.995,64.65,4.857,0.781,0
53,32,2.033,64.54,5.093,0.643,0
53,33,1.859,66.56,4.823,0.963,0
53,34,2.051,66.17,4.834,0.868,0
53,35,1.952,65.17,4.921,0.615,0
53,36,1.816,64.81,4.715,0.653,0
53,37,1.941,65.96,4.925,0.646,0
53,38,1.841,65.2,4.781,0.849,0
53,39,1.781,63.46,4.865,0.626,0
53,40,1.911,65.33,4.889,0.676,0
53,41,2.004,66.33,4.943,0.851,0
53,42,1.814,67.6,4.773,0.788,0
53,43,2.336,66.13,4.741,0.798,0
53,44,2.05,65.84,4.83,0.659,0
53,45,2.043,65.74,4.67,0.647,0
53,46,2.184,69.72,4.984,0.949,0
53,47,2.093,68.14,4.639,0.999,0
53,48,2.206,66.44,4.928,0.756,0
53,49,2.506,67.86,4.658,0.64,0
53,50,2.466,68.04,4.8,0.929,0
53,51,2.525,67.43,4.85,0.669,0
53,52,2.407,64.78,4.863,0.651,0
53,53,2.595,68.54,4.767,0.985,0
53,54,2.176,68.59,4.728,0.708,0
53,55,2.347,67.81,4.716,0.877,0
53,56,2.27,70.17,4.723,0.968,0
53,57,2.14,66.5,4.761,0.672,0
53,58,2.36,68.01,4.73,0.681,0
53,59,2.73,71.12,4.765,0.814,0
53,60,2.484,68.62,4.687,0.941,0
53,61,2.71,69.89,4.625,0.781,0
53,62,2.555,72.52,4.624,0.882,0
53,63,2.931,70.31,4.736,0.728,0
53,64,3.009,71.59,4.56,0.921,0
53,65,2.774,69.84,4.478,0.737,0
53,66,2.842,72.04,4.468,0.98,0
53,67,2.732,68.96,4.528,0.719,0
53,68,2.987,69.35,4.673,0.759,0
53,69,2.775,69.73,4.689,0.719,0
53,70,3.058,71.05,4.566,0.823,0
53,71,3.111,71.42,4.568,0.969,0
53,72,3.183,70.04,4.397,0.934,0
53,73,3.299,72.02,4.588,0.949,0
53,74,3.384,71.54,4.527,0.856,0
53,75,3.19,72.4,4.397,0.779,0
53,76,3.476,72.42,4.416,0.99,0
53,77,3.513,73.07,4.391,0.879,0
53,78,3.464,72.11,4.45,0.714,0
53,79,3.782,73.52,4.45,0.765,0
53,80,3.714,73.06,4.41,0.82,0
53,81,4.393,74.73,4.387,0.985,0
53,82,3.914,71.56,4.278,0.684,0
53,83,3.88,75.58,4.32,0.76,0
53,84,3.91,74.56,4.264,0.805,0
53,85,3.917,74.99,4.401,0.649,0
53,86,4.595,72.4,4.257,0.727,1
53,87,1.56,64.92,5.025,0.979,0
53,88,1.572,63.07,5.007,0.721,0
53,89,1.764,62.53,4.976,0.666,0
53,90,1.78,63.26,4.981,0.641,0
53,91,1.725,63.71,4.933,0.782,0
53,92,1.867,64.27,4.99,0.847,0
53,93,1.858,64.89,5.001,0.808,0
53,94,1.814,63.25,5.176,0.638,0
53,95,1.962,63.27,4.955,0.651,0
53,96,1.523,65.97,5.174,0.92,0
53,97,1.65,64.34,5.233,0.668,0
53,98,1.697,65.49,5.013,0.92,0
53,99,1.794,63.37,4.92,0.78,0
53,100,1.524,63.11,4.962,0.705,0
53,101,1.751,64.66,5.134,0.822,0
53,102,1.821,61.93,5.042,0.706,0
53,103,1.872,65.21,5.125,0.924,0
53,104,1.554,64.1,4.96,0.673,0
53,105,1.812,62.96,5.027,0.684,0
53,106,1.96,64.14,5.062,0.901,0
53,107,1.769,65.61,4.94,0.832,0
53,108,1.918,63.07,5.016,0.7,0
53,109,1.893,65.8,4.974,0.939,0
53,110,1.357,67.03,5.06,0.977,0
53,111,1.628,63.68,4.932,0.867,0
53,112,1.864,62.79,5.231,0.808,0
53,113,1.629,61.8,4.927,0.817,0
53,114,1.511,63.62,4.841,0.849,0
53,115,1.93,66.33,5.121,0.839,0
53,116,1.541,64.1,5.01,0.646,0
53,117,1.594,64.73,4.993,0.706,0
53,118,2.098,62.95,5.111,0.736,0
53,119,1.882,62.61,4.932,0.639,0
53,120,1.626,64.4,5.115,0.848,0
53,121,1.503,64.07,4.939,0.84,0
53,122,1.698,64.92,5.037,0.637,0
53,123,1.659,66.82,4.848,0.999,0
53,124,1.738,64.3,4.919,0.77,0
53,125,2.091,65.9,5.213,0.884,0
53,126,1.789,63.21,4.919,0.663,0
53,127,1.708,64.36,4.946,0.987,0
53,128,1.76,64.04,5.15,0.653,0
53,129,1.744,63.35,4.828,0.683,0
53,130,1.634,62.26,4.951,0.665,0
53,131,1.7,65.79,5.057,0.662,0
53,132,1.636,64.76,5.023,0.923,0
53,133,1.866,64.14,4.76,0.999,0
53,134,1.957,64.49,4.968,0.663,0
53,135,1.646,65.66,4.928,0.904,0
53,136,1.762,65.68,4.92,0.958,0
53,137,1.612,66.4,5.123,0.931,0
53,138,1.89,65.84,4.962,0.94,0
53,139,1.553,65.23,4.789,0.957,0
53,140,1.883,65.51,4.847,0.935,0
53,141,1.796,64.24,5.089,0.609,0
53,142,1.589,64.63,5.007,0.84,0
53,143,1.596,67.2,4.907,0.827,0
53,144,1.761,65.28,5.015,0.915,0
53,145,1.753,66.45,5.084,0.619,0
53,146,1.736,64.6,5.081,0.671,0
53,147,2.073,63.96,5.13,0.689,0
53,148,1.991,62.79,5.03,0.729,0
53,149,2.106,64.35,4.832,0.722,0
53,150,1.979,64.66,5.059,0.631,0
53,151,1.683,63.42,5.025,0.607,0
53,152,1.953,66.48,4.966,0.789,0
53,153,1.661,65.68,4.866,0.923,0
53,154,1.771,67.36,4.903,0.959,0
53,155,1.701,66.18,4.948,0.622,0
53,156,1.708,64.29,4.988,0.711,0
53,157,1.881,66.88,4.817,0.919,0
53,158,1.853,66.37,4.932,0.969,0
53,159,1.849,67.07,4.894,0.975,0
53,160,1.842,63.96,5.038,0.968,0
53,161,1.904,65.3,5.092,0.737,0
53,162,1.867,64.1,4.8,0.693,0
53,163,1.989,65.89,5.072,0.802,0
53,164,1.966,66.17,4.893,0.668,0
53,165,1.871,67.16,5.003,0.902,0
53,166,1.756,67.45,4.81,0.921,0
53,167,2.096,66.08,4.814,0.633,0
53,168,1.934,65.55,5.025,0.809,0
53,169,1.499,65.91,4.862,0.657,0
53,170,1.573,66.16,5.013,0.737,0
53,171,1.97,69.17,4.783,0.931,0
53,172,1.739,68.47,4.891,0.996,0
53,173,1.893,66.28,5.162,0.731,0
53,174,1.988,65.65,4.632,0.835,0
53,175,2.179,67.05,5.055,0.891,0
53,176,1.933,65.33,5.008,0.798,0
53,177,2.164,67.43,4.853,0.889,0
53,178,2.134,67.31,4.97,0.871,0
53,179,2.079,66.69,4.713,0.621,0
53,180,2.464,67.26,4.978,0.773,0
53,181,1.968,65.38,4.646,0.619,0
53,182,2.078,66.68,4.704,0.857,0
53,183,2.038,66.62,4.759,0.685,0
53,184,2.226,67.1,4.786,0.797,0
53,185,2.336,68.99,4.944,0.965,0
53,186,2.08,66.42,4.79,0.897,0
53,187,2.131,66.97,4.8,0.683,0
53,188,2.193,68.26,4.92,0.874,0
53,189,2.336,68.39,4.759,0.736,0
53,190,2.329,69.34,4.806,0.984,0
53,191,2.25,67.76,4.737,0.675,0
53,192,2.367,67.53,4.792,0.777,0
53,193,2.052,66.37,4.798,0.66,0
53,194,2.185,68.72,4.58,0.848,0
53,195,2.201,66.39,4.765,0.61,0
53,196,2.397,69.8,4.679,0.928,0
53,197,4.59,67.31,4.691,0.945,0
53,198,2.481,68.32,4.723,0.717,0
53,199,2.42,67.22,4.656,0.616,0
53,200,2.208,66.41,4.611,0.857,0
53,201,2.601,68.54,4.719,0.884,0
53,202,2.165,67.75,4.755,0.834,0
53,203,2.618,68.81,4.731,0.958,0
53,204,2.656,69.31,4.768,0.851,0
53,205,2.339,67.92,4.773,0.8,0
53,206,2.183,67.88,4.603,0.622,0
53,207,2.223,68.55,4.871,0.757,0
53,208,2.469,70.58,4.726,0.863,0
53,209,2.697,66.88,4.747,0.767,0
53,210,2.401,68.98,4.46,0.772,0
53,211,2.747,69.85,4.578,0.872,0
53,212,2.418,68.72,4.79,0.875,0
53,213,2.517,68.6,4.654,0.972,0
53,214,2.561,69.08,4.586,0.756,0
53,215,2.652,68.3,4.757,0.679,0
53,216,2.499,71.92,4.828,0.915,0
53,217,2.584,68.98,4.671,0.634,0
53,218,2.793,70.76,4.608,0.879,0
53,219,2.454,68.54,4.649,0.742,0
53,220,2.531,69.69,4.698,0.751,0
53,221,2.783,70.21,4.639,0.711,0
53,222,2.586,70.66,4.475,0.913,0
53,223,2.695,69.12,4.681,0.644,0
53,224,2.587,68.25,4.648,0.74,0
53,225,2.784,68.92,4.513,0.617,0
53,226,2.637,71.02,4.65,0.83,0
53,227,3.025,72.65,4.445,0.893,0
53,228,2.992,68.32,4.529,0.84,0
53,229,2.58,69.87,4.627,0.719,0
53,230,2.85,69.57,4.579,0.884,0
53,231,2.875,68.68,4.617,0.731,0
53,232,2.949,67.48,4.684,0.639,0
53,233,2.813,70.38,4.583,0.841,0
53,234,2.979,71.43,4.625,0.971,0
53,235,2.933,70.39,4.68,0.763,0
53,236,2.811,69.69,4.627,0.627,0
53,237,2.971,69.57,4.657,0.647,0
53,238,2.92,71.05,4.502,0.749,0
53,239,2.992,70.87,4.596,0.874,0
53,240,2.81,69.76,4.542,0.624,0
53,241,3.354,72.24,4.44,0.976,0
53,242,3.13,72.19,4.604,0.827,0
53,243,3.045,72.78,4.358,0.961,0
53,244,3.213,70.58,4.545,0.63,0
53,245,3.052,70.77,4.68,0.682,0
53,246,3.382,69.27,4.35,0.652,0
53,247,3.251,71.73,4.422,0.825,0
53,248,3.377,72.41,4.386,0.858,0
53,249,3.137,72.8,4.39,0.912,0
53,250,3.188,73.5,4.557,0.967,0
53,251,3.427,72.75,4.413,0.779,0
53,252,3.56,73.56,4.651,0.803,0
53,253,3.429,72.46,4.509,0.963,0
53,254,3.728,72.13,4.402,0.843,0
53,255,3.545,74.78,4.242,0.936,0
53,256,3.463,74.35,4.47,0.693,0
53,257,3.641,74.47,4.186,0.943,0
53,258,3.817,71.88,4.269,0.713,0
53,259,3.975,74.93,4.32,0.989,0
53,260,4.143,73.25,4.386,0.949,0
53,261,6.259,74.17,4.357,0.604,0
53,262,4.03,73.02,4.442,0.852,0
53,263,4.069,72.91,4.265,0.689,0
53,264,3.964,72.68,4.408,0.689,0
53,265,4.148,72.73,4.382,0.735,0
53,266,4.082,71.66,4.254,0.79,0
53,267,4.276,73.04,4.173,0.91,0
53,268,3.948,72.21,4.316,0.718,0
53,269,4.255,73.41,4.17,0.777,0
53,270,4.172,74.55,4.229,0.752,1
53,271,1.837,64.0,4.993,0.766,0
53,272,1.504,65.51,4.94,0.824,0
53,273,1.729,62.78,5.008,0.696,0
53,274,1.866,62.58,5.163,0.717,0
53,275,2.037,65.0,4.969,0.967,0
53,276,1.863,64.82,4.934,0.863,0
53,277,1.825,63.25,4.93,0.679,0
53,278,1.919,61.81,4.893,0.827,0
53,279,2.034,62.54,4.978,0.679,0
53,280,1.619,64.97,4.742,0.921,0
53,281,1.5,65.65,4.827,0.741,0
53,282,1.411,65.54,5.191,0.968,0
53,283,1.367,64.77,4.986,0.778,0
53,284,1.858,64.24,4.945,0.755,0
53,285,1.929,63.69,5.066,0.625,0
53,286,1.787,64.1,5.185,0.819,0
53,287,1.758,62.46,5.194,0.611,0
53,288,1.692,63.98,5.084,0.676,0
53,289,1.761,66.89,5.006,0.991,0
53,290,1.589,63.56,5.075,0.881,0
53,291,1.819,63.39,4.953,0.78,0
53,292,2.079,62.72,4.923,0.754,0
53,293,1.924,64.41,5.032,0.879,0
53,294,1.879,63.96,5.018,0.882,0
53,295,1.835,65.83,5.072,0.785,0
53,296,1.311,63.61,5.131,0.659,0
53,297,1.717,64.96,5.058,0.862,0
53,298,1.662,61.84,4.849,0.966,0
53,299,1.716,65.25,5.003,0.897,0
53,300,1.71,64.9,4.965,0.826,0
53,301,1.832,64.09,5.122,0.627,0
53,302,1.832,62.78,5.229,0.796,0
53,303,1.787,63.44,5.117,0.898,0
53,304,1.981,64.18,5.184,0.816,0
53,305,1.804,65.61,5.194,0.972,0
53,306,1.944,64.55,5.103,0.745,0
53,307,1.526,64.3,4.956,0.749,0
53,308,1.825,63.46,5.057,0.872,0
53,309,1.834,64.14,5.005,0.762,0
53,310,1.54,63.47,4.99,0.667,0
53,311,1.387,64.74,4.875,0.814,0
53,312,1.835,64.48,5.051,0.905,0
53,313,1.554,62.28,5.013,0.613,0
53,314,1.579,64.73,5.166,0.985,0
53,315,1.571,63.24,4.844,0.786,0
53,316,1.435,65.67,4.912,0.94,0
53,317,1.593,62.63,5.005,0.64,0
53,318,1.808,66.45,5.025,0.883,0
53,319,2.055,65.32,5.207,0.959,0
53,320,1.959,65.41,5.188,0.939,0
53,321,1.89,65.47,5.056,0.952,0
53,322,1.81,64.51,5.008,0.733,0
53,323,1.544,66.18,5.046,0.966,0
53,324,2.069,65.2,5.024,0.962,0
53,325,1.868,65.52,4.83,0.835,0
53,326,1.576,64.73,4.924,0.847,0
53,327,1.761,65.98,5.223,0.972,0
53,328,1.598,67.11,5.006,0.871,0
53,329,1.917,61.97,4.914,0.644,0
53,330,1.739,64.66,5.328,0.706,0
53,331,1.851,65.97,5.009,0.64,0
53,332,1.666,63.8,4.807,0.918,0
53,333,1.619,65.03,5.165,0.931,0
53,334,1.666,64.92,5.014,0.794,0
53,335,1.709,63.13,5.072,0.734,0
53,336,1.861,64.6,5.169,0.686,0
53,337,1.951,64.13,4.926,0.942,0
53,338,2.03,64.07,4.863,0.677,0
53,339,1.606,65.84,4.985,0.8,0
53,340,1.499,64.12,5.119,0.793,0
53,341,1.914,64.68,5.029,0.849,0
53,342,1.872,65.69,5.098,0.957,0
53,343,1.851,65.1,5.17,0.831,0
53,344,1.813,63.93,5.113,0.713,0
53,345,1.956,64.28,4.98,0.998,0
53,346,1.733,63.45,4.929,0.643,0
53,347,1.773,65.1,5.092,0.862,0
53,348,1.715,64.73,4.879,0.907,0
53,349,1.746,64.41,5.09,0.701,0
53,350,1.892,65.82,4.956,0.798,0
53,351,1.947,65.61,4.993,0.946,0
53,352,1.722,63.39,4.959,0.69,0
53,353,1.806,65.87,4.929,0.914,0
53,354,1.651,65.78,4.854,0.949,0
53,355,1.849,62.17,4.969,0.671,0
53,356,1.592,65.29,5.061,0.759,0
53,357,2.044,62.98,5.102,0.618,0
53,358,1.971,65.51,4.875,0.735,0
53,359,1.588,65.38,4.991,0.71,0
53,360,1.762,64.5,5.091,0.63,0
53,361,2.065,66.59,5.122,0.946,0
53,362,2.082,66.15,4.892,0.828,0
53,363,1.949,65.11,5.116,0.808,0
53,364,1.92,65.27,5.029,0.833,0
54,0,2.325,61.53,4.497,0.691,0
54,1,2.546,58.56,4.591,0.626,0
54,2,2.666,61.02,4.684,0.987,0
54,3,2.453,62.85,4.556,0.931,0
54,4,2.415,59.04,4.628,0.688,0
54,5,2.6,62.37,4.62,0.984,0
54,6,2.544,63.15,4.413,0.984,0
54,7,2.308,60.92,4.426,0.858,0
54,8,2.415,61.06,4.382,0.813,0
54,9,2.286,60.1,4.666,0.673,0
54,10,2.491,62.92,4.479,0.851,0
54,11,2.499,62.23,4.504,0.841,0
54,12,2.606,62.25,4.522,0.912,0
54,13,2.763,61.5,4.516,0.776,0
54,14,2.38,61.69,4.484,0.983,0
54,15,2.596,60.48,4.611,0.819,0
54,16,2.285,60.9,4.664,0.757,0
54,17,2.483,62.05,4.607,0.739,0
54,18,2.579,62.88,4.606,0.915,0
54,19,2.809,59.33,4.432,0.707,0
54,20,2.694,61.65,4.536,0.84,0
54,21,2.58,60.21,4.36,0.733,0
54,22,2.754,60.09,4.401,0.87,0
54,23,2.613,64.08,4.573,0.862,0
54,24,2.768,61.92,4.407,0.781,0
54,25,2.509,60.43,4.323,0.677,0
54,26,2.639,60.91,4.432,0.895,0
54,27,2.551,63.8,4.376,0.777,0
54,28,2.548,62.59,4.546,0.911,0
54,29,2.872,62.03,4.306,0.966,0
54,30,2.554,61.83,4.49,0.6,0
54,31,2.972,61.83,4.498,0.726,0
54,32,2.839,64.76,4.533,0.974,0
54,33,2.89,62.85,4.451,0.806,0
54,34,2.693,60.86,4.413,0.85,0
54,35,2.988,63.08,4.515,0.743,0
54,36,2.678,63.16,4.545,0.749,0
54,37,3.002,63.16,4.358,0.77,0
54,38,2.918,61.99,4.332,0.794,0
54,39,2.735,63.2,4.523,0.922,0
54,40,2.763,63.48,4.48,0.843,0
54,41,2.746,62.27,4.488,0.668,0
54,42,2.829,64.31,4.38,0.918,0
54,43,2.741,62.63,4.372,0.698,0
54,44,2.722,62.82,4.439,0.938,0
54,45,3.018,62.5,4.327,0.609,0
54,46,2.765,61.62,4.457,0.756,0
54,47,3.047,61.49,4.477,0.758,0
54,48,3.015,63.96,4.454,0.873,0
54,49,2.844,63.2,4.346,0.725,0
54,50,2.817,63.65,4.563,0.829,0
54,51,2.963,65.14,4.414,0.803,0
54,52,3.217,62.76,4.438,0.748,0
54,53,2.933,65.62,4.359,0.96,0
54,54,3.0,62.08,4.436,0.653,0
54,55,3.005,62.49,4.526,0.849,0
54,56,3.081,63.49,4.467,0.896,0
54,57,2.918,62.46,4.431,0.832,0
54,58,3.066,64.03,4.4,0.637,0
54,59,3.093,63.02,4.357,0.651,0
54,60,4.441,64.39,4.335,0.72,0
54,61,2.916,62.57,4.243,0.852,0
54,62,3.265,64.93,4.342,0.797,0
54,63,3.321,64.23,4.422,0.971,0
54,64,3.203,61.96,4.32,0.707,0
54,65,3.114,65.37,4.435,0.989,0
54,66,2.886,62.81,4.357,0.633,0
54,67,3.035,63.7,4.392,0.925,0
54,68,3.137,64.1,4.391,0.968,0
54,69,3.316,63.74,4.313,0.816,0
54,70,3.41,64.06,4.277,0.9,0
54,71,3.438,63.81,4.255,0.856,0
54,72,3.254,64.36,4.366,0.74,0
54,73,3.474,65.11,4.213,0.811,0
54,74,3.265,64.98,4.261,0.873,0
54,75,3.208,64.51,4.372,0.92,0
54,76,3.194,65.01,4.277,0.985,0
54,77,3.317,64.51,4.305,0.803,0
54,78,3.251,63.71,4.288,0.627,0
54,79,3.292,66.0,4.209,0.878,0
54,80,3.317,65.04,4.244,0.776,0
54,81,3.405,65.06,4.316,0.785,0
54,82,3.262,64.8,4.334,0.994,0
54,83,3.421,63.72,4.44,0.903,0
54,84,3.403,64.91,4.256,0.831,0
54,85,3.418,64.88,4.353,0.81,0
54,86,3.579,64.14,4.383,0.888,0
54,87,3.531,66.03,4.328,0.833,0
54,88,3.179,64.49,4.249,0.631,0
54,89,3.532,65.66,4.21,0.916,0
54,90,3.588,66.73,4.132,0.943,0
54,91,3.446,65.02,4.259,0.931,0
54,92,3.177,66.23,4.208,0.995,0
54,93,3.714,65.04,4.271,0.646,0
54,94,3.719,62.9,4.154,0.73,0
54,95,3.736,63.14,4.206,0.758,0
54,96,3.61,65.32,4.077,0.713,0
54,97,3.79,64.92,4.184,0.903,0
54,98,3.699,64.14,4.153,0.764,0
54,99,3.719,65.28,4.195,0.97,0
54,100,3.856,64.93,4.271,0.751,0
54,101,3.571,67.29,4.213,0.886,0
54,102,3.327,65.64,4.178,0.734,0
54,103,3.498,61.72,4.195,0.616,0
54,104,3.58,67.51,4.131,0.807,0
54,105,3.856,66.35,4.128,0.954,0
54,106,3.674,65.83,4.351,0.886,0
54,107,3.561,67.14,4.124,0.755,0
54,108,3.943,64.46,4.245,0.835,0
54,109,3.734,64.83,3.984,0.715,0
54,110,3.928,64.55,4.16,0.739,0
54,111,3.591,66.69,4.145,0.837,0
54,112,4.111,67.6,4.159,0.953,0
54,113,3.935,63.89,4.015,0.602,0
54,114,4.019,66.41,4.099,0.863,0
54,115,4.004,65.63,4.055,0.794,0
54,116,6.313,67.06,4.201,0.83,0
54,117,4.044,66.99,4.132,0.61,0
54,118,4.09,66.01,4.119,0.696,0
54,119,4.042,66.07,4.171,0.788,0
54,120,4.006,65.91,4.09,0.606,0
54,121,4.149,65.49,4.173,0.654,0
54,122,4.329,67.54,3.904,0.747,0
54,123,4.266,67.33,4.061,0.82,0
54,124,4.124,67.42,3.904,0.901,0
54,125,4.252,67.24,4.08,0.796,0
54,126,4.17,68.58,4.019,0.876,0
54,127,4.206,67.07,4.206,0.915,0
54,128,4.346,67.48,4.062,0.925,0
54,129,4.084,65.45,4.119,0.878,0
54,130,4.374,70.01,3.968,0.767,0
54,131,4.079,65.66,4.057,0.626,0
54,132,4.376,68.65,4.209,0.859,0
54,133,4.291,68.48,3.975,0.942,0
54,134,4.24,67.59,4.104,0.779,0
54,135,4.192,66.35,4.116,0.608,0
54,136,4.48,68.79,4.137,0.89,0
54,137,4.465,67.2,4.243,0.685,0
54,138,4.535,69.86,3.778,0.866,0
54,139,4.566,70.97,4.026,0.885,0
54,140,4.562,70.12,3.962,0.964,1
54,141,2.052,58.9,4.822,0.809,0
54,142,2.071,57.47,4.823,0.963,0
54,143,2.307,59.07,4.81,0.964,0
54,144,2.154,56.86,4.713,0.651,0
54,145,2.305,57.1,4.987,0.691,0
54,146,2.329,58.28,4.941,0.821,0
54,147,2.058,58.44,4.797,0.65,0
54,148,2.048,57.68,4.634,0.686,0
54,149,2.084,56.94,4.756,0.992,0
54,150,2.166,61.29,4.782,0.994,0
54,151,2.049,60.16,4.68,0.973,0
54,152,2.302,56.5,4.79,0.648,0
54,153,2.047,57.36,4.916,0.603,0
54,154,2.267,57.14,4.786,0.66,0
54,155,2.147,57.37,4.983,0.751,0
54,156,2.216,58.15,4.828,0.896,0
54,157,2.153,59.36,4.657,0.796,0
54,158,1.921,57.63,4.748,0.798,0
54,159,2.122,58.03,4.595,0.959,0
54,160,2.128,58.33,4.882,0.892,0
54,161,2.126,57.66,4.716,0.706,0
54,162,1.919,59.32,4.672,0.826,0
54,163,2.412,58.01,4.837,0.717,0
54,164,2.2,58.26,4.795,0.703,0
54,165,2.281,57.34,4.916,0.667,0
54,166,1.921,57.81,4.599,0.713,0
54,167,2.46,56.81,4.714,0.666,0
54,168,2.474,58.82,5.056,0.819,0
54,169,2.108,58.63,4.813,0.785,0
54,170,2.137,58.33,4.653,0.686,0
54,171,2.175,60.83,4.771,0.982,0
54,172,1.913,59.89,4.784,0.996,0
54,173,2.445,58.1,4.752,0.751,0
54,174,2.049,59.47,4.782,0.773,0
54,175,2.151,59.5,4.882,0.798,0
54,176,2.315,56.42,4.481,0.646,0
54,177,2.074,58.73,4.73,0.706,0
54,178,2.279,59.24,4.674,0.766,0
54,179,1.951,59.23,4.798,0.791,0
54,180,1.94,58.03,4.92,0.873,0
54,181,2.139,55.87,4.499,0.66,0
54,182,2.255,58.69,4.636,0.856,0
54,183,2.101,59.81,4.718,0.891,0
54,184,2.342,59.35,4.804,0.82,0
54,185,2.273,58.33,4.639,0.812,0
54,186,2.274,61.07,4.594,0.975,0
54,187,2.209,59.46,4.614,0.754,0
54,188,2.274,58.14,4.624,0.614,0
54,189,2.22,58.99,4.754,0.904,0
54,190,2.329,59.73,4.71,0.81,0
54,191,2.258,60.1,4.757,0.922,0
54,192,2.351,60.19,4.8,0.755,0
54,193,2.122,57.49,4.752,0.952,0
54,194,2.404,60.67,4.732,0.936,0
54,195,2.262,59.02,4.808,0.793,0
54,196,4.588,60.95,4.674,0.987,0
54,197,2.38,58.78,4.606,0.737,0
54,198,2.231,59.28,4.624,0.838,0
54,199,2.49,59.31,4.645,0.673,0
54,200,2.399,59.84,4.772,0.687,0
54,201,2.599,59.49,4.669,0.797,0
54,202,2.397,59.49,4.682,0.832,0
54,203,2.489,60.19,4.436,0.828,0
54,204,2.464,59.39,4.629,0.738,0
54,205,2.463,60.97,4.656,0.879,0
54,206,2.363,61.11,4.792,0.732,0
54,207,2.447,61.76,4.505,0.851,0
54,208,2.335,58.61,4.671,0.64,0
54,209,2.183,60.99,4.507,0.903,0
54,210,2.585,62.43,4.689,0.914,0
54,211,2.489,62.78,4.619,0.793,0
54,212,2.597,59.19,4.807,0.648,0
54,213,2.601,58.9,4.646,0.9,0
54,214,2.566,60.72,4.76,0.76,0
54,215,2.597,60.59,4.715,0.856,0
54,216,2.458,59.66,4.475,0.679,0
54,217,2.69,59.38,4.438,0.817,0
54,218,2.785,59.97,4.746,0.821,0
54,219,2.623,59.68,4.632,0.633,0
54,220,2.918,61.25,4.593,0.727,0
54,221,2.765,62.08,4.657,0.701,0
54,222,2.979,61.69,4.633,0.879,0
54,223,2.752,60.06,4.499,0.617,0
54,224,2.907,62.08,4.705,0.969,0
54,225,2.866,60.9,4.495,0.747,1
54,226,2.024,58.81,4.924,0.823,0
54,227,1.985,56.2,4.841,0.691,0
54,228,2.168,57.19,4.78,0.916,0
54,229,1.966,58.34,5.028,0.837,0
54,230,1.964,59.17,4.814,0.784,0
54,231,2.017,59.5,4.816,0.973,0
54,232,1.892,60.55,4.775,0.952,0
54,233,1.891,58.88,4.836,0.997,0
54,234,2.115,58.35,4.83,0.827,0
54,235,1.729,57.6,4.736,0.637,0
54,236,2.266,58.8,4.664,0.832,0
54,237,2.27,56.64,4.799,0.755,0
54,238,2.345,57.94,4.623,0.873,0
54,239,2.207,58.43,4.878,0.715,0
54,240,2.012,57.42,4.772,0.722,0
54,241,2.236,59.06,4.843,0.835,0
54,242,2.072,59.56,4.566,0.899,0
54,243,1.965,59.54,4.763,0.854,0
54,244,1.967,59.72,4.92,0.867,0
54,245,1.953,60.21,4.647,0.867,0
54,246,2.149,58.7,4.859,0.948,0
54,247,1.947,57.39,4.701,0.876,0
54,248,1.958,59.02,4.709,0.943,0
54,249,2.055,59.25,4.689,0.802,0
54,250,2.281,59.09,4.697,0.797,0
54,251,2.089,59.63,4.877,0.624,0
54,252,2.269,57.53,4.894,0.74,0
54,253,2.216,57.75,4.645,0.729,0
54,254,2.032,58.69,4.703,0.723,0
54,255,2.092,60.02,4.753,0.975,0
54,256,2.117,59.83,4.848,0.637,0
54,257,2.038,60.01,4.788,0.885,0
54,258,2.149,59.65,4.792,0.683,0
54,259,1.77,60.29,4.843,0.863,0
54,260,2.066,62.16,4.83,0.958,0
54,261,2.153,58.97,4.668,0.831,0
54,262,2.313,59.66,4.848,0.891,0
54,263,2.221,57.31,4.75,0.705,0
54,264,2.164,58.57,4.703,0.923,0
54,265,2.021,58.41,4.629,0.746,0
54,266,2.082,59.99,4.798,0.876,0
54,267,2.316,60.29,4.93,0.933,0
54,268,2.197,60.48,4.812,0.833,0
54,269,2.156,60.16,4.863,0.643,0
54,270,2.215,58.24,4.634,0.772,0
54,271,2.203,58.48,4.585,0.848,0
54,272,2.304,59.81,4.898,0.721,0
54,273,2.174,59.31,4.714,0.946,0
54,274,2.228,58.81,4.661,0.646,0
54,275,2.229,59.14,4.71,0.835,0
54,276,2.129,58.8,4.762,0.748,0
54,277,2.25,56.85,4.748,0.608,0
54,278,2.208,60.76,4.822,0.965,0
54,279,2.313,59.51,4.512,0.817,0
54,280,2.067,58.55,4.69,0.65,0
54,281,2.147,59.01,5.013,0.721,0
54,282,2.115,59.4,4.938,0.608,0
54,283,2.386,60.66,4.656,0.934,0
54,284,2.335,57.22,4.75,0.643,0
54,285,2.32,61.27,4.771,0.886,0
54,286,2.154,59.15,4.764,0.74,0
54,287,2.365,58.02,4.778,0.751,0
54,288,2.275,58.75,4.691,0.704,0
54,289,2.03,59.79,4.808,0.746,0
54,290,2.246,60.26,4.553,0.742,0
54,291,1.825,60.48,4.78,0.984,0
54,292,2.191,59.42,4.562,0.707,0
54,293,2.445,59.82,4.635,0.831,0
54,294,2.236,59.99,4.74,0.969,0
54,295,2.318,61.3,4.826,0.866,0
54,296,2.175,60.67,4.719,0.88,0
54,297,2.167,59.36,4.903,0.629,0
54,298,2.388,58.57,4.654,0.839,0
54,299,2.433,58.94,4.705,0.679,0
54,300,2.077,61.04,4.573,0.712,0
54,301,2.01,60.53,4.662,0.762,0
54,302,2.063,58.7,4.62,0.721,0
54,303,2.14,60.75,4.547,0.979,0
54,304,2.211,59.36,4.742,0.624,0
54,305,2.576,61.12,4.672,0.881,0
54,306,2.454,60.96,4.507,0.779,0
54,307,2.364,62.77,4.554,0.997,0
54,308,2.325,59.18,4.732,0.698,0
54,309,2.298,61.26,4.656,0.683,0
54,310,2.322,61.44,4.5,0.806,0
54,311,2.611,58.86,4.662,0.744,0
54,312,2.3,60.79,4.627,0.821,0
54,313,2.371,60.21,4.654,0.83,0
54,314,2.342,62.33,4.326,0.99,0
54,315,2.359,60.61,4.64,0.923,0
54,316,2.519,62.42,4.468,0.875,0
54,317,2.401,60.45,4.685,0.901,0
54,318,2.261,60.64,4.594,0.929,0
54,319,2.876,61.68,4.559,0.972,0
54,320,2.561,60.46,4.522,0.809,0
54,321,2.413,61.16,4.795,0.87,0
54,322,2.482,61.37,4.629,0.604,0
54,323,2.685,61.86,4.454,0.844,0
54,324,2.392,60.74,4.533,0.902,0
54,325,2.604,62.05,4.38,0.782,0
54,326,2.794,59.42,4.463,0.862,0
54,327,2.701,61.16,4.546,0.799,0
54,328,2.598,61.9,4.468,0.865,0
54,329,5.261,59.29,4.629,0.636,0
54,330,2.476,59.39,4.284,0.641,0
54,331,2.387,59.24,4.425,0.806,0
54,332,2.917,62.83,4.523,0.843,0
54,333,2.721,61.42,4.329,0.623,0
54,334,2.998,60.73,4.427,0.78,0
54,335,2.7,61.57,4.466,0.867,0
54,336,2.864,63.79,4.552,0.951,0
54,337,2.796,63.2,4.419,0.958,0
54,338,2.609,62.54,4.47,0.772,0
54,339,2.531,63.76,4.483,0.641,0
54,340,2.669,62.23,4.581,0.983,0
54,341,2.713,62.82,4.421,0.85,0
54,342,2.833,64.32,4.622,0.985,0
54,343,2.646,62.95,4.5,0.863,0
54,344,2.853,63.47,4.504,0.842,0
54,345,2.78,62.49,4.397,0.875,0
54,346,2.863,60.62,4.495,0.804,0
54,347,3.103,62.51,4.301,0.813,0
54,348,2.909,63.85,4.23,0.732,0
54,349,3.135,61.6,4.259,0.815,0
54,350,3.117,64.44,4.442,0.95,0
54,351,2.935,63.08,4.474,0.828,0
54,352,3.216,65.33,4.381,0.884,0
54,353,3.259,63.8,4.395,0.84,0
54,354,3.321,64.92,4.301,0.77,0
54,355,3.103,63.7,4.028,0.656,0
54,356,3.251,66.42,4.327,0.979,0
54,357,3.179,62.82,4.362,0.705,0
54,358,3.426,64.25,4.214,0.863,0
54,359,3.255,64.59,4.227,0.966,0
54,360,2.955,67.1,4.205,0.99,0
54,361,3.323,64.49,4.526,0.809,0
54,362,3.396,65.13,4.122,0.943,0
54,363,3.192,64.96,4.194,0.731,0
54,364,3.385,64.43,4.334,0.874,0
55,0,1.946,60.63,4.903,0.873,0
55,1,1.898,59.36,4.859,0.937,0
55,2,2.127,55.97,4.943,0.631,0
55,3,1.942,59.68,4.744,0.869,0
55,4,1.986,57.65,4.698,0.934,0
55,5,1.957,59.01,4.773,0.85,0
55,6,2.068,56.57,4.817,0.756,0
55,7,2.192,56.22,4.858,0.854,0
55,8,2.115,58.02,4.768,0.816,0
55,9,1.868,56.66,4.887,0.616,0
55,10,1.997,59.63,4.788,0.785,0
55,11,2.033,59.94,4.784,0.985,0
55,12,2.033,59.73,4.893,0.891,0
55,13,1.845,58.97,4.791,0.94,0
55,14,1.742,60.72,4.789,0.981,0
55,15,1.863,56.38,4.807,0.817,0
55,16,1.89,58.85,4.772,0.695,0
55,17,2.337,58.77,4.928,0.882,0
55,18,1.88,59.55,4.857,0.873,0
55,19,1.952,58.73,4.757,0.652,0
55,20,1.811,60.14,4.882,0.91,0
55,21,2.271,60.49,4.737,0.78,0
55,22,1.962,59.61,4.823,0.817,0
55,23,1.892,59.42,4.812,0.739,0
55,24,2.058,57.92,4.706,0.674,0
55,25,1.902,58.82,4.788,0.823,0
55,26,2.259,59.23,4.84,0.764,0
55,27,1.86,57.72,4.983,0.706,0
55,28,2.154,59.59,4.807,0.638,0
55,29,1.915,58.88,4.773,0.839,0
55,30,2.152,59.85,4.739,0.801,0
55,31,5.063,59.02,4.586,0.888,0
55,32,1.618,60.44,4.743,0.984,0
55,33,1.911,59.09,4.612,0.758,0
55,34,1.843,60.61,4.903,0.768,0
55,35,1.901,62.03,4.619,0.835,0
55,36,2.134,60.55,4.719,0.901,0
55,37,2.0,59.48,4.859,0.81,0
55,38,1.823,59.81,4.642,0.639,0
55,39,2.215,58.39,4.732,0.899,0
55,40,1.983,60.52,4.678,0.782,0
55,41,2.121,61.28,4.758,0.782,0
55,42,2.244,59.39,4.791,0.923,0
55,43,1.929,57.08,4.742,0.624,0
55,44,1.899,59.1,4.686,0.732,0
55,45,2.075,62.91,4.734,0.974,0
55,46,2.115,59.16,4.599,0.659,0
55,47,2.29,60.79,4.573,0.9,0
55,48,1.971,60.7,4.94,0.811,0
55,49,2.107,59.95,4.5,0.936,0
55,50,2.091,61.19,4.715,0.916,0
55,51,2.37,60.77,4.914,0.956,0
55,52,2.267,59.84,4.581,0.666,0
55,53,2.27,60.03,4.642,0.651,0
55,54,2.362,62.57,4.421,0.9,0
55,55,1.942,61.2,4.772,0.962,0
55,56,2.206,59.91,4.597,0.701,0
55,57,2.097,60.38,4.71,0.644,0
55,58,2.218,59.09,4.479,0.693,0
55,59,2.026,61.28,4.637,0.927,0
55,60,2.437,61.42,4.458,0.901,0
55,61,2.567,62.17,4.595,0.788,0
55,62,2.432,62.13,4.671,0.878,0
55,63,2.305,61.54,4.581,0.993,0
55,64,2.271,59.89,4.652,0.67,0
55,65,2.511,60.31,4.672,0.681,0
55,66,2.569,61.92,4.628,0.986,0
55,67,2.321,61.03,4.46,0.824,0
55,68,2.159,61.98,4.71,0.912,0
55,69,2.379,61.35,4.654,0.732,0
55,70,2.712,60.97,4.529,0.948,0
55,71,2.486,59.64,4.377,0.793,0
55,72,2.603,61.98,4.6,0.885,0
55,73,2.353,62.15,4.754,0.615,0
55,74,2.287,60.21,4.597,0.606,0
55,75,2.069,62.17,4.638,0.645,0
55,76,2.477,62.58,4.631,0.807,0
55,77,2.584,63.45,4.563,0.779,0
55,78,2.331,61.86,4.658,0.845,0
55,79,2.611,62.76,4.665,0.849,0
55,80,2.633,61.36,4.509,0.911,0
55,81,2.81,61.89,4.384,0.693,0
55,82,2.737,60.13,4.476,0.617,0
55,83,2.494,64.06,4.543,0.962,0
55,84,2.847,63.17,4.566,0.697,0
55,85,3.07,63.38,4.556,0.657,0
55,86,2.503,63.57,4.556,0.935,0
55,87,2.69,64.99,4.62,0.866,0
55,88,2.979,62.01,4.373,0.794,0
55,89,2.8,62.95,4.395,0.936,0
55,90,2.726,64.13,4.55,0.71,0
55,91,3.148,60.65,4.458,0.665,0
55,92,2.919,63.52,4.419,0.944,0
55,93,2.939,62.68,4.453,0.705,0
55,94,2.852,64.08,4.455,0.754,0
55,95,2.891,64.2,4.497,0.872,0
55,96,2.928,63.13,4.419,0.684,0
55,97,2.964,65.96,4.444,0.927,0
55,98,2.89,64.86,4.431,0.904,0
55,99,3.005,63.15,4.611,0.73,0
55,100,2.939,63.6,4.453,0.81,0
55,101,2.981,63.16,4.441,0.706,0
55,102,3.258,63.71,4.365,0.809,0
55,103,2.987,64.26,4.382,0.69,0
55,104,3.141,63.26,4.287,0.666,0
55,105,3.246,63.3,4.548,0.628,0
55,106,3.24,64.12,4.403,0.796,0
55,107,3.41,62.14,4.257,0.654,0
55,108,3.03,65.76,4.318,0.777,0
55,109,3.319,65.76,4.402,0.977,0
55,110,3.357,66.7,4.466,0.807,0
55,111,3.22,65.13,4.129,0.734,0
55,112,3.474,65.41,4.353,0.853,0
55,113,3.381,66.79,4.246,0.795,0
55,114,3.484,66.44,4.201,0.94,0
55,115,3.563,65.74,4.326,0.97,0
55,116,3.82,65.4,4.113,0.992,0
55,117,3.749,64.52,4.091,0.61,0
55,118,3.538,65.83,4.188,0.626,0
55,119,3.997,65.31,4.133,0.621,0
55,120,3.56,67.66,4.017,0.766,0
55,121,3.665,67.29,4.139,0.696,0
55,122,4.011,66.62,4.055,0.926,0
55,123,3.993,68.37,4.224,0.99,0
55,124,4.046,67.87,4.067,0.899,0
55,125,3.897,69.63,4.037,0.902,0
55,126,4.222,66.52,4.085,0.787,0
55,127,4.201,66.37,4.096,0.609,0
55,128,4.303,66.43,4.061,0.615,0
55,129,3.949,68.18,4.121,0.832,0
55,130,4.209,66.87,3.971,0.945,0
55,131,4.444,70.81,4.178,0.908,0
55,132,4.434,66.64,4.132,0.699,0
55,133,4.581,70.53,4.325,0.885,0
55,134,4.329,67.26,4.042,0.865,1
55,135,2.05,58.99,4.79,0.872,0
55,136,1.918,56.88,4.81,0.709,0
55,137,2.017,57.08,4.709,0.798,0
55,138,2.029,54.73,4.799,0.661,0
55,139,1.723,57.53,4.898,0.871,0
55,140,1.921,57.13,4.851,0.603,0
55,141,1.962,58.36,4.904,0.758,0
55,142,1.943,60.55,4.77,0.971,0
55,143,1.84,58.29,4.946,0.679,0
55,144,2.186,58.83,4.917,0.815,0
55,145,1.991,59.34,5.023,0.999,0
55,146,2.063,57.53,4.723,0.749,0
55,147,2.199,58.18,4.825,0.952,0
55,148,2.085,58.54,4.911,0.913,0
55,149,2.102,58.31,4.915,0.834,0
55,150,1.882,56.15,4.883,0.6,0
55,151,2.135,59.6,5.024,0.843,0
55,152,2.025,58.79,4.922,0.851,0
55,153,1.902,60.09,4.768,0.893,0
55,154,1.894,59.24,4.86,0.917,0
55,155,2.0,58.08,4.844,0.736,0
55,156,2.068,59.65,4.843,0.998,0
55,157,1.987,59.41,4.843,0.987,0
55,158,2.01,59.07,4.996,0.925,0
55,159,1.877,58.53,4.744,0.939,0
55,160,2.03,59.83,4.886,0.75,0
55,161,2.068,59.93,4.816,0.876,0
55,162,1.876,60.35,4.943,0.972,0
55,163,1.683,57.03,4.829,0.621,0
55,164,1.819,59.2,4.91,0.858,0
55,165,2.161,56.02,4.771,0.652,0
55,166,1.982,58.06,4.816,0.669,0
55,167,2.074,57.63,4.854,0.771,0
55,168,1.995,58.67,4.899,0.855,0
55,169,2.051,61.43,4.813,0.968,0
55,170,1.937,57.99,4.82,0.817,0
55,171,2.072,59.12,4.711,0.917,0
55,172,2.016,59.1,5.058,0.849,0
55,173,1.854,60.68,4.791,0.934,0
55,174,2.018,59.3,4.834,0.966,0
55,175,2.0,58.95,4.676,0.791,0
55,176,2.169,59.05,4.738,0.863,0
55,177,2.0,60.75,4.81,0.934,0
55,178,2.003,59.97,4.797,0.918,0
55,179,1.59,59.11,4.734,0.715,0
55,180,1.946,59.79,4.849,0.977,0
55,181,2.159,60.18,4.69,0.793,0
55,182,1.982,60.12,4.814,0.945,0
55,183,1.895,59.62,4.709,0.771,0
55,184,1.968,60.41,4.724,0.889,0
55,185,2.015,58.05,4.834,0.63,0
55,186,3.632,58.78,4.768,0.836,0
55,187,2.086,56.24,4.821,0.747,0
55,188,1.954,58.77,4.954,0.884,0
55,189,2.046,60.1,4.918,0.961,0
55,190,2.119,60.53,4.787,0.944,0
55,191,1.751,60.11,4.674,0.861,0
55,192,1.831,60.94,4.949,0.996,0
55,193,2.267,58.76,4.745,0.804,0
55,194,2.105,60.94,4.631,0.96,0
55,195,2.133,60.99,4.741,0.973,0
55,196,2.158,60.51,4.913,0.712,0
55,197,2.074,60.96,4.848,0.687,0
55,198,1.967,58.73,4.923,0.629,0
55,199,1.905,57.92,4.836,0.718,0
55,200,1.838,59.26,4.809,0.769,0
55,201,2.043,58.92,4.707,0.612,0
55,202,2.128,60.06,4.652,0.738,0
55,203,2.261,58.83,4.72,0.654,0
55,204,2.337,61.8,4.611,0.993,0
55,205,2.14,60.54,4.775,0.703,0
55,206,2.296,61.25,4.699,0.778,0
55,207,2.287,63.28,4.59,0.971,0
55,208,2.419,60.74,4.806,0.799,0
55,209,2.357,61.9,4.639,0.977,0
55,210,2.228,61.32,4.798,0.967,0
55,211,2.168,59.75,4.804,0.776,0
55,212,2.175,57.57,4.65,0.627,0
55,213,2.203,59.96,4.818,0.751,0
55,214,2.102,59.4,4.685,0.839,0
55,215,2.335,62.47,4.811,0.961,0
55,216,2.155,59.45,4.716,0.648,0
55,217,2.224,60.38,4.659,0.605,0
55,218,2.316,59.51,4.753,0.911,0
55,219,2.121,61.47,4.626,0.867,0
55,220,2.43,59.29,4.677,0.745,0
55,221,2.253,58.96,4.545,0.602,0
55,222,2.173,61.6,4.62,0.95,0
55,223,2.285,63.9,4.728,0.97,0
55,224,2.353,60.72,4.803,0.952,0
55,225,2.265,60.69,4.641,0.641,0
55,226,2.35,59.04,4.74,0.614,0
55,227,2.299,61.16,4.583,0.972,0
55,228,2.354,60.79,4.736,0.72,0
55,229,2.262,61.81,4.546,0.989,0
55,230,2.55,61.28,4.418,0.734,0
55,231,2.297,63.21,4.535,0.986,0
55,232,2.445,61.07,4.688,0.899,0
55,233,2.458,60.6,4.686,0.692,0
55,234,2.736,62.03,4.731,0.857,0
55,235,2.618,61.38,4.395,0.648,0
55,236,2.745,59.97,4.663,0.607,0
55,237,2.68,61.34,4.579,0.663,0
55,238,2.844,61.28,4.286,0.659,0
55,239,2.637,62.94,4.543,0.848,0
55,240,2.474,63.09,4.614,0.783,0
55,241,2.5,62.04,4.465,0.791,0
55,242,2.664,63.95,4.555,0.779,0
55,243,2.613,62.88,4.403,0.908,0
55,244,2.622,63.03,4.6,0.799,0
55,245,2.463,62.86,4.393,0.773,0
55,246,2.739,60.36,4.586,0.644,0
55,247,2.616,61.32,4.5,0.693,0
55,248,2.893,61.28,4.42,0.626,0
55,249,2.446,64.14,4.475,0.815,0
55,250,2.686,62.08,4.875,0.808,0
55,251,2.661,62.03,4.438,0.639,0
55,252,2.492,63.64,4.438,0.629,0
55,253,5.362,60.1,4.522,0.636,0
55,254,2.655,62.85,4.482,0.913,0
55,255,2.755,61.08,4.575,0.875,0
55,256,2.92,63.75,4.568,0.925,0
55,257,2.843,61.68,4.573,0.772,0
55,258,2.41,64.5,4.459,0.838,0
55,259,2.715,64.06,4.557,0.982,0
55,260,2.905,62.82,4.356,0.829,0
55,261,2.584,63.54,4.398,0.733,0
55,262,3.012,63.68,4.693,0.906,0
55,263,3.243,63.14,4.322,0.801,0
55,264,3.015,66.8,4.431,0.93,0
55,265,3.008,66.02,4.37,0.896,0
55,266,2.817,63.02,4.414,0.935,0
55,267,2.949,65.66,4.259,0.757,0
55,268,3.247,64.28,4.521,0.678,0
55,269,2.962,64.87,4.197,0.828,0
55,270,3.362,64.43,4.307,0.737,0
55,271,2.939,63.79,4.411,0.713,0
55,272,3.401,65.57,4.352,0.954,0
55,273,2.937,60.78,4.343,0.613,0
55,274,3.528,66.57,4.337,0.991,0
55,275,3.268,65.69,4.362,0.83,0
55,276,3.061,65.79,4.325,0.965,0
55,277,3.485,64.22,4.164,0.84,0
55,278,3.458,64.8,4.386,0.844,0
55,279,3.049,65.92,4.328,0.89,0
55,280,3.487,64.01,4.339,0.698,0
55,281,3.654,64.68,4.191,0.735,0
55,282,3.369,64.1,4.351,0.745,0
55,283,3.395,66.6,4.172,0.85,0
55,284,3.525,66.35,4.308,0.915,0
55,285,3.609,67.05,4.333,0.945,0
55,286,3.546,65.32,4.277,0.625,0
55,287,3.699,66.52,4.337,0.954,0
55,288,3.703,64.92,4.292,0.685,0
55,289,3.708,64.61,4.285,0.618,0
55,290,3.687,65.61,4.172,0.829,0
55,291,3.804,64.68,4.342,0.61,0
55,292,3.588,66.21,4.361,0.638,0
55,293,3.862,63.13,4.362,0.621,0
55,294,3.508,67.73,4.226,0.781,0
55,295,4.023,67.9,4.261,0.954,0
55,296,3.86,65.31,4.145,0.641,0
55,297,3.964,70.08,4.274,0.953,0
55,298,3.789,69.39,4.065,0.887,0
55,299,3.834,65.14,4.089,0.661,0
55,300,4.193,66.12,4.039,0.758,0
55,301,4.204,66.88,4.143,0.997,0
55,302,4.066,67.11,4.168,0.735,0
55,303,3.853,66.33,4.416,0.749,0
55,304,3.919,67.97,4.162,0.949,0
55,305,4.218,67.56,4.05,0.77,0
55,306,4.079,67.63,4.228,0.783,0
55,307,4.265,68.05,3.994,0.896,0
55,308,4.232,68.77,4.047,0.741,0
55,309,4.259,65.61,4.359,0.872,0
55,310,4.487,67.91,4.123,0.707,0
55,311,4.552,66.22,4.118,0.627,1
55,312,1.668,57.8,5.026,0.662,0
55,313,2.084,58.38,4.725,0.622,0
55,314,1.894,58.9,4.92,0.744,0
55,315,1.947,57.29,4.999,0.969,0
55,316,2.152,58.78,4.827,0.789,0
55,317,2.058,59.18,4.87,0.812,0
55,318,2.087,58.88,4.976,0.801,0
55,319,1.782,59.01,4.911,0.872,0
55,320,2.04,58.73,4.978,0.79,0
55,321,1.727,56.12,5.043,0.69,0
55,322,2.014,60.59,4.915,0.91,0
55,323,1.983,57.81,4.802,0.647,0
55,324,1.837,58.39,4.923,0.669,0
55,325,1.793,57.53,4.746,0.667,0
55,326,1.834,57.86,4.867,0.737,0
55,327,1.905,58.17,4.855,0.803,0
55,328,1.657,57.58,4.954,0.699,0
55,329,1.775,58.44,4.905,0.994,0
55,330,1.979,58.61,4.924,0.958,0
55,331,1.858,57.09,4.887,0.625,0
55,332,1.834,59.08,4.936,0.774,0
55,333,1.968,58.86,4.901,0.957,0
55,334,2.118,57.21,4.788,0.634,0
55,335,1.686,57.19,4.976,0.733,0
55,336,2.17,56.11,4.856,0.922,0
55,337,1.842,59.78,4.942,0.947,0
55,338,1.849,58.04,4.898,0.845,0
55,339,1.915,59.09,4.937,0.909,0
55,340,1.844,58.9,4.836,0.96,0
55,341,1.492,56.41,4.845,0.835,0
55,342,1.976,58.4,4.914,0.829,0
55,343,2.038,58.69,4.73,0.865,0
55,344,2.161,59.73,4.967,0.967,0
55,345,1.934,57.66,4.851,0.866,0
55,346,2.005,57.56,4.856,0.624,0
55,347,1.69,58.44,4.864,0.918,0
55,348,2.094,58.78,4.802,0.914,0
55,349,2.09,57.37,4.75,0.752,0
55,350,1.418,56.84,4.758,0.667,0
55,351,1.922,58.75,4.783,0.785,0
55,352,1.736,58.95,4.818,0.728,0
55,353,1.881,60.27,4.992,0.985,0
55,354,2.104,58.21,4.771,0.69,0
55,355,2.041,59.24,4.84,0.76,0
55,356,2.093,58.57,4.761,0.919,0
55,357,1.996,60.47,4.61,0.861,0
55,358,1.968,58.9,4.704,0.796,0
55,359,2.13,60.94,4.725,0.864,0
55,360,2.048,57.87,4.689,0.678,0
55,361,1.833,61.4,4.648,0.998,0
55,362,1.678,57.96,4.657,0.677,0
55,363,2.11,61.11,4.708,0.944,0
55,364,1.913,59.69,4.991,0.905,0
56,0,2.102,64.32,5.101,0.853,0
56,1,1.818,61.07,5.116,0.655,0
56,2,2.102,63.48,5.182,0.658,0
56,3,1.966,63.44,5.103,0.973,0
56,4,2.165,61.76,5.073,0.854,0
56,5,2.057,62.92,5.069,0.777,0
56,6,2.033,62.45,5.139,0.815,0
56,7,2.004,64.46,5.227,0.867,0
56,8,1.744,62.05,5.349,0.892,0
56,9,2.267,64.03,5.21,0.892,0
56,10,1.864,61.07,5.368,0.708,0
56,11,2.014,62.44,5.134,0.65,0
56,12,2.207,63.27,5.205,0.963,0
56,13,1.954,64.54,5.096,0.903,0
56,14,1.953,62.57,5.153,0.816,0
56,15,2.065,65.21,5.163,0.952,0
56,16,1.94,63.37,5.441,0.751,0
56,17,2.163,61.57,5.272,0.902,0
56,18,1.835,63.49,5.297,0.808,0
56,19,2.275,62.55,5.148,0.782,0
56,20,2.26,62.19,5.237,0.86,0
56,21,2.032,62.18,5.4,0.645,0
56,22,2.078,62.32,5.086,0.784,0
56,23,2.151,62.88,5.266,0.707,0
56,24,1.994,62.47,5.089,0.661,0
56,25,2.152,63.61,5.175,0.933,0
56,26,2.114,61.36,5.138,0.859,0
56,27,1.831,63.97,5.218,0.879,0
56,28,1.956,63.77,5.212,0.8,0
56,29,2.17,61.56,5.034,0.626,0
56,30,1.968,61.6,5.128,0.662,0
56,31,3.733,60.74,4.963,0.724,0
56,32,2.163,63.01,5.202,0.808,0
56,33,1.895,62.93,5.058,0.934,0
56,34,1.877,63.95,5.203,0.821,0
56,35,2.186,61.26,5.1,0.654,0
56,36,2.318,62.47,5.283,0.859,0
56,37,1.967,64.21,4.934,0.853,0
56,38,1.964,64.33,5.436,0.729,0
56,39,2.077,62.95,5.287,0.808,0
56,40,2.424,63.53,5.21,0.928,0
56,41,2.166,63.74,5.196,0.803,0
56,42,2.135,64.25,5.243,0.781,0
56,43,2.082,63.97,5.085,0.703,0
56,44,1.953,65.14,5.031,0.976,0
56,45,2.117,63.34,5.045,0.873,0
56,46,1.811,63.76,5.038,0.851,0
56,47,1.922,62.25,5.13,0.631,0
56,48,2.109,64.27,5.16,0.856,0
56,49,1.803,63.15,5.247,0.646,0
56,50,2.18,63.53,5.147,0.712,0
56,51,2.093,63.86,5.01,0.639,0
56,52,1.831,66.68,5.099,0.991,0
56,53,2.097,61.48,5.159,0.634,0
56,54,2.203,62.7,5.206,0.999,0
56,55,2.428,62.94,5.18,0.927,0
56,56,2.093,64.71,5.119,0.978,0
56,57,2.059,65.54,5.212,0.96,0
56,58,2.086,65.07,5.162,0.799,0
56,59,2.193,64.18,4.946,0.856,0
56,60,1.997,63.32,5.017,0.637,0
56,61,1.932,63.81,5.099,0.799,0
56,62,2.141,63.41,5.248,0.636,0
56,63,1.986,63.84,5.129,0.852,0
56,64,2.215,65.6,5.056,0.838,0
56,65,2.451,65.27,5.021,0.766,0
56,66,2.328,64.74,5.052,0.792,0
56,67,2.145,63.3,5.093,0.719,0
56,68,2.213,63.45,5.043,0.694,0
56,69,2.025,63.85,5.189,0.635,0
56,70,2.019,64.36,5.155,0.925,0
56,71,1.87,62.52,5.11,0.77,0
56,72,2.012,61.7,4.907,0.663,0
56,73,2.337,65.27,4.939,0.841,0
56,74,2.04,63.78,4.959,0.844,0
56,75,2.313,65.84,4.987,0.685,0
56,76,2.367,64.63,5.017,0.947,0
56,77,2.183,64.58,5.246,0.739,0
56,78,2.356,64.76,5.116,0.695,0
56,79,2.266,64.37,4.772,0.968,0
56,80,2.06,63.27,5.063,0.687,0
56,81,2.158,65.08,5.103,0.834,0
56,82,2.243,65.67,5.016,0.928,0
56,83,2.287,64.77,5.177,0.784,0
56,84,2.364,64.95,4.958,0.983,0
56,85,2.242,63.92,5.047,0.754,0
56,86,2.111,66.02,5.134,0.826,0
56,87,2.297,63.35,5.066,0.616,0
56,88,2.385,66.75,5.134,0.996,0
56,89,2.208,64.62,4.96,0.994,0
56,90,2.247,66.42,5.001,0.735,0
56,91,2.538,63.59,4.944,0.639,0
56,92,2.141,64.87,5.033,0.765,0
56,93,2.349,65.82,4.929,0.708,0
56,94,2.347,67.09,4.987,0.985,0
56,95,2.354,68.1,4.939,0.835,0
56,96,2.611,65.89,4.918,0.988,0
56,97,2.182,65.15,5.024,0.777,0
56,98,2.287,66.41,4.992,0.815,0
56,99,2.215,67.78,4.93,0.854,0
56,100,2.566,64.64,5.063,0.685,0
56,101,2.241,66.01,5.102,0.873,0
56,102,2.534,66.88,5.034,0.943,0
56,103,2.196,66.54,5.066,0.81,0
56,104,2.536,64.46,5.157,0.668,0
56,105,2.569,67.29,5.068,0.986,0
56,106,2.405,65.08,4.946,0.643,0
56,107,2.5,65.69,4.922,0.838,0
56,108,2.099,64.47,4.926,0.675,0
56,109,2.337,65.88,4.82,0.992,0
56,110,2.612,64.86,4.875,0.994,0
56,111,2.308,64.78,4.86,0.715,0
56,112,2.585,68.71,4.943,0.985,0
56,113,2.563,67.62,4.878,0.929,0
56,114,2.422,64.13,5.103,0.625,0
56,115,2.535,66.51,5.018,0.778,0
56,116,2.704,66.85,5.001,0.746,0
56,117,2.707,68.43,5.016,0.847,0
56,118,2.466,64.5,4.813,0.761,0
56,119,2.449,66.0,5.023,0.892,0
56,120,2.65,65.32,4.948,0.705,0
56,121,2.734,67.74,4.893,0.838,0
56,122,2.728,65.54,4.806,0.932,0
56,123,2.672,67.79,4.957,0.968,0
56,124,2.71,67.39,4.846,0.94,0
56,125,2.701,66.62,4.935,0.839,0
56,126,2.491,64.53,4.933,0.668,0
56,127,2.468,67.28,4.819,0.942,0
56,128,2.467,66.0,4.937,0.76,0
56,129,2.827,66.51,4.677,0.667,0
56,130,2.542,68.95,4.689,0.792,0
56,131,2.662,68.06,4.852,0.825,0
56,132,2.61,67.64,4.892,0.771,0
56,133,2.826,65.76,4.951,0.845,0
56,134,2.583,67.77,4.917,0.867,0
56,135,2.571,67.01,4.817,0.76,0
56,136,2.901,66.24,4.893,0.96,0
56,137,2.468,67.86,4.768,0.825,0
56,138,2.791,67.45,4.811,0.842,0
56,139,2.646,68.28,4.936,0.915,0
56,140,2.517,68.03,4.813,0.935,0
56,141,2.384,69.37,4.699,0.937,0
56,142,2.506,64.83,4.863,0.622,0
56,143,2.739,68.37,4.865,0.794,0
56,144,2.663,67.56,4.757,0.906,0
56,145,2.898,66.77,4.946,0.715,0
56,146,2.647,67.88,4.853,0.798,0
56,147,2.731,68.52,4.792,0.867,0
56,148,2.694,65.91,4.847,0.889,0
56,149,2.749,67.61,4.715,0.763,0
56,150,2.619,68.31,4.688,0.953,0
56,151,2.579,68.71,4.993,0.981,0
56,152,2.669,67.8,4.897,0.889,0
56,153,2.947,66.06,4.922,0.601,0
56,154,2.991,67.73,4.784,0.901,0
56,155,2.504,66.71,4.694,0.631,0
56,156,2.867,67.17,4.614,0.627,0
56,157,2.89,66.47,4.74,0.859,0
56,158,2.803,66.4,4.661,0.98,0
56,159,2.739,67.39,4.676,0.855,0
56,160,3.228,65.39,4.802,0.729,0
56,161,2.853,68.1,4.757,0.838,0
56,162,3.015,67.44,4.772,0.632,0
56,163,3.023,70.01,4.846,0.963,0
56,164,3.199,69.31,4.628,0.826,0
56,165,3.043,67.95,4.842,0.753,0
56,166,3.106,68.04,4.796,0.71,0
56,167,3.009,67.64,4.715,0.763,0
56,168,3.308,67.74,4.952,0.736,0
56,169,3.299,68.15,4.783,0.942,0
56,170,3.303,67.83,4.783,0.675,0
56,171,3.219,66.94,4.903,0.709,0
56,172,2.999,66.47,4.788,0.654,0
56,173,3.095,70.26,4.719,0.997,0
56,174,2.784,70.04,4.775,0.976,0
56,175,3.25,68.18,4.814,0.701,0
56,176,3.231,68.24,4.72,0.638,0
56,177,3.133,67.35,4.707,0.643,0
56,178,3.287,68.01,4.778,0.684,0
56,179,3.3,69.32,4.593,0.902,0
56,180,3.23,69.52,4.524,0.855,0
56,181,3.316,67.45,4.685,0.684,0
56,182,2.957,69.11,4.676,0.693,0
56,183,3.253,68.12,4.807,0.772,0
56,184,3.475,69.19,4.696,0.623,0
56,185,3.307,68.42,4.687,0.637,0
56,186,3.478,67.97,4.689,0.745,0
56,187,3.299,68.71,4.73,0.819,0
56,188,3.465,68.76,4.714,0.701,0
56,189,3.278,69.89,4.687,0.839,0
56,190,3.427,67.71,4.694,0.789,0
56,191,3.137,72.57,4.832,0.832,0
56,192,3.229,68.79,4.68,0.683,0
56,193,3.731,68.54,4.613,0.837,0
56,194,3.555,69.72,4.538,0.776,0
56,195,3.761,68.57,4.514,0.614,0
56,196,3.446,70.21,4.783,0.756,0
56,197,3.562,68.67,4.666,0.731,0
56,198,3.514,69.73,4.718,0.609,0
56,199,3.665,70.47,4.667,0.813,0
56,200,3.893,68.1,4.687,0.807,0
56,201,3.529,70.76,4.776,0.702,0
56,202,3.97,69.96,4.747,0.721,0
56,203,3.475,70.67,4.677,0.939,0
56,204,3.594,70.19,4.318,0.688,0
56,205,3.783,71.05,4.701,0.789,0
56,206,3.801,69.97,4.426,0.88,0
56,207,3.998,70.71,4.603,0.648,0
56,208,3.808,71.29,4.605,0.773,0
56,209,4.09,72.74,4.652,0.875,0
56,210,4.195,71.96,4.626,0.91,0
56,211,3.712,72.26,4.421,0.89,0
56,212,3.862,70.06,4.418,0.809,0
56,213,3.812,72.65,4.54,0.855,0
56,214,3.831,71.01,4.547,0.902,0
56,215,3.855,72.67,4.683,0.994,0
56,216,4.39,72.84,4.368,0.958,0
56,217,3.819,70.2,4.656,0.628,0
56,218,4.097,71.61,4.53,0.782,0
56,219,3.995,71.68,4.475,0.633,0
56,220,3.991,74.46,4.374,0.971,0
56,221,4.177,68.67,4.482,0.724,0
56,222,3.946,71.73,4.661,0.874,0
56,223,4.152,72.83,4.354,0.855,0
56,224,4.32,71.54,4.373,0.75,0
56,225,4.397,72.04,4.446,0.884,0
56,226,4.156,73.19,4.463,0.825,0
56,227,4.249,72.65,4.587,0.78,0
56,228,4.27,72.07,4.428,0.814,0
56,229,4.293,71.88,4.404,0.708,0
56,230,4.583,69.88,4.472,0.636,0
56,231,4.353,71.31,4.55,0.778,0
56,232,4.663,72.25,4.429,0.821,0
56,233,4.405,72.79,4.435,0.731,0
56,234,4.397,71.88,4.715,0.655,1
56,235,2.005,62.67,5.216,0.698,0
56,236,2.079,61.88,5.28,0.883,0
56,237,2.051,63.83,5.323,0.984,0
56,238,1.872,61.05,5.173,0.613,0
56,239,1.938,62.1,5.107,0.786,0
56,240,2.188,61.28,5.435,0.649,0
56,241,2.109,63.87,5.121,0.864,0
56,242,1.872,65.73,5.151,0.796,0
56,243,2.088,61.1,5.359,0.814,0
56,244,2.065,61.83,5.058,0.719,0
56,245,1.969,61.0,5.124,0.732,0
56,246,1.946,64.63,5.285,0.824,0
56,247,1.831,61.82,5.221,0.756,0
56,248,1.941,62.86,5.244,0.812,0
56,249,2.055,60.43,5.088,0.67,0
56,250,2.08,63.52,5.088,0.994,0
56,251,1.748,61.81,5.233,0.679,0
56,252,2.044,61.36,5.018,0.876,0
56,253,2.042,64.11,5.373,0.967,0
56,254,2.168,63.51,5.281,0.678,0
56,255,1.704,63.34,5.294,0.883,0
56,256,1.964,62.25,5.196,0.635,0
56,257,2.007,63.49,5.251,0.936,0
56,258,1.968,62.19,5.172,0.722,0
56,259,2.14,62.69,5.315,0.608,0
56,260,1.866,62.07,5.342,0.769,0
56,261,1.991,62.87,5.238,0.751,0
56,262,2.011,65.15,5.247,0.935,0
56,263,2.035,62.65,5.34,0.787,0
56,264,2.323,62.0,5.176,0.835,0
56,265,2.307,63.77,5.098,0.948,0
56,266,1.911,62.43,5.139,0.845,0
56,267,1.97,63.04,5.101,0.804,0
56,268,1.913,61.27,5.226,0.786,0
56,269,2.191,64.1,5.13,0.947,0
56,270,1.983,63.18,5.19,0.601,0
56,271,2.287,63.48,5.145,0.762,0
56,272,1.796,61.77,5.047,0.698,0
56,273,2.016,62.26,5.156,0.701,0
56,274,1.817,63.03,5.164,0.727,0
56,275,1.827,62.25,4.969,0.731,0
56,276,1.877,63.77,5.158,0.832,0
56,277,2.431,61.95,5.093,0.798,0
56,278,2.085,64.29,5.128,0.769,0
56,279,1.988,62.74,5.076,0.759,0
56,280,2.043,65.21,5.168,0.653,0
56,281,2.111,64.23,5.307,0.981,0
56,282,2.178,63.93,5.148,0.892,0
56,283,2.274,64.82,4.944,0.917,0
56,284,1.962,63.95,5.102,0.845,0
56,285,2.074,66.21,4.929,0.996,0
56,286,2.037,63.63,5.274,0.614,0
56,287,2.152,65.88,5.035,0.885,0
56,288,2.168,64.1,4.961,0.73,0
56,289,2.026,65.76,4.981,0.925,0
56,290,2.236,64.82,5.319,0.899,0
56,291,2.226,64.94,5.123,0.727,0
56,292,2.06,65.38,5.038,0.801,0
56,293,1.975,64.37,5.099,0.847,0
56,294,1.986,63.36,5.206,0.669,0
56,295,2.324,64.61,4.917,0.645,0
56,296,2.317,63.59,5.023,0.896,0
56,297,2.023,63.55,5.007,0.822,0
56,298,2.414,64.45,5.089,0.939,0
56,299,2.464,66.73,4.996,0.866,0
56,300,2.007,65.75,5.156,0.897,0
56,301,1.891,67.59,4.919,0.911,0
56,302,2.154,63.86,4.765,0.629,0
56,303,2.389,63.75,5.022,0.8,0
56,304,2.539,66.42,4.865,0.853,0
56,305,2.636,62.96,4.996,0.631,0
56,306,2.765,67.11,5.081,0.874,0
56,307,2.393,66.36,4.829,0.819,0
56,308,2.706,65.31,4.798,0.7,0
56,309,5.132,67.4,5.084,0.911,0
56,310,2.588,64.73,4.963,0.91,0
56,311,2.59,65.57,4.785,0.883,0
56,312,2.679,64.62,4.913,0.82,0
56,313,2.472,65.6,4.984,0.66,0
56,314,2.536,67.79,4.836,0.901,0
56,315,2.67,65.07,4.822,0.717,0
56,316,2.497,66.72,4.912,0.897,0
56,317,3.087,67.47,4.829,0.977,0
56,318,2.729,67.58,4.83,0.871,0
56,319,2.554,68.04,4.698,0.756,0
56,320,2.917,67.0,4.794,0.702,0
56,321,2.689,68.93,4.833,0.926,0
56,322,2.892,67.46,4.769,0.837,0
56,323,3.003,66.83,4.929,0.827,0
56,324,3.004,70.0,4.74,0.835,0
56,325,2.848,66.3,4.62,0.766,0
56,326,2.887,69.18,4.781,0.812,0
56,327,3.159,68.73,4.719,0.772,0
56,328,2.928,69.85,4.693,0.95,0
56,329,3.285,66.91,4.736,0.733,0
56,330,3.264,68.0,4.646,0.655,0
56,331,3.09,68.0,4.791,0.661,0
56,332,3.322,67.24,4.696,0.732,0
56,333,3.254,71.75,4.435,0.866,0
56,334,3.185,68.53,4.625,0.601,0
56,335,3.305,69.29,4.822,0.947,0
56,336,3.522,70.04,4.627,0.654,0
56,337,3.552,67.83,4.759,0.705,0
56,338,3.358,68.65,4.669,0.705,0
56,339,3.703,70.31,4.48,0.893,0
56,340,3.439,70.81,4.535,0.706,0
56,341,3.808,70.62,4.585,0.92,0
56,342,3.324,71.22,4.638,0.775,0
56,343,3.945,72.38,4.64,0.97,0
56,344,4.055,71.62,4.525,0.901,0
56,345,3.96,69.74,4.576,0.712,0
56,346,3.868,70.2,4.628,0.96,0
56,347,4.165,71.36,4.465,0.687,0
56,348,4.178,70.19,4.428,0.619,0
56,349,3.969,71.77,4.372,0.879,0
56,350,4.157,72.92,4.469,0.979,0
56,351,3.993,71.77,4.358,0.793,0
56,352,4.173,72.36,4.47,0.906,0
56,353,4.325,71.89,4.506,0.878,0
56,354,4.177,70.5,4.381,0.736,0
56,355,4.492,71.83,4.522,0.789,0
56,356,4.232,74.11,4.311,0.725,1
56,357,1.977,62.6,5.312,0.76,0
56,358,1.841,62.26,5.218,0.814,0
56,359,1.921,64.61,5.344,0.882,0
56,360,1.94,60.89,5.156,0.667,0
56,361,1.797,61.42,4.943,0.727,0
56,362,2.234,62.81,5.338,0.814,0
56,363,1.882,62.03,5.15,0.974,0
56,364,2.096,65.43,5.151,0.879,0
57,0,2.076,60.07,4.65,0.728,0
57,1,1.984,59.59,4.661,0.688,0
57,2,2.404,60.78,4.43,0.667,0
57,3,2.208,60.8,4.783,0.905,0
57,4,1.771,59.42,4.669,0.793,0
57,5,2.147,61.28,4.575,0.796,0
57,6,2.187,61.59,4.647,0.994,0
57,7,1.945,59.42,4.723,0.901,0
57,8,2.117,62.03,4.612,0.949,0
57,9,2.087,60.1,4.796,0.868,0
57,10,2.009,60.75,4.592,0.611,0
57,11,1.97,58.74,4.534,0.81,0
57,12,2.06,59.34,4.59,0.724,0
57,13,2.128,60.7,4.724,0.801,0
57,14,2.261,58.88,4.732,0.691,0
57,15,2.306,61.98,4.669,0.815,0
57,16,2.136,59.9,4.57,0.65,0
57,17,2.003,58.08,4.64,0.624,0
57,18,2.245,61.35,4.499,0.925,0
57,19,2.141,59.72,4.545,0.793,0
57,20,2.19,62.27,4.584,0.824,0
57,21,2.217,60.01,4.675,0.824,0
57,22,1.826,61.45,4.677,0.862,0
57,23,2.131,58.98,4.742,0.615,0
57,24,2.198,60.18,4.589,0.7,0
57,25,1.938,61.75,4.74,0.892,0
57,26,1.823,61.71,4.589,0.969,0
57,27,2.089,61.22,4.428,0.877,0
57,28,2.357,62.27,4.814,0.955,0
57,29,1.996,60.02,4.637,0.682,0
57,30,4.708,60.03,4.713,0.735,0
57,31,2.033,62.54,4.58,0.889,0
57,32,1.802,58.75,4.592,0.626,0
57,33,2.096,60.88,4.458,0.704,0
57,34,2.021,61.36,4.657,0.818,0
57,35,2.458,59.8,4.56,0.653,0
57,36,2.072,59.36,4.466,0.605,0
57,37,2.189,61.54,4.615,0.725,0
57,38,1.965,61.62,4.471,0.902,0
57,39,1.767,59.46,4.465,0.641,0
57,40,2.152,59.87,4.591,0.829,0
57,41,2.428,61.47,4.536,0.786,0
57,42,2.15,60.28,4.591,0.839,0
57,43,2.208,60.76,4.606,0.735,0
57,44,2.096,60.89,4.5,0.755,0
57,45,2.317,62.19,4.745,0.949,0
57,46,1.974,62.78,4.609,0.689,0
57,47,2.218,61.27,4.549,0.728,0
57,48,2.147,60.19,4.565,0.652,0
57,49,2.06,61.12,4.621,0.918,0
57,50,1.948,61.03,4.611,0.724,0
57,51,2.208,60.6,4.596,0.7,0
57,52,2.298,60.43,4.724,0.861,0
57,53,1.933,62.25,4.519,0.86,0
57,54,2.331,61.84,4.669,0.914,0
57,55,2.325,61.33,4.583,0.697,0
57,56,2.035,60.71,4.351,0.74,0
57,57,2.113,61.13,4.576,0.865,0
57,58,2.333,62.98,4.524,0.749,0
57,59,1.788,64.21,4.414,0.926,0
57,60,2.32,62.24,4.558,0.937,0
57,61,2.215,61.84,4.367,0.931,0
57,62,2.378,61.51,4.49,0.915,0
57,63,2.097,61.22,4.416,0.784,0
57,64,2.03,60.2,4.48,0.695,0
57,65,2.076,63.22,4.54,0.782,0
57,66,2.324,65.16,4.384,0.895,0
57,67,2.295,62.31,4.572,0.832,0
57,68,2.048,62.93,4.417,0.709,0
57,69,2.591,62.87,4.382,0.907,0
57,70,2.401,62.26,4.509,0.948,0
57,71,2.433,64.0,4.512,0.929,0
57,72,2.489,62.77,4.591,0.628,0
57,73,2.206,61.61,4.515,0.679,0
57,74,2.149,62.01,4.506,0.643,0
57,75,2.176,63.66,4.409,0.931,0
57,76,2.23,63.29,4.549,0.844,0
57,77,2.191,61.94,4.382,0.745,0
57,78,2.399,62.42,4.458,0.836,0
57,79,2.142,64.78,4.415,0.92,0
57,80,2.574,64.9,4.586,0.97,0
57,81,2.3,62.7,4.361,0.775,0
57,82,2.24,63.52,4.496,0.745,0
57,83,2.38,62.66,4.454,0.734,0
57,84,2.242,62.05,4.304,0.797,0
57,85,2.361,63.16,4.207,0.772,0
57,86,2.429,61.51,4.488,0.757,0
57,87,2.449,62.17,4.329,0.603,0
57,88,2.469,64.52,4.304,0.912,0
57,89,2.542,61.62,4.386,0.669,0
57,90,2.311,65.13,4.573,0.997,0
57,91,2.544,61.81,4.367,0.832,0
57,92,2.674,66.11,4.53,0.962,0
57,93,2.562,64.81,4.339,0.838,0
57,94,2.599,63.63,4.479,0.82,0
57,95,2.196,63.81,4.213,0.893,0
57,96,2.718,63.24,4.085,0.849,0
57,97,2.393,61.93,4.322,0.659,0
57,98,2.856,63.23,4.323,0.625,0
57,99,2.688,64.0,4.457,0.981,0
57,100,2.65,64.48,4.335,0.69,0
57,101,2.759,64.38,4.402,0.87,0
57,102,2.703,64.56,4.36,0.9,0
57,103,2.688,63.23,4.143,0.928,0
57,104,2.409,66.64,4.387,0.943,0
57,105,2.777,61.7,4.234,0.63,0
57,106,2.727,62.65,4.262,0.678,0
57,107,2.588,65.96,4.357,0.833,0
57,108,2.615,64.48,4.315,0.714,0
57,109,2.579,67.2,4.36,0.976,0
57,110,2.792,65.32,4.206,0.918,0
57,111,2.8,66.82,4.431,0.97,0
57,112,2.85,64.96,4.185,0.63,0
57,113,2.885,64.58,4.377,0.706,0
57,114,3.145,65.51,4.225,0.696,0
57,115,2.989,64.44,4.13,0.846,0
57,116,3.11,65.14,4.255,0.843,0
57,117,3.127,67.31,4.083,0.972,0
57,118,2.988,65.94,4.15,0.747,0
57,119,2.848,64.11,4.334,0.637,0
57,120,2.911,64.56,4.197,0.725,0
57,121,2.874,67.09,4.159,0.984,0
57,122,3.116,65.57,4.185,0.652,0
57,123,2.992,67.19,4.184,0.665,0
57,124,3.001,67.0,4.132,0.674,0
57,125,3.047,66.49,4.202,0.65,0
57,126,3.062,65.53,4.092,0.653,0
57,127,3.261,65.24,4.264,0.631,0
57,128,3.057,66.79,4.087,0.862,0
57,129,3.137,65.48,4.077,0.66,0
57,130,3.309,67.46,4.297,0.695,0
57,131,3.342,63.84,4.244,0.714,0
57,132,3.211,67.35,4.207,0.86,0
57,133,3.085,65.86,4.045,0.649,0
57,134,3.076,66.66,4.024,0.917,0
57,135,3.409,67.67,4.171,0.693,0
57,136,3.567,65.68,4.019,0.608,0
57,137,3.286,67.13,4.23,0.785,0
57,138,3.473,66.91,4.068,0.687,0
57,139,5.769,65.47,4.029,0.648,0
57,140,3.4,66.84,4.209,0.868,0
57,141,3.596,66.63,4.241,0.987,0
57,142,3.399,68.31,4.154,0.99,0
57,143,3.449,68.95,3.983,0.997,0
57,144,3.466,69.14,4.021,0.895,0
57,145,3.943,68.27,4.254,0.92,0
57,146,4.224,67.97,3.953,0.822,0
57,147,3.734,66.95,4.08,0.608,0
57,148,3.786,68.39,3.953,0.897,0
57,149,3.584,69.64,4.115,0.817,0
57,150,3.881,69.94,4.12,0.915,0
57,151,3.786,67.74,3.88,0.863,0
57,152,4.003,68.84,4.036,0.823,0
57,153,4.227,69.01,3.857,0.872,0
57,154,3.988,67.12,4.024,0.685,0
57,155,3.914,71.02,4.031,0.923,0
57,156,4.063,70.57,3.764,0.882,0
57,157,3.769,70.01,4.13,0.943,0
57,158,3.774,67.4,3.949,0.724,0
57,159,4.212,67.8,3.97,0.615,0
57,160,4.179,70.09,3.745,0.627,0
57,161,4.344,69.95,3.887,0.808,0
57,162,4.077,69.54,3.942,0.826,0
57,163,4.071,70.21,3.863,0.638,0
57,164,4.528,70.51,3.778,0.963,0
57,165,4.305,71.74,3.733,0.823,0
57,166,4.345,69.56,3.833,0.851,0
57,167,4.493,69.71,3.807,0.633,0
57,168,4.359,69.5,3.916,0.711,0
57,169,4.896,68.41,3.764,0.629,0
57,170,4.279,70.62,3.7,0.995,1
57,171,1.963,57.21,4.631,0.642,0
57,172,2.087,59.74,4.722,0.625,0
57,173,1.74,60.59,4.755,0.623,0
57,174,2.184,61.61,4.743,0.839,0
57,175,2.022,60.39,4.814,0.896,0
57,176,1.984,59.41,4.759,0.722,0
57,177,1.928,60.08,4.696,0.836,0
57,178,2.004,59.82,4.674,0.739,0
57,179,2.015,58.57,4.69,0.61,0
57,180,1.825,61.58,4.643,0.93,0
57,181,2.022,61.02,4.792,0.852,0
57,182,2.063,60.51,4.707,0.85,0
57,183,2.119,61.82,4.673,0.93,0
57,184,3.26,59.27,4.845,0.644,0
57,185,2.123,59.49,4.582,0.867,0
57,186,2.071,61.84,4.731,0.774,0
57,187,1.918,61.07,4.704,0.935,0
57,188,2.064,60.63,4.762,0.621,0
57,189,1.982,61.08,4.592,0.796,0
57,190,2.035,61.56,4.591,0.737,0
57,191,1.927,59.45,4.666,0.933,0
57,192,1.891,60.98,4.569,0.793,0
57,193,1.81,56.21,4.551,0.618,0
57,194,2.285,61.62,4.749,0.995,0
57,195,2.38,63.15,4.6,0.935,0
57,196,2.508,59.07,4.605,0.786,0
57,197,1.923,63.26,4.774,0.964,0
57,198,1.959,59.42,4.448,0.671,0
57,199,1.926,60.72,4.554,0.624,0
57,200,2.041,61.73,4.368,0.956,0
57,201,1.758,60.28,4.686,0.698,0
57,202,2.291,61.19,4.463,0.661,0
57,203,2.174,60.02,4.667,0.761,0
57,204,1.78,61.66,4.698,0.896,0
57,205,2.056,61.32,4.449,0.748,0
57,206,2.094,61.48,4.723,0.75,0
57,207,2.151,59.97,4.652,0.813,0
57,208,2.091,60.01,4.635,0.969,0
57,209,2.097,59.87,4.597,0.636,0
57,210,1.814,62.1,4.43,0.873,0
57,211,2.059,62.02,4.582,0.917,0
57,212,2.346,63.24,4.763,0.869,0
57,213,2.047,61.4,4.522,0.887,0
57,214,2.287,60.96,4.565,0.803,0
57,215,2.214,59.94,4.623,0.778,0
57,216,2.12,61.24,4.577,0.602,0
57,217,2.316,63.03,4.546,0.898,0
57,218,2.108,63.32,4.493,0.892,0
57,219,2.176,60.84,4.467,0.687,0
57,220,2.263,61.29,4.625,0.871,0
57,221,2.327,60.73,4.358,0.92,0
57,222,2.127,60.26,4.516,0.614,0
57,223,2.133,62.31,4.665,0.97,0
57,224,1.932,62.02,4.649,0.852,0
57,225,2.229,60.79,4.614,0.619,0
57,226,2.352,62.09,4.678,0.72,0
57,227,2.163,59.78,4.524,0.72,0
57,228,2.236,60.66,4.478,0.766,0
57,229,2.292,61.79,4.547,0.637,0
57,230,2.063,61.99,4.525,0.855,0
57,231,2.089,61.37,4.496,0.708,0
57,232,2.042,61.82,4.49,0.8,0
57,233,2.215,61.57,4.345,0.716,0
57,234,2.136,62.34,4.816,0.8,0
57,235,2.364,61.23,4.454,0.784,0
57,236,2.449,63.41,4.392,0.891,0
57,237,1.947,62.23,4.41,0.939,0
57,238,2.15,64.3,4.309,0.949,0
57,239,2.282,60.78,4.372,0.625,0
57,240,2.42,63.48,4.471,0.923,0
57,241,2.394,64.47,4.577,0.993,0
57,242,2.334,62.4,4.416,0.611,0
57,243,2.456,61.21,4.279,0.887,0
57,244,2.055,63.12,4.6,0.736,0
57,245,2.298,63.21,4.44,0.617,0
57,246,2.237,61.44,4.477,0.616,0
57,247,2.57,63.4,4.3,0.926,0
57,248,2.527,63.62,4.373,0.783,0
57,249,2.429,63.65,4.354,0.788,0
57,250,2.533,60.62,4.369,0.72,0
57,251,2.457,61.78,4.348,0.628,0
57,252,2.676,64.69,4.375,0.936,0
57,253,2.75,64.13,4.49,0.747,0
57,254,2.752,64.72,4.472,0.841,0
57,255,2.668,64.75,4.104,0.996,0
57,256,2.935,63.81,4.316,0.664,0
57,257,2.657,65.58,4.3,0.845,0
57,258,2.729,65.8,4.283,0.858,0
57,259,2.558,65.02,4.569,0.991,0
57,260,2.696,67.79,4.47,0.869,0
57,261,2.907,63.57,4.237,0.659,0
57,262,2.809,63.59,4.292,0.673,0
57,263,2.859,65.17,4.144,0.745,0
57,264,2.94,63.75,4.242,0.944,0
57,265,2.988,63.78,4.146,0.614,0
57,266,2.806,63.65,4.233,0.669,0
57,267,3.052,65.76,4.093,0.663,0
57,268,2.959,62.52,4.149,0.633,0
57,269,3.052,63.84,4.077,0.925,0
57,270,2.97,65.8,4.247,0.896,0
57,271,2.978,64.85,4.257,0.69,0
57,272,3.146,65.96,4.194,0.856,0
57,273,2.999,62.24,4.275,0.722,0
57,274,2.879,66.35,4.087,0.969,0
57,275,2.992,68.24,4.322,0.85,0
57,276,3.338,66.3,4.261,0.801,0
57,277,3.002,68.61,4.096,0.896,0
57,278,3.316,66.97,4.17,0.943,0
57,279,3.264,65.78,4.21,0.773,0
57,280,3.264,64.67,4.252,0.705,0
57,281,3.224,68.6,4.112,0.934,0
57,282,3.105,65.76,4.04,0.739,0
57,283,3.501,66.45,4.179,0.768,0
57,284,3.513,69.15,4.078,0.752,0
57,285,3.208,67.63,4.032,0.861,0
57,286,3.797,66.26,4.136,0.685,0
57,287,3.423,66.49,4.125,0.881,0
57,288,3.626,67.25,4.155,0.803,0
57,289,3.578,69.76,4.034,0.855,0
57,290,3.474,67.27,4.131,0.886,0
57,291,3.59,69.68,4.012,0.99,0
57,292,3.82,65.24,4.016,0.643,0
57,293,3.883,69.11,4.034,0.973,0
57,294,3.777,68.72,4.008,0.848,0
57,295,4.033,70.72,4.004,0.977,0
57,296,4.124,70.32,3.9,0.893,0
57,297,4.208,70.6,4.117,0.926,0
57,298,4.295,71.56,3.77,0.992,0
57,299,4.177,69.19,3.857,0.866,0
57,300,4.122,71.56,3.897,0.853,0
57,301,4.328,70.94,3.793,0.838,0
57,302,4.589,69.98,3.829,0.723,0
57,303,4.577,69.18,3.949,0.794,1
57,304,2.064,59.99,4.688,0.798,0
57,305,2.333,59.87,4.713,0.951,0
57,306,2.115,59.98,4.678,0.743,0
57,307,2.176,58.53,4.685,0.637,0
57,308,2.033,58.4,4.635,0.616,0
57,309,1.852,61.46,4.64,0.957,0
57,310,2.036,60.66,4.578,0.927,0
57,311,2.023,60.64,4.718,0.775,0
57,312,2.007,60.52,4.636,0.843,0
57,313,2.113,61.47,4.555,0.848,0
57,314,1.943,61.03,4.665,0.903,0
57,315,2.206,60.18,4.655,0.841,0
57,316,2.205,57.51,4.726,0.657,0
57,317,2.277,58.24,4.657,0.649,0
57,318,1.999,61.37,4.644,0.766,0
57,319,2.016,62.26,4.707,0.755,0
57,320,2.151,61.81,4.504,0.879,0
57,321,2.063,59.52,4.601,0.913,0
57,322,2.274,59.94,4.655,0.902,0
57,323,2.148,60.72,4.533,0.888,0
57,324,2.295,61.09,4.641,0.788,0
57,325,2.039,62.21,4.52,0.914,0
57,326,1.88,60.41,4.651,0.725,0
57,327,2.131,59.93,4.782,0.799,0
57,328,2.135,61.44,4.698,0.657,0
57,329,1.974,60.63,4.561,0.673,0
57,330,1.905,58.92,4.586,0.629,0
57,331,2.254,60.55,4.523,0.852,0
57,332,2.196,59.72,4.693,0.703,0
57,333,2.064,60.95,4.557,0.945,0
57,334,2.003,62.75,4.7,0.963,0
57,335,1.898,61.04,4.674,0.999,0
57,336,2.036,57.32,4.709,0.657,0
57,337,2.086,62.2,4.513,0.977,0
57,338,1.922,61.08,4.735,0.818,0
57,339,2.162,60.94,4.556,0.99,0
57,340,1.955,61.52,4.688,0.794,0
57,341,2.013,61.92,4.514,0.893,0
57,342,2.135,60.13,4.655,0.661,0
57,343,1.814,59.37,4.693,0.685,0
57,344,2.06,61.51,4.438,0.693,0
57,345,2.026,58.72,4.534,0.605,0
57,346,1.862,60.71,4.672,0.683,0
57,347,2.056,60.59,4.624,0.898,0
57,348,1.952,61.13,4.497,0.651,0
57,349,2.298,63.19,4.574,0.969,0
57,350,2.102,64.2,4.567,0.902,0
57,351,1.851,60.58,4.662,0.667,0
57,352,2.167,60.45,4.466,0.942,0
57,353,2.156,60.86,4.776,0.671,0
57,354,2.302,63.83,4.458,0.977,0
57,355,1.904,62.18,4.849,0.864,0
57,356,2.207,62.25,4.559,0.96,0
57,357,2.152,61.34,4.744,0.962,0
57,358,2.061,64.5,4.537,0.942,0
57,359,2.032,62.21,4.697,0.783,0
57,360,2.278,61.28,4.572,0.811,0
57,361,1.828,61.71,4.46,0.86,0
57,362,2.285,61.49,4.725,0.68,0
57,363,2.157,61.35,4.484,0.67,0
57,364,1.705,63.66,4.579,0.794,0
58,0,2.652,63.32,4.993,0.63,0
58,1,2.948,63.2,5.075,0.981,0
58,2,2.621,63.77,5.104,0.886,0
58,3,2.792,64.3,5.185,0.857,0
58,4,2.818,62.24,5.212,0.603,0
58,5,2.761,63.73,4.991,0.67,0
58,6,2.874,61.32,5.05,0.615,0
58,7,2.697,63.44,5.008,0.716,0
58,8,2.982,63.74,4.978,0.809,0
58,9,2.708,64.67,4.914,0.883,0
58,10,2.941,63.95,4.899,0.683,0
58,11,2.869,64.71,5.042,0.91,0
58,12,3.326,65.12,4.964,0.779,0
58,13,3.345,66.12,4.951,0.637,0
58,14,3.022,65.31,4.897,0.973,0
58,15,3.244,63.54,4.979,0.763,0
58,16,3.08,67.26,5.049,0.859,0
58,17,3.254,64.75,4.796,0.803,0
58,18,3.346,61.99,4.928,0.653,0
58,19,3.361,67.4,4.975,0.816,0
58,20,3.405,66.89,5.079,0.994,0
58,21,3.529,64.53,4.848,0.862,0
58,22,3.506,62.55,4.774,0.627,0
58,23,3.431,65.77,4.947,0.838,0
58,24,3.572,65.18,4.843,0.67,0
58,25,3.3,64.39,4.794,0.631,0
58,26,3.794,65.52,4.749,0.763,0
58,27,3.72,66.27,4.905,0.739,0
58,28,3.395,64.91,4.817,0.849,0
58,29,3.648,65.39,4.99,0.603,0
58,30,3.521,65.12,4.939,0.875,0
58,31,3.799,66.85,4.563,0.998,0
58,32,3.698,66.47,4.694,0.657,0
58,33,3.909,66.88,4.895,0.8,0
58,34,3.646,64.74,4.782,0.744,0
58,35,3.767,67.44,4.757,0.684,0
58,36,3.916,68.75,4.548,0.889,0
58,37,3.94,69.04,4.759,0.947,0
58,38,3.879,68.16,4.632,0.847,0
58,39,4.172,67.32,4.674,0.723,0
58,40,4.016,68.12,4.601,0.807,0
58,41,4.176,68.98,4.699,0.675,0
58,42,6.593,70.0,4.532,0.915,0
58,43,4.306,69.88,4.662,0.616,0
58,44,4.353,67.8,4.74,0.675,0
58,45,4.691,68.66,4.616,0.727,0
58,46,4.32,69.35,4.651,0.726,0
58,47,4.744,70.77,4.517,0.859,0
58,48,4.666,70.16,4.707,0.804,0
58,49,7.212,69.09,4.525,0.835,1
58,50,2.217,61.99,5.372,0.988,0
58,51,2.555,60.69,5.217,0.997,0
58,52,2.261,58.83,5.28,0.679,0
58,53,2.351,60.4,5.325,0.902,0
58,54,1.943,56.95,5.418,0.636,0
58,55,2.196,58.83,5.401,0.641,0
58,56,2.275,59.23,5.314,0.863,0
58,57,2.455,60.0,5.373,0.77,0
58,58,2.181,59.33,5.333,0.847,0
58,59,2.244,61.99,5.363,0.769,0
58,60,2.273,59.71,5.387,0.656,0
58,61,2.198,58.82,5.396,0.611,0
58,62,2.213,59.18,5.3,0.737,0
58,63,2.281,60.0,5.391,0.667,0
58,64,2.647,60.57,5.373,0.913,0
58,65,2.204,59.16,5.335,0.727,0
58,66,2.337,62.25,5.441,0.97,0
58,67,2.332,58.37,5.29,0.722,0
58,68,2.192,60.31,5.266,0.923,0
58,69,2.632,59.86,5.424,0.81,0
58,70,1.893,60.41,5.514,0.734,0
58,71,2.336,60.63,5.455,0.818,0
58,72,2.066,59.87,5.388,0.914,0
58,73,2.284,59.88,5.303,0.851,0
58,74,2.155,59.6,5.412,0.783,0
58,75,2.206,60.99,5.405,0.798,0
58,76,2.02,58.36,5.275,0.661,0
58,77,2.227,57.76,5.511,0.73,0
58,78,2.14,61.65,5.265,0.926,0
58,79,2.219,60.11,5.462,0.935,0
58,80,2.377,60.83,5.352,0.808,0
58,81,2.159,62.3,5.316,0.944,0
58,82,2.49,62.63,5.37,0.932,0
58,83,2.37,60.55,5.329,0.885,0
58,84,2.326,59.59,5.604,0.683,0
58,85,2.206,59.46,5.429,0.728,0
58,86,2.224,59.7,5.196,0.861,0
58,87,2.315,60.5,5.436,0.935,0
58,88,2.474,60.16,5.457,0.745,0
58,89,2.393,60.06,5.24,0.89,0
58,90,2.26,59.4,5.351,0.644,0
58,91,2.045,60.3,5.179,0.813,0
58,92,2.542,58.8,5.31,0.808,0
58,93,2.205,59.02,5.186,0.707,0
58,94,2.184,59.15,5.242,0.837,0
58,95,2.111,57.01,5.32,0.609,0
58,96,2.477,60.67,5.358,0.655,0
58,97,2.217,60.0,5.374,0.917,0
58,98,2.204,62.05,5.217,0.827,0
58,99,2.298,59.16,5.374,0.756,0
58,100,2.418,59.99,5.451,0.909,0
58,101,1.966,61.87,5.209,0.936,0
58,102,2.115,58.89,5.213,0.701,0
58,103,2.209,61.18,5.3,0.924,0
58,104,2.038,58.79,5.324,0.886,0
58,105,2.514,62.18,5.251,0.981,0
58,106,2.372,60.26,5.32,0.836,0
58,107,2.455,60.23,5.389,0.601,0
58,108,2.18,60.46,5.081,0.789,0
58,109,2.352,62.39,5.248,0.865,0
58,110,2.812,60.45,5.403,0.917,0
58,111,2.343,58.73,5.397,0.626,0
58,112,2.336,60.62,5.344,0.612,0
58,113,2.199,61.36,5.465,0.966,0
58,114,2.555,60.94,5.467,0.926,0
58,115,2.316,63.26,5.082,0.945,0
58,116,2.562,60.51,5.279,0.922,0
58,117,2.148,59.98,5.277,0.868,0
58,118,2.59,61.85,5.248,0.796,0
58,119,2.162,59.09,5.23,0.836,0
58,120,2.344,58.65,5.354,0.702,0
58,121,2.593,62.88,5.334,0.972,0
58,122,2.547,60.63,5.33,0.72,0
58,123,2.26,60.24,5.187,0.67,0
58,124,2.654,59.9,5.311,0.794,0
58,125,2.29,60.36,5.278,0.686,0
58,126,2.395,60.91,5.313,0.855,0
58,127,2.691,61.95,5.416,0.738,0
58,128,4.948,61.27,5.094,0.784,0
58,129,2.329,60.24,5.376,0.609,0
58,130,2.099,62.18,5.272,0.958,0
58,131,2.325,60.4,5.175,0.693,0
58,132,2.21,59.37,5.448,0.839,0
58,133,2.395,60.76,5.532,0.892,0
58,134,2.327,60.0,5.33,0.816,0
58,135,2.648,60.52,5.158,0.792,0
58,136,2.752,62.96,5.342,0.929,0
58,137,2.537,60.36,5.404,0.783,0
58,138,2.318,63.21,5.285,0.945,0
58,139,2.42,62.22,5.553,0.758,0
58,140,2.249,60.82,5.561,0.709,0
58,141,2.504,62.07,5.125,0.934,0
58,142,2.372,60.16,5.298,0.649,0
58,143,2.471,60.59,5.254,0.735,0
58,144,2.198,59.95,5.243,0.607,0
58,145,2.464,61.04,5.293,0.743,0
58,146,2.674,60.74,5.201,0.748,0
58,147,2.468,60.17,5.284,0.727,0
58,148,2.439,59.95,5.103,0.625,0
58,149,2.582,61.44,5.221,0.876,0
58,150,2.657,61.23,5.243,0.828,0
58,151,2.601,61.97,5.241,0.709,0
58,152,2.852,60.83,5.032,0.804,0
58,153,2.675,63.34,5.257,0.985,0
58,154,2.521,62.53,5.205,0.901,0
58,155,2.727,63.38,5.206,0.965,0
58,156,2.84,61.4,5.277,0.816,0
58,157,2.629,61.95,5.245,0.863,0
58,158,2.776,61.17,5.216,0.669,0
58,159,2.89,61.12,5.063,0.748,0
58,160,2.93,61.17,5.178,0.891,0
58,161,2.766,61.55,5.139,0.784,0
58,162,2.653,64.01,5.075,0.886,0
58,163,2.389,62.99,5.227,0.975,0
58,164,2.969,64.62,5.284,0.989,0
58,165,2.67,62.21,5.113,0.67,0
58,166,2.875,62.44,5.038,0.692,0
58,167,2.632,62.32,5.124,0.912,0
58,168,2.72,61.9,5.044,0.655,0
58,169,2.739,59.67,5.236,0.643,0
58,170,2.631,62.65,5.162,0.731,0
58,171,3.152,62.61,5.21,0.982,0
58,172,2.638,61.53,5.044,0.61,0
58,173,3.209,61.47,5.307,0.678,0
58,174,2.983,64.61,5.112,0.864,0
58,175,2.823,61.56,5.157,0.706,0
58,176,2.966,61.97,5.182,0.783,0
58,177,2.597,61.5,5.175,0.624,0
58,178,3.223,62.16,5.136,0.821,0
58,179,2.838,63.09,5.068,0.807,0
58,180,2.628,59.97,5.102,0.612,0
58,181,3.108,62.96,4.963,0.931,0
58,182,3.279,64.45,5.271,0.93,0
58,183,2.945,63.51,5.141,0.81,1
58,184,2.178,61.04,5.308,0.917,0
58,185,2.247,60.26,5.446,0.839,0
58,186,2.248,59.15,5.537,0.729,0
58,187,2.432,58.58,5.273,0.72,0
58,188,2.113,59.15,5.452,0.68,0
58,189,2.204,59.85,5.446,0.898,0
58,190,2.465,59.97,5.341,0.69,0
58,191,1.979,62.88,5.235,0.965,0
58,192,2.208,59.15,5.352,0.939,0
58,193,2.117,59.09,5.269,0.609,0
58,194,2.268,60.69,5.479,0.944,0
58,195,2.23,60.63,5.726,0.621,0
58,196,2.435,60.35,5.407,0.648,0
58,197,2.091,61.37,5.412,0.971,0
58,198,2.276,58.1,5.458,0.7,0
58,199,2.143,60.19,5.338,0.779,0
58,200,2.281,58.24,5.384,0.76,0
58,201,2.381,62.06,5.359,0.967,0
58,202,2.097,59.93,5.286,0.798,0
58,203,2.324,59.57,5.394,0.645,0
58,204,2.31,60.02,5.351,0.826,0
58,205,2.134,59.22,5.394,0.736,0
58,206,2.226,59.49,5.319,0.713,0
58,207,2.201,60.57,5.33,0.913,0
58,208,2.011,59.96,5.517,0.972,0
58,209,2.167,60.59,5.355,0.887,0
58,210,2.473,58.37,5.296,0.64,0
58,211,2.158,60.77,5.372,0.724,0
58,212,2.03,59.38,5.35,0.665,0
58,213,2.274,59.09,5.433,0.719,0
58,214,2.361,58.52,5.308,0.605,0
58,215,2.429,60.28,5.314,0.714,0
58,216,2.267,60.48,5.287,0.697,0
58,217,2.51,58.38,5.114,0.792,0
58,218,2.252,61.3,5.326,0.994,0
58,219,2.385,60.23,5.274,0.744,0
58,220,2.317,60.67,5.268,0.977,0
58,221,2.123,59.03,5.372,0.795,0
58,222,2.45,57.87,5.312,0.68,0
58,223,1.868,61.42,5.383,0.986,0
58,224,2.071,58.19,5.221,0.674,0
58,225,2.025,57.79,5.372,0.745,0
58,226,2.293,58.31,5.344,0.853,0
58,227,2.289,63.38,5.314,0.983,0
58,228,2.278,60.72,5.345,0.848,0
58,229,2.374,60.91,5.218,0.649,0
58,230,2.318,59.14,5.342,0.635,0
58,231,2.34,57.93,5.364,0.615,0
58,232,2.283,59.17,5.474,0.829,0
58,233,1.944,60.8,5.354,0.959,0
58,234,2.061,59.7,5.326,0.723,0
58,235,2.155,59.81,5.57,0.909,0
58,236,2.426,59.78,5.42,0.742,0
58,237,2.458,61.29,5.335,0.939,0
58,238,2.202,60.57,5.48,0.782,0
58,239,2.226,60.84,5.306,0.706,0
58,240,1.798,61.59,5.481,0.837,0
58,241,2.084,59.86,5.291,0.952,0
58,242,1.965,60.24,5.357,0.927,0
58,243,2.419,57.81,5.266,0.743,0
58,244,2.242,60.09,5.33,0.899,0
58,245,2.339,60.18,5.315,0.891,0
58,246,2.079,61.59,5.324,0.779,0
58,247,2.104,58.12,5.406,0.803,0
58,248,1.946,59.77,5.479,0.984,0
58,249,2.355,59.89,5.395,0.769,0
58,250,2.117,60.77,5.388,0.808,0
58,251,2.332,59.11,5.278,0.712,0
58,252,2.137,61.35,5.222,0.933,0
58,253,2.17,59.46,5.28,0.681,0
58,254,2.163,58.57,5.339,0.694,0
58,255,2.048,60.15,5.249,0.789,0
58,256,2.206,59.67,5.354,0.801,0
58,257,2.05,59.67,5.464,0.925,0
58,258,2.161,59.74,5.404,0.73,0
58,259,2.298,59.67,5.395,0.846,0
58,260,2.373,61.1,5.369,0.831,0
58,261,2.317,59.27,5.423,0.714,0
58,262,2.251,59.09,5.218,0.701,0
58,263,2.485,61.04,5.629,0.929,0
58,264,2.568,59.47,5.259,0.834,0
58,265,2.281,58.75,5.325,0.767,0
58,266,2.32,61.92,5.211,0.954,0
58,267,2.458,61.35,5.164,0.95,0
58,268,2.182,59.83,5.317,0.856,0
58,269,2.035,61.23,5.433,0.967,0
58,270,2.367,61.03,5.366,0.856,0
58,271,2.437,62.06,5.314,0.829,0
58,272,2.275,61.92,5.317,0.789,0
58,273,2.037,59.01,5.409,0.977,0
58,274,2.161,62.76,5.379,0.827,0
58,275,2.521,63.88,5.317,0.983,0
58,276,2.439,60.87,5.46,0.864,0
58,277,2.318,59.26,5.27,0.842,0
58,278,2.237,58.84,5.431,0.661,0
58,279,2.363,62.71,5.473,0.972,0
58,280,2.075,59.98,5.169,0.943,0
58,281,2.555,61.63,5.313,0.977,0
58,282,2.296,60.21,5.463,0.698,0
58,283,2.379,59.76,5.364,0.601,0
58,284,2.019,59.79,5.35,0.658,0
58,285,2.086,60.78,5.385,0.88,0
58,286,2.381,61.64,5.545,0.963,0
58,287,2.37,62.42,5.258,0.996,0
58,288,2.071,59.34,5.491,0.702,0
58,289,2.007,62.3,5.482,0.915,0
58,290,2.277,59.52,5.407,0.754,0
58,291,2.229,61.05,5.145,0.788,0
58,292,2.353,61.15,5.088,0.706,0
58,293,2.235,59.75,5.325,0.814,0
58,294,2.15,61.35,5.197,0.965,0
58,295,2.335,61.3,5.289,0.889,0
58,296,2.652,60.68,5.424,0.97,0
58,297,2.227,61.14,5.29,0.944,0
58,298,2.297,63.14,5.434,0.91,0
58,299,2.137,61.04,5.23,0.811,0
58,300,2.325,62.42,5.231,0.966,0
58,301,2.122,57.21,5.132,0.733,0
58,302,2.061,60.08,5.349,0.621,0
58,303,4.264,61.42,5.206,0.956,0
58,304,2.346,61.99,5.067,0.723,0
58,305,2.271,61.56,5.414,0.784,0
58,306,2.36,60.43,5.492,0.814,0
58,307,2.511,60.11,5.475,0.756,0
58,308,2.025,58.61,5.343,0.661,0
58,309,2.294,59.78,5.223,0.815,0
58,310,2.442,59.96,5.241,0.951,0
58,311,2.541,62.64,5.265,0.999,0
58,312,2.323,59.99,5.296,0.737,0
58,313,2.306,59.84,5.202,0.669,0
58,314,2.58,62.1,5.386,0.876,0
58,315,2.451,61.87,5.136,0.956,0
58,316,2.233,61.45,5.187,0.858,0
58,317,2.379,61.09,5.465,0.706,0
58,318,2.424,60.62,5.362,0.611,0
58,319,2.621,63.82,5.286,0.913,0
58,320,2.318,59.48,5.353,0.701,0
58,321,2.022,58.9,5.228,0.758,0
58,322,2.379,59.65,5.344,0.79,0
58,323,1.919,61.89,5.362,0.875,0
58,324,2.213,62.57,5.214,0.83,0
58,325,2.516,62.01,5.104,0.835,0
58,326,2.107,61.86,5.193,0.604,0
58,327,1.916,63.56,5.326,0.921,0
58,328,2.251,61.53,5.233,0.716,0
58,329,2.229,61.61,5.02,0.644,0
58,330,2.358,58.23,5.325,0.641,0
58,331,2.406,61.9,5.378,0.671,0
58,332,2.538,60.02,5.373,0.622,0
58,333,2.536,60.47,5.254,0.736,0
58,334,2.384,62.36,5.256,0.859,0
58,335,2.482,60.59,5.296,0.799,0
58,336,2.58,61.14,5.145,0.865,0
58,337,2.228,61.36,5.234,0.957,0
58,338,2.601,61.85,5.317,0.995,0
58,339,4.048,60.19,5.247,0.811,0
58,340,2.218,61.24,5.203,0.675,0
58,341,2.265,60.75,5.303,0.675,0
58,342,2.362,61.58,5.364,0.944,0
58,343,2.333,60.94,5.349,0.863,0
58,344,2.56,61.0,5.301,0.809,0
58,345,2.263,61.73,5.398,0.95,0
58,346,2.38,62.16,5.287,0.795,0
58,347,2.459,61.71,4.968,0.753,0
58,348,2.356,60.08,5.421,0.649,0
58,349,2.356,62.04,5.301,0.864,0
58,350,2.577,59.69,5.189,0.618,0
58,351,2.415,60.65,5.09,0.807,0
58,352,2.48,61.57,5.252,0.872,0
58,353,2.414,64.0,5.217,0.95,0
58,354,2.394,62.96,5.304,0.992,0
58,355,2.208,63.01,5.322,0.984,0
58,356,2.626,61.95,5.303,0.693,0
58,357,2.578,60.72,5.242,0.71,0
58,358,2.58,61.69,5.32,0.704,0
58,359,2.535,61.38,5.079,0.881,0
58,360,1.944,62.68,5.272,0.741,0
58,361,2.452,59.65,5.521,0.667,0
58,362,2.36,62.61,5.21,0.852,0
58,363,2.111,62.48,5.351,0.909,0
58,364,2.214,59.62,5.012,0.6,0
59,0,2.478,61.98,4.658,0.865,0
59,1,2.279,61.35,4.855,0.934,0
59,2,2.406,60.45,4.685,0.641,0
59,3,2.107,60.33,4.754,0.833,0
59,4,2.521,59.88,4.774,0.648,0
59,5,2.536,60.41,4.62,0.706,0
59,6,2.323,61.87,4.746,0.95,0
59,7,2.463,60.25,4.848,0.824,0
59,8,2.55,61.18,4.886,0.787,0
59,9,2.51,60.11,4.737,0.693,0
59,10,2.436,61.46,4.757,0.704,0
59,11,2.692,61.61,4.715,0.989,0
59,12,2.171,62.41,4.784,0.958,0
59,13,2.552,61.28,4.707,0.799,0
59,14,2.423,60.81,4.924,0.728,0
59,15,2.558,60.93,4.947,0.906,0
59,16,2.473,61.27,4.742,0.769,0
59,17,2.571,59.67,4.911,0.741,0
59,18,2.673,61.54,4.7,0.812,0
59,19,2.525,61.93,4.847,0.653,0
59,20,2.504,63.68,4.84,0.975,0
59,21,2.458,60.71,4.567,0.942,0
59,22,2.347,61.64,4.858,0.895,0
59,23,2.594,59.08,4.708,0.982,0
59,24,2.299,62.0,4.828,0.845,0
59,25,2.749,61.95,4.649,0.737,0
59,26,2.419,59.28,4.755,0.637,0
59,27,2.875,61.18,4.702,0.665,0
59,28,2.827,61.87,4.826,0.688,0
59,29,2.67,62.74,4.699,0.966,0
59,30,2.462,60.46,4.86,0.617,0
59,31,2.475,63.37,4.678,0.888,0
59,32,2.599,61.86,4.736,0.832,0
59,33,2.728,63.22,4.718,0.976,0
59,34,2.661,60.54,4.838,0.607,0
59,35,2.985,61.46,4.601,0.701,0
59,36,2.394,62.59,4.726,0.948,0
59,37,2.654,61.77,4.614,0.762,0
59,38,2.785,64.1,4.708,0.723,0
59,39,2.551,63.39,4.627,0.836,0
59,40,2.643,60.82,4.915,0.772,0
59,41,2.755,63.55,4.634,0.88,0
59,42,2.723,62.23,4.815,0.965,0
59,43,2.903,62.69,4.654,0.86,0
59,44,2.963,62.8,4.821,0.798,0
59,45,2.884,63.65,4.55,0.822,0
59,46,3.066,63.17,4.621,0.669,0
59,47,2.493,63.62,4.728,0.971,0
59,48,2.944,62.39,4.572,0.656,0
59,49,2.802,63.35,4.574,0.708,0
59,50,2.83,62.53,4.483,0.74,0
59,51,2.91,63.29,4.571,0.905,0
59,52,2.808,63.34,4.514,0.841,0
59,53,4.844,60.34,4.629,0.86,0
59,54,3.073,64.48,4.753,0.774,0
59,55,2.711,63.03,4.627,0.946,0
59,56,2.877,63.16,4.507,0.772,0
59,57,3.021,64.21,4.498,0.972,0
59,58,2.902,63.21,4.696,0.75,0
59,59,3.052,63.75,4.67,0.826,0
59,60,3.068,63.28,4.494,0.655,0
59,61,3.284,63.62,4.517,0.901,0
59,62,2.844,63.24,4.472,0.78,0
59,63,3.124,65.57,4.562,0.911,0
59,64,2.759,62.85,4.872,0.96,0
59,65,2.931,65.78,4.481,0.951,0
59,66,3.138,63.89,4.505,0.736,0
59,67,3.02,65.37,4.414,0.933,0
59,68,3.138,65.3,4.676,0.958,0
59,69,3.079,64.48,4.623,0.995,0
59,70,3.245,64.87,4.612,0.989,0
59,71,3.111,66.1,4.65,0.977,0
59,72,3.405,61.89,4.63,0.784,0
59,73,3.207,63.55,4.729,0.633,0
59,74,3.016,62.15,4.599,0.728,0
59,75,3.252,63.33,4.481,0.615,0
59,76,3.075,62.7,4.496,0.676,0
59,77,3.363,64.02,4.578,0.783,0
59,78,3.059,66.52,4.509,0.796,0
59,79,3.078,65.76,4.462,0.989,0
59,80,3.254,63.23,4.518,0.616,0
59,81,3.574,64.13,4.53,0.839,0
59,82,3.233,63.36,4.455,0.798,0
59,83,3.297,63.88,4.611,0.742,0
59,84,3.287,65.18,4.528,0.842,0
59,85,3.589,65.19,4.526,0.772,0
59,86,3.332,62.85,4.624,0.767,0
59,87,3.425,66.09,4.291,0.934,0
59,88,3.302,64.4,4.395,0.634,0
59,89,3.303,66.69,4.494,0.99,0
59,90,3.33,65.57,4.653,0.916,0
59,91,3.533,63.98,4.404,0.742,0
59,92,3.566,64.59,4.433,0.854,0
59,93,3.366,64.57,4.34,0.649,0
59,94,3.473,67.7,4.454,0.906,0
59,95,3.571,66.72,4.256,0.844,0
59,96,3.563,65.24,4.486,0.628,0
59,97,3.462,64.88,4.399,0.744,0
59,98,3.719,67.4,4.478,0.899,0
59,99,3.79,64.33,4.457,0.886,0
59,100,3.333,65.61,4.444,0.659,0
59,101,3.825,64.74,4.432,0.945,0
59,102,3.926,66.58,4.371,0.853,0
59,103,3.693,66.09,4.258,0.697,0
59,104,3.934,66.45,4.524,0.907,0
59,105,3.777,65.96,4.266,0.67,0
59,106,3.984,66.64,4.389,0.738,0
59,107,3.672,66.06,4.449,0.856,0
59,108,3.987,68.27,4.552,0.863,0
59,109,3.759,66.22,4.347,0.778,0
59,110,3.966,65.58,4.379,0.751,0
59,111,3.694,66.39,4.347,0.74,0
59,112,3.691,67.11,4.261,0.747,0
59,113,3.898,68.06,4.341,0.639,0
59,114,4.076,66.62,4.259,0.804,0
59,115,4.195,67.93,4.336,0.9,0
59,116,4.27,66.2,4.318,0.75,0
59,117,3.985,68.96,4.342,0.965,0
59,118,4.176,65.84,4.246,0.742,0
59,119,4.17,64.53,4.242,0.618,0
59,120,4.14,68.47,4.256,0.958,0
59,121,4.164,66.61,4.242,0.612,0
59,122,4.1,66.34,4.155,0.879,0
59,123,4.187,66.76,4.381,0.856,0
59,124,4.324,67.94,4.316,0.915,0
59,125,4.325,67.63,4.299,0.896,0
59,126,4.303,65.56,4.152,0.66,0
59,127,4.224,65.85,4.364,0.724,0
59,128,4.625,67.97,4.276,0.61,0
59,129,5.641,66.83,4.084,0.689,0
59,130,4.386,66.67,4.215,0.695,0
59,131,4.459,69.61,4.298,0.999,0
59,132,4.541,67.87,4.108,0.744,0
59,133,4.218,67.64,4.366,0.742,0
59,134,4.32,66.82,4.079,0.693,0
59,135,4.36,67.64,4.139,0.81,0
59,136,6.333,68.5,4.272,0.947,0
59,137,4.604,68.88,4.012,0.816,0
59,138,4.578,67.84,4.211,0.701,0
59,139,4.694,67.82,4.242,0.77,0
59,140,4.677,66.85,4.139,0.649,0
59,141,4.567,68.95,4.046,0.769,0
59,142,4.7,66.6,4.175,0.734,0
59,143,4.58,69.52,4.133,0.826,0
59,144,4.803,69.42,4.199,0.991,0
59,145,4.715,69.35,4.28,0.774,1
59,146,2.076,58.54,4.859,0.702,0
59,147,2.45,58.41,4.98,0.714,0
59,148,2.223,61.21,4.888,0.903,0
59,149,2.23,60.66,5.168,0.947,0
59,150,2.345,59.62,4.796,0.857,0
59,151,2.289,57.84,4.905,0.62,0
59,152,2.245,60.24,4.946,0.884,0
59,153,2.235,56.42,4.791,0.759,0
59,154,2.065,57.62,5.024,0.707,0
59,155,2.353,58.76,4.929,0.799,0
59,156,2.221,57.52,5.039,0.617,0
59,157,2.302,59.64,4.864,0.871,0
59,158,2.147,62.05,4.998,0.961,0
59,159,1.979,57.05,5.013,0.686,0
59,160,1.893,60.41,4.927,0.797,0
59,161,2.155,58.7,4.892,0.755,0
59,162,2.062,59.09,4.777,0.956,0
59,163,2.417,60.2,5.031,0.608,0
59,164,2.287,59.21,4.879,0.882,0
59,165,2.316,58.37,5.004,0.822,0
59,166,2.501,58.28,5.003,0.859,0
59,167,2.501,57.79,4.986,0.614,0
59,168,2.337,61.06,4.943,0.901,0
59,169,2.672,59.08,4.895,0.975,0
59,170,1.986,58.82,4.894,0.638,0
59,171,2.292,60.3,4.718,0.997,0
59,172,2.345,57.77,4.965,0.816,0
59,173,2.244,58.37,4.964,0.832,0
59,174,2.259,59.3,4.996,0.859,0
59,175,2.246,59.93,4.883,0.903,0
59,176,2.441,59.97,5.107,0.901,0
59,177,2.364,56.63,4.885,0.709,0
59,178,1.911,58.99,4.911,0.678,0
59,179,2.399,59.19,4.91,0.831,0
59,180,2.244,57.19,5.01,0.771,0
59,181,2.369,58.7,4.89,0.689,0
59,182,2.154,59.25,4.876,0.796,0
59,183,2.13,59.22,4.743,0.964,0
59,184,2.468,58.21,4.969,0.604,0
59,185,2.148,59.13,4.907,0.741,0
59,186,2.289,59.54,5.016,0.856,0
59,187,2.26,58.39,4.731,0.833,0
59,188,2.344,59.96,5.014,0.732,0
59,189,2.253,58.92,4.951,0.726,0
59,190,2.23,58.2,4.88,0.754,0
59,191,2.219,59.76,5.048,0.838,0
59,192,2.356,59.37,4.762,0.909,0
59,193,2.279,58.31,5.153,0.84,0
59,194,2.309,59.59,5.018,0.901,0
59,195,2.14,58.9,4.764,0.65,0
59,196,2.164,60.18,5.073,0.866,0
59,197,2.326,58.55,4.831,0.953,0
59,198,2.227,57.96,5.01,0.885,0
59,199,2.258,58.0,4.999,0.69,0
59,200,2.139,57.42,5.052,0.649,0
59,201,2.162,58.3,4.849,0.801,0
59,202,2.301,61.23,4.916,0.977,0
59,203,2.401,60.61,4.765,0.774,0
59,204,2.021,58.98,5.008,0.759,0
59,205,2.098,58.09,4.73,0.648,0
59,206,2.264,60.11,4.979,0.796,0
59,207,2.117,59.71,4.731,0.856,0
59,208,1.978,59.03,4.917,0.758,0
59,209,1.92,57.45,4.951,0.612,0
59,210,2.51,58.81,4.787,0.787,0
59,211,2.21,57.74,4.745,0.816,0
59,212,2.107,59.59,4.824,0.94,0
59,213,2.071,60.26,4.979,0.972,0
59,214,2.324,59.0,4.704,0.664,0
59,215,2.449,60.5,4.997,0.964,0
59,216,2.45,59.67,4.895,0.96,0
59,217,2.193,60.97,4.932,0.809,0
59,218,2.25,57.46,4.811,0.648,0
59,219,2.163,57.32,4.89,0.719,0
59,220,2.28,60.11,5.036,0.973,0
59,221,2.418,58.55,4.784,0.7,0
59,222,2.111,60.16,4.882,0.774,0
59,223,2.343,60.34,4.689,0.694,0
59,224,2.283,58.01,4.897,0.718,0
59,225,2.11,57.74,4.932,0.615,0
59,226,2.04,60.49,4.975,0.689,0
59,227,2.318,61.59,4.804,0.746,0
59,228,2.522,59.89,4.976,0.749,0
59,229,2.448,60.86,4.926,0.964,0
59,230,2.313,60.33,5.064,0.715,0
59,231,2.031,60.74,4.856,0.88,0
59,232,2.176,58.5,4.728,0.637,0
59,233,2.471,57.43,4.681,0.621,0
59,234,2.213,62.0,4.894,0.904,0
59,235,2.047,61.03,4.954,0.939,0
59,236,2.33,58.99,4.882,0.806,0
59,237,2.37,58.01,4.981,0.604,0
59,238,2.373,58.92,4.977,0.756,0
59,239,2.4,60.96,4.824,0.892,0
59,240,2.328,60.64,4.749,0.776,0
59,241,1.902,59.71,4.96,0.781,0
59,242,2.367,59.6,4.578,0.639,0
59,243,2.284,58.49,4.883,0.666,0
59,244,2.474,60.82,4.806,0.942,0
59,245,2.196,58.09,4.825,0.867,0
59,246,2.251,61.8,4.728,0.969,0
59,247,2.384,60.58,4.951,0.628,0
59,248,2.232,58.12,4.813,0.609,0
59,249,2.418,60.55,4.88,0.896,0
59,250,2.126,57.9,4.826,0.642,0
59,251,2.508,58.08,4.803,0.715,0
59,252,2.368,62.45,4.911,0.961,0
59,253,2.475,58.69,4.688,0.624,0
59,254,2.449,59.15,4.71,0.71,0
59,255,2.584,61.87,4.803,0.96,0
59,256,2.428,57.8,4.702,0.612,0
59,257,2.511,59.68,4.764,0.734,0
59,258,2.389,61.25,4.731,0.723,0
59,259,2.255,60.65,4.84,0.839,0
59,260,2.213,61.32,4.886,0.956,0
59,261,2.425,60.07,4.76,0.774,0
59,262,2.435,60.42,4.853,0.927,0
59,263,2.19,62.79,4.691,0.891,0
59,264,2.34,59.44,4.812,0.638,0
59,265,2.322,60.52,4.756,0.681,0
59,266,2.483,60.23,4.754,0.724,0
59,267,2.479,61.96,4.668,0.907,0
59,268,2.362,59.63,4.777,0.79,0
59,269,2.176,59.78,4.869,0.716,0
59,270,2.222,61.15,4.8,0.827,0
59,271,2.437,60.68,4.646,0.684,0
59,272,2.597,62.24,4.615,0.929,0
59,273,2.641,61.49,4.933,0.702,0
59,274,2.654,61.78,4.534,0.808,0
59,275,2.271,61.81,4.659,0.717,0
59,276,2.438,60.7,4.879,0.974,0
59,277,2.519,61.22,4.743,0.718,0
59,278,2.621,61.92,4.673,0.983,0
59,279,2.383,62.04,4.871,0.92,0
59,280,2.591,60.49,4.699,0.751,0
59,281,2.401,60.63,4.796,0.877,0
59,282,2.391,61.62,4.763,0.725,0
59,283,2.395,60.71,4.64,0.86,0
59,284,2.686,59.27,4.755,0.745,0
59,285,2.558,61.5,4.719,0.663,0
59,286,2.686,62.22,4.613,0.994,0
59,287,2.546,61.39,4.833,0.869,0
59,288,2.575,62.37,4.564,0.95,0
59,289,2.586,61.56,4.844,0.662,0
59,290,2.702,63.19,4.462,0.882,0
59,291,2.362,60.34,4.622,0.64,0
59,292,2.728,62.29,4.864,0.858,0
59,293,2.729,63.91,4.638,0.822,0
59,294,2.868,62.04,4.673,0.884,0
59,295,2.812,62.92,4.694,0.84,0
59,296,2.879,61.73,4.748,0.686,0
59,297,2.643,63.87,4.952,0.98,0
59,298,2.642,62.82,4.509,0.957,0
59,299,2.78,62.13,4.621,0.835,0
59,300,2.908,62.84,4.597,0.88,0
59,301,2.712,62.93,4.715,0.739,0
59,302,2.497,64.38,4.609,0.978,0
59,303,2.766,60.74,4.668,0.782,0
59,304,2.793,62.38,4.599,0.758,0
59,305,2.63,61.09,4.679,0.715,0
59,306,2.962,61.5,4.576,0.782,0
59,307,2.631,61.44,4.632,0.74,0
59,308,2.453,61.57,4.739,0.693,0
59,309,2.858,61.78,4.653,0.682,0
59,310,2.987,60.68,4.579,0.605,0
59,311,3.07,62.58,4.579,0.927,0
59,312,2.801,62.88,4.792,0.924,0
59,313,2.932,59.16,4.556,0.687,0
59,314,2.955,62.85,4.605,0.838,0
59,315,3.007,61.26,4.65,0.646,0
59,316,3.001,62.9,4.561,0.718,0
59,317,2.641,62.33,4.519,0.791,0
59,318,3.016,64.36,4.701,0.908,0
59,319,2.853,61.6,4.587,0.671,0
59,320,2.947,65.02,4.415,0.974,0
59,321,2.791,61.61,4.53,0.669,0
59,322,3.006,62.59,4.535,0.69,0
59,323,2.718,62.09,4.597,0.874,0
59,324,3.332,63.71,4.736,0.857,0
59,325,3.296,62.25,4.485,0.641,0
59,326,2.938,64.81,4.524,0.988,0
59,327,3.201,63.66,4.551,0.664,0
59,328,3.091,62.65,4.572,0.742,0
59,329,3.054,65.08,4.54,0.954,0
59,330,3.125,64.76,4.667,0.975,0
59,331,3.3,64.32,4.525,0.838,0
59,332,3.111,62.75,4.681,0.833,0
59,333,3.031,64.0,4.666,0.922,0
59,334,3.092,64.2,4.569,0.654,0
59,335,2.944,63.8,4.572,0.991,0
59,336,3.175,65.34,4.421,0.952,0
59,337,3.266,63.75,4.369,0.833,0
59,338,3.472,63.45,4.551,0.845,0
59,339,3.037,64.18,4.607,0.956,0
59,340,3.13,60.77,4.45,0.62,0
59,341,3.144,65.78,4.493,0.955,0
59,342,3.184,66.53,4.499,0.985,0
59,343,3.327,63.89,4.376,0.732,0
59,344,3.092,62.74,4.484,0.706,0
59,345,3.162,65.17,4.445,0.621,0
59,346,3.333,64.59,4.654,0.898,0
59,347,3.189,62.63,4.437,0.748,0
59,348,3.037,62.63,4.514,0.761,0
59,349,3.461,65.11,4.59,0.839,0
59,350,3.434,63.44,4.464,0.626,0
59,351,3.276,63.49,4.53,0.895,0
59,352,3.285,65.55,4.364,0.803,0
59,353,3.438,65.51,4.478,0.838,0
59,354,3.526,65.26,4.301,0.72,0
59,355,3.386,66.34,4.466,0.921,0
59,356,3.506,63.98,4.319,0.867,0
59,357,3.817,67.52,4.345,0.896,0
59,358,3.611,63.97,4.354,0.928,0
59,359,3.475,65.5,4.39,0.644,0
59,360,3.588,65.75,4.313,0.858,0
59,361,3.536,64.76,4.545,0.642,0
59,362,5.792,65.07,4.468,0.894,0
59,363,3.52,64.27,4.323,0.625,0
59,364,3.424,64.46,4.449,0.742,0
